pond_id,pond_name,granule_id,observation_time,observation_date,orbit_direction,layer,zone,geometry_area_m2,pixel_area_m2,sampled_pixels,positive_pixels,positive_ratio,min_db,p10_db,p25_db,median_db,p75_db,p90_db,max_db,mean_db,scene_shift_db,scene_quality_flag
0,Unnamed,NISAR_L2_PR_GCOV_024_003_D_072_4005_DHDH_A_20260626T100219_20260626T100254_P05023_N_F_J_001,2026-06-26T10:02:19.000000Z,2026-06-26,DESCENDING,HHHH,shoreline,15668.030102,100.000000,155,155,1.000000,-21.388516,-17.703983,-16.228654,-14.207223,-11.411957,-8.587637,-1.803533,-13.630479,-1.030264,ok
0,Unnamed,NISAR_L2_PR_GCOV_024_003_D_072_4005_DHDH_A_20260626T100219_20260626T100254_P05023_N_F_J_001,2026-06-26T10:02:19.000000Z,2026-06-26,DESCENDING,HVHV,shoreline,15668.030102,100.000000,155,155,1.000000,-25.617167,-21.724025,-20.151174,-18.388813,-16.406657,-14.763793,-8.553140,-18.109659,-0.380360,ok
0,Unnamed,NISAR_L2_PR_GCOV_024_003_D_072_4005_DHDH_A_20260626T100219_20260626T100254_P05023_N_F_J_001,2026-06-26T10:02:19.000000Z,2026-06-26,DESCENDING,HHHH,whole,15668.030102,100.000000,155,155,1.000000,-21.388516,-17.703983,-16.228654,-14.207223,-11.411957,-8.587637,-1.803533,-13.630479,-1.030264,ok
0,Unnamed,NISAR_L2_PR_GCOV_024_003_D_072_4005_DHDH_A_20260626T100219_20260626T100254_P05023_N_F_J_001,2026-06-26T10:02:19.000000Z,2026-06-26,DESCENDING,HVHV,whole,15668.030102,100.000000,155,155,1.000000,-25.617167,-21.724025,-20.151174,-18.388813,-16.406657,-14.763793,-8.553140,-18.109659,-0.380360,ok
1,Unnamed,NISAR_L2_PR_GCOV_024_003_D_072_4005_DHDH_A_20260626T100219_20260626T100254_P05023_N_F_J_001,2026-06-26T10:02:19.000000Z,2026-06-26,DESCENDING,HHHH,shoreline,14315.224709,100.000000,141,141,1.000000,-22.724798,-18.048566,-16.022116,-13.710947,-9.596755,-6.895251,-3.420051,-12.909924,-1.030264,ok
1,Unnamed,NISAR_L2_PR_GCOV_024_003_D_072_4005_DHDH_A_20260626T100219_20260626T100254_P05023_N_F_J_001,2026-06-26T10:02:19.000000Z,2026-06-26,DESCENDING,HVHV,shoreline,14315.224709,100.000000,141,141,1.000000,-26.475212,-21.884304,-19.879610,-17.641588,-14.430564,-11.340810,-5.423741,-17.041356,-0.380360,ok
1,Unnamed,NISAR_L2_PR_GCOV_024_003_D_072_4005_DHDH_A_20260626T100219_20260626T100254_P05023_N_F_J_001,2026-06-26T10:02:19.000000Z,2026-06-26,DESCENDING,HHHH,whole,14315.224709,100.000000,141,141,1.000000,-22.724798,-18.048566,-16.022116,-13.710947,-9.596755,-6.895251,-3.420051,-12.909924,-1.030264,ok
1,Unnamed,NISAR_L2_PR_GCOV_024_003_D_072_4005_DHDH_A_20260626T100219_20260626T100254_P05023_N_F_J_001,2026-06-26T10:02:19.000000Z,2026-06-26,DESCENDING,HVHV,whole,14315.224709,100.000000,141,141,1.000000,-26.475212,-21.884304,-19.879610,-17.641588,-14.430564,-11.340810,-5.423741,-17.041356,-0.380360,ok
12,Unnamed,NISAR_L2_PR_GCOV_024_003_D_072_4005_DHDH_A_20260626T100219_20260626T100254_P05023_N_F_J_001,2026-06-26T10:02:19.000000Z,2026-06-26,DESCENDING,HHHH,shoreline,6395.508556,100.000000,63,63,1.000000,-19.908966,-15.856702,-14.649807,-12.294569,-8.216796,-4.952731,-2.794546,-11.266066,-1.030264,ok
12,Unnamed,NISAR_L2_PR_GCOV_024_003_D_072_4005_DHDH_A_20260626T100219_20260626T100254_P05023_N_F_J_001,2026-06-26T10:02:19.000000Z,2026-06-26,DESCENDING,HVHV,shoreline,6395.508556,100.000000,63,63,1.000000,-24.945798,-20.506747,-19.072623,-16.649904,-13.295278,-10.676459,-7.807801,-16.056495,-0.380360,ok
12,Unnamed,NISAR_L2_PR_GCOV_024_003_D_072_4005_DHDH_A_20260626T100219_20260626T100254_P05023_N_F_J_001,2026-06-26T10:02:19.000000Z,2026-06-26,DESCENDING,HHHH,whole,6395.508556,100.000000,63,63,1.000000,-19.908966,-15.856702,-14.649807,-12.294569,-8.216796,-4.952731,-2.794546,-11.266066,-1.030264,ok
12,Unnamed,NISAR_L2_PR_GCOV_024_003_D_072_4005_DHDH_A_20260626T100219_20260626T100254_P05023_N_F_J_001,2026-06-26T10:02:19.000000Z,2026-06-26,DESCENDING,HVHV,whole,6395.508556,100.000000,63,63,1.000000,-24.945798,-20.506747,-19.072623,-16.649904,-13.295278,-10.676459,-7.807801,-16.056495,-0.380360,ok
13,Unnamed,NISAR_L2_PR_GCOV_024_003_D_072_4005_DHDH_A_20260626T100219_20260626T100254_P05023_N_F_J_001,2026-06-26T10:02:19.000000Z,2026-06-26,DESCENDING,HHHH,shoreline,18329.633771,100.000000,177,177,1.000000,-22.226403,-17.091765,-15.215111,-10.677349,-4.677566,-1.572923,5.712159,-9.929764,-1.030264,ok
13,Unnamed,NISAR_L2_PR_GCOV_024_003_D_072_4005_DHDH_A_20260626T100219_20260626T100254_P05023_N_F_J_001,2026-06-26T10:02:19.000000Z,2026-06-26,DESCENDING,HVHV,shoreline,18329.633771,100.000000,177,177,1.000000,-27.240307,-21.416850,-19.310524,-14.267768,-9.643813,-5.982737,-0.348215,-14.258837,-0.380360,ok
13,Unnamed,NISAR_L2_PR_GCOV_024_003_D_072_4005_DHDH_A_20260626T100219_20260626T100254_P05023_N_F_J_001,2026-06-26T10:02:19.000000Z,2026-06-26,DESCENDING,HHHH,whole,18329.633771,100.000000,177,177,1.000000,-22.226403,-17.091765,-15.215111,-10.677349,-4.677566,-1.572923,5.712159,-9.929764,-1.030264,ok
13,Unnamed,NISAR_L2_PR_GCOV_024_003_D_072_4005_DHDH_A_20260626T100219_20260626T100254_P05023_N_F_J_001,2026-06-26T10:02:19.000000Z,2026-06-26,DESCENDING,HVHV,whole,18329.633771,100.000000,177,177,1.000000,-27.240307,-21.416850,-19.310524,-14.267768,-9.643813,-5.982737,-0.348215,-14.258837,-0.380360,ok
14,Unnamed,NISAR_L2_PR_GCOV_024_003_D_072_4005_DHDH_A_20260626T100219_20260626T100254_P05023_N_F_J_001,2026-06-26T10:02:19.000000Z,2026-06-26,DESCENDING,HHHH,shoreline,6151.446071,100.000000,63,63,1.000000,-20.399774,-18.242146,-15.926548,-13.422409,-11.064582,-8.773908,-4.931556,-13.302372,-1.030264,ok
14,Unnamed,NISAR_L2_PR_GCOV_024_003_D_072_4005_DHDH_A_20260626T100219_20260626T100254_P05023_N_F_J_001,2026-06-26T10:02:19.000000Z,2026-06-26,DESCENDING,HVHV,shoreline,6151.446071,100.000000,63,63,1.000000,-23.895749,-22.480281,-20.678857,-17.716647,-14.593425,-12.232055,-8.052162,-17.379902,-0.380360,ok
14,Unnamed,NISAR_L2_PR_GCOV_024_003_D_072_4005_DHDH_A_20260626T100219_20260626T100254_P05023_N_F_J_001,2026-06-26T10:02:19.000000Z,2026-06-26,DESCENDING,HHHH,whole,6151.446071,100.000000,63,63,1.000000,-20.399774,-18.242146,-15.926548,-13.422409,-11.064582,-8.773908,-4.931556,-13.302372,-1.030264,ok
14,Unnamed,NISAR_L2_PR_GCOV_024_003_D_072_4005_DHDH_A_20260626T100219_20260626T100254_P05023_N_F_J_001,2026-06-26T10:02:19.000000Z,2026-06-26,DESCENDING,HVHV,whole,6151.446071,100.000000,63,63,1.000000,-23.895749,-22.480281,-20.678857,-17.716647,-14.593425,-12.232055,-8.052162,-17.379902,-0.380360,ok
15,Unnamed,NISAR_L2_PR_GCOV_024_003_D_072_4005_DHDH_A_20260626T100219_20260626T100254_P05023_N_F_J_001,2026-06-26T10:02:19.000000Z,2026-06-26,DESCENDING,HHHH,shoreline,11176.661939,100.000000,112,112,1.000000,-20.252609,-16.753094,-14.964087,-11.469353,-7.659693,-5.512295,-2.140998,-11.342451,-1.030264,ok
15,Unnamed,NISAR_L2_PR_GCOV_024_003_D_072_4005_DHDH_A_20260626T100219_20260626T100254_P05023_N_F_J_001,2026-06-26T10:02:19.000000Z,2026-06-26,DESCENDING,HVHV,shoreline,11176.661939,100.000000,112,112,1.000000,-25.123017,-22.374046,-20.024030,-17.324263,-12.931379,-10.942185,-7.326728,-16.565256,-0.380360,ok
15,Unnamed,NISAR_L2_PR_GCOV_024_003_D_072_4005_DHDH_A_20260626T100219_20260626T100254_P05023_N_F_J_001,2026-06-26T10:02:19.000000Z,2026-06-26,DESCENDING,HHHH,whole,11176.661939,100.000000,112,112,1.000000,-20.252609,-16.753094,-14.964087,-11.469353,-7.659693,-5.512295,-2.140998,-11.342451,-1.030264,ok
15,Unnamed,NISAR_L2_PR_GCOV_024_003_D_072_4005_DHDH_A_20260626T100219_20260626T100254_P05023_N_F_J_001,2026-06-26T10:02:19.000000Z,2026-06-26,DESCENDING,HVHV,whole,11176.661939,100.000000,112,112,1.000000,-25.123017,-22.374046,-20.024030,-17.324263,-12.931379,-10.942185,-7.326728,-16.565256,-0.380360,ok
16,Unnamed,NISAR_L2_PR_GCOV_024_003_D_072_4005_DHDH_A_20260626T100219_20260626T100254_P05023_N_F_J_001,2026-06-26T10:02:19.000000Z,2026-06-26,DESCENDING,HHHH,shoreline,4542.975923,100.000000,45,45,1.000000,-17.961899,-15.667288,-14.632371,-11.992895,-10.073370,-7.994719,-6.586757,-12.245771,-1.030264,ok
16,Unnamed,NISAR_L2_PR_GCOV_024_003_D_072_4005_DHDH_A_20260626T100219_20260626T100254_P05023_N_F_J_001,2026-06-26T10:02:19.000000Z,2026-06-26,DESCENDING,HVHV,shoreline,4542.975923,100.000000,45,45,1.000000,-23.435864,-21.121502,-19.511723,-17.967018,-15.852733,-13.112855,-8.515430,-17.591890,-0.380360,ok
16,Unnamed,NISAR_L2_PR_GCOV_024_003_D_072_4005_DHDH_A_20260626T100219_20260626T100254_P05023_N_F_J_001,2026-06-26T10:02:19.000000Z,2026-06-26,DESCENDING,HHHH,whole,4542.975923,100.000000,45,45,1.000000,-17.961899,-15.667288,-14.632371,-11.992895,-10.073370,-7.994719,-6.586757,-12.245771,-1.030264,ok
16,Unnamed,NISAR_L2_PR_GCOV_024_003_D_072_4005_DHDH_A_20260626T100219_20260626T100254_P05023_N_F_J_001,2026-06-26T10:02:19.000000Z,2026-06-26,DESCENDING,HVHV,whole,4542.975923,100.000000,45,45,1.000000,-23.435864,-21.121502,-19.511723,-17.967018,-15.852733,-13.112855,-8.515430,-17.591890,-0.380360,ok
17,Unnamed,NISAR_L2_PR_GCOV_024_003_D_072_4005_DHDH_A_20260626T100219_20260626T100254_P05023_N_F_J_001,2026-06-26T10:02:19.000000Z,2026-06-26,DESCENDING,HHHH,shoreline,9008.570954,100.000000,90,90,1.000000,-24.846534,-18.302205,-16.553006,-14.768110,-11.118146,-8.687140,-3.603341,-14.023130,-1.030264,ok
17,Unnamed,NISAR_L2_PR_GCOV_024_003_D_072_4005_DHDH_A_20260626T100219_20260626T100254_P05023_N_F_J_001,2026-06-26T10:02:19.000000Z,2026-06-26,DESCENDING,HVHV,shoreline,9008.570954,100.000000,90,90,1.000000,-26.417536,-23.154234,-21.464626,-19.871178,-17.173753,-13.636948,-6.049289,-19.080783,-0.380360,ok
17,Unnamed,NISAR_L2_PR_GCOV_024_003_D_072_4005_DHDH_A_20260626T100219_20260626T100254_P05023_N_F_J_001,2026-06-26T10:02:19.000000Z,2026-06-26,DESCENDING,HHHH,whole,9008.570954,100.000000,90,90,1.000000,-24.846534,-18.302205,-16.553006,-14.768110,-11.118146,-8.687140,-3.603341,-14.023130,-1.030264,ok
17,Unnamed,NISAR_L2_PR_GCOV_024_003_D_072_4005_DHDH_A_20260626T100219_20260626T100254_P05023_N_F_J_001,2026-06-26T10:02:19.000000Z,2026-06-26,DESCENDING,HVHV,whole,9008.570954,100.000000,90,90,1.000000,-26.417536,-23.154234,-21.464626,-19.871178,-17.173753,-13.636948,-6.049289,-19.080783,-0.380360,ok
18,Unnamed,NISAR_L2_PR_GCOV_024_003_D_072_4005_DHDH_A_20260626T100219_20260626T100254_P05023_N_F_J_001,2026-06-26T10:02:19.000000Z,2026-06-26,DESCENDING,HHHH,core,118503.797474,100.000000,1184,1184,1.000000,-25.012396,-18.501007,-17.329927,-16.028003,-14.726346,-13.574990,-10.576295,-16.069947,-1.030264,ok
18,Unnamed,NISAR_L2_PR_GCOV_024_003_D_072_4005_DHDH_A_20260626T100219_20260626T100254_P05023_N_F_J_001,2026-06-26T10:02:19.000000Z,2026-06-26,DESCENDING,HVHV,core,118503.797474,100.000000,1184,1184,1.000000,-26.856940,-22.837058,-21.643990,-20.353279,-19.132787,-17.914499,-14.936278,-20.402868,-0.380360,ok
18,Unnamed,NISAR_L2_PR_GCOV_024_003_D_072_4005_DHDH_A_20260626T100219_20260626T100254_P05023_N_F_J_001,2026-06-26T10:02:19.000000Z,2026-06-26,DESCENDING,HHHH,shoreline,155455.397743,100.000000,1557,1557,1.000000,-23.500468,-17.957111,-16.595949,-14.798889,-12.624112,-8.339142,3.863679,-14.090766,-1.030264,ok
18,Unnamed,NISAR_L2_PR_GCOV_024_003_D_072_4005_DHDH_A_20260626T100219_20260626T100254_P05023_N_F_J_001,2026-06-26T10:02:19.000000Z,2026-06-26,DESCENDING,HVHV,shoreline,155455.397743,100.000000,1557,1557,1.000000,-27.652068,-22.261529,-20.963659,-19.323486,-17.387317,-13.915879,-2.562145,-18.694140,-0.380360,ok
18,Unnamed,NISAR_L2_PR_GCOV_024_003_D_072_4005_DHDH_A_20260626T100219_20260626T100254_P05023_N_F_J_001,2026-06-26T10:02:19.000000Z,2026-06-26,DESCENDING,HHHH,whole,273959.195218,100.000000,2741,2741,1.000000,-25.012396,-18.261237,-16.920114,-15.452084,-13.770732,-11.239304,3.863679,-14.945692,-1.030264,ok
18,Unnamed,NISAR_L2_PR_GCOV_024_003_D_072_4005_DHDH_A_20260626T100219_20260626T100254_P05023_N_F_J_001,2026-06-26T10:02:19.000000Z,2026-06-26,DESCENDING,HVHV,whole,273959.195218,100.000000,2741,2741,1.000000,-27.652068,-22.627343,-21.273099,-19.831635,-18.243650,-16.081520,-2.562145,-19.432241,-0.380360,ok
19,Unnamed,NISAR_L2_PR_GCOV_024_003_D_072_4005_DHDH_A_20260626T100219_20260626T100254_P05023_N_F_J_001,2026-06-26T10:02:19.000000Z,2026-06-26,DESCENDING,HHHH,core,5376.480528,100.000000,55,55,1.000000,-21.532061,-18.343251,-17.549638,-16.439819,-15.276560,-14.086037,-13.408224,-16.477415,-1.030264,ok
19,Unnamed,NISAR_L2_PR_GCOV_024_003_D_072_4005_DHDH_A_20260626T100219_20260626T100254_P05023_N_F_J_001,2026-06-26T10:02:19.000000Z,2026-06-26,DESCENDING,HVHV,core,5376.480528,100.000000,55,55,1.000000,-23.948053,-22.582867,-21.575115,-20.297063,-18.821456,-17.493751,-15.875425,-20.113145,-0.380360,ok
19,Unnamed,NISAR_L2_PR_GCOV_024_003_D_072_4005_DHDH_A_20260626T100219_20260626T100254_P05023_N_F_J_001,2026-06-26T10:02:19.000000Z,2026-06-26,DESCENDING,HHHH,shoreline,82008.590567,100.000000,820,820,1.000000,-23.486465,-17.575416,-16.117465,-14.074748,-10.439245,-5.813162,2.053789,-12.884706,-1.030264,ok
19,Unnamed,NISAR_L2_PR_GCOV_024_003_D_072_4005_DHDH_A_20260626T100219_20260626T100254_P05023_N_F_J_001,2026-06-26T10:02:19.000000Z,2026-06-26,DESCENDING,HVHV,shoreline,82008.590567,100.000000,820,820,1.000000,-27.137160,-21.772541,-20.338268,-18.342530,-15.088169,-10.704724,-1.727411,-17.281009,-0.380360,ok
19,Unnamed,NISAR_L2_PR_GCOV_024_003_D_072_4005_DHDH_A_20260626T100219_20260626T100254_P05023_N_F_J_001,2026-06-26T10:02:19.000000Z,2026-06-26,DESCENDING,HHHH,whole,87385.071095,100.000000,875,875,1.000000,-23.486465,-17.708343,-16.234696,-14.294629,-11.014227,-6.233624,2.053789,-13.110533,-1.030264,ok
19,Unnamed,NISAR_L2_PR_GCOV_024_003_D_072_4005_DHDH_A_20260626T100219_20260626T100254_P05023_N_F_J_001,2026-06-26T10:02:19.000000Z,2026-06-26,DESCENDING,HVHV,whole,87385.071095,100.000000,875,875,1.000000,-27.137160,-21.830754,-20.413134,-18.536890,-15.322591,-10.828932,-1.727411,-17.459029,-0.380360,ok
2,Unnamed,NISAR_L2_PR_GCOV_024_003_D_072_4005_DHDH_A_20260626T100219_20260626T100254_P05023_N_F_J_001,2026-06-26T10:02:19.000000Z,2026-06-26,DESCENDING,HHHH,core,3277.550963,100.000000,32,32,1.000000,-21.700877,-19.108252,-17.628784,-16.385994,-15.646172,-15.079645,-13.596159,-16.713469,-1.030264,ok
2,Unnamed,NISAR_L2_PR_GCOV_024_003_D_072_4005_DHDH_A_20260626T100219_20260626T100254_P05023_N_F_J_001,2026-06-26T10:02:19.000000Z,2026-06-26,DESCENDING,HVHV,core,3277.550963,100.000000,32,32,1.000000,-25.170773,-24.386200,-23.885431,-21.934166,-19.912506,-19.040091,-17.815571,-21.813476,-0.380360,ok
2,Unnamed,NISAR_L2_PR_GCOV_024_003_D_072_4005_DHDH_A_20260626T100219_20260626T100254_P05023_N_F_J_001,2026-06-26T10:02:19.000000Z,2026-06-26,DESCENDING,HHHH,shoreline,30352.017361,100.000000,299,299,1.000000,-22.198528,-18.942599,-17.625800,-16.288358,-15.058714,-13.737006,-3.175873,-16.223061,-1.030264,ok
2,Unnamed,NISAR_L2_PR_GCOV_024_003_D_072_4005_DHDH_A_20260626T100219_20260626T100254_P05023_N_F_J_001,2026-06-26T10:02:19.000000Z,2026-06-26,DESCENDING,HVHV,shoreline,30352.017361,100.000000,299,299,1.000000,-26.476822,-23.917915,-22.502359,-21.202089,-19.886417,-18.521248,-9.290561,-21.061555,-0.380360,ok
2,Unnamed,NISAR_L2_PR_GCOV_024_003_D_072_4005_DHDH_A_20260626T100219_20260626T100254_P05023_N_F_J_001,2026-06-26T10:02:19.000000Z,2026-06-26,DESCENDING,HHHH,whole,33629.568324,100.000000,331,331,1.000000,-22.198528,-18.968340,-17.625800,-16.297134,-15.130521,-13.762352,-3.175873,-16.270472,-1.030264,ok
2,Unnamed,NISAR_L2_PR_GCOV_024_003_D_072_4005_DHDH_A_20260626T100219_20260626T100254_P05023_N_F_J_001,2026-06-26T10:02:19.000000Z,2026-06-26,DESCENDING,HVHV,whole,33629.568324,100.000000,331,331,1.000000,-26.476822,-24.082201,-22.637764,-21.222793,-19.903646,-18.536927,-9.290561,-21.134248,-0.380360,ok
20,Unnamed,NISAR_L2_PR_GCOV_024_003_D_072_4005_DHDH_A_20260626T100219_20260626T100254_P05023_N_F_J_001,2026-06-26T10:02:19.000000Z,2026-06-26,DESCENDING,HHHH,core,2083.796132,100.000000,21,21,1.000000,-19.928733,-17.706743,-17.146362,-16.132260,-15.650965,-15.330904,-14.441722,-16.400740,-1.030264,ok
20,Unnamed,NISAR_L2_PR_GCOV_024_003_D_072_4005_DHDH_A_20260626T100219_20260626T100254_P05023_N_F_J_001,2026-06-26T10:02:19.000000Z,2026-06-26,DESCENDING,HVHV,core,2083.796132,100.000000,21,21,1.000000,-23.290709,-23.072091,-22.685755,-20.662911,-19.490585,-18.505547,-17.763290,-20.761520,-0.380360,ok
20,Unnamed,NISAR_L2_PR_GCOV_024_003_D_072_4005_DHDH_A_20260626T100219_20260626T100254_P05023_N_F_J_001,2026-06-26T10:02:19.000000Z,2026-06-26,DESCENDING,HHHH,shoreline,47295.150140,100.000000,474,474,1.000000,-22.956128,-18.521155,-16.852787,-15.302922,-13.489138,-10.413320,2.062370,-14.719822,-1.030264,ok
20,Unnamed,NISAR_L2_PR_GCOV_024_003_D_072_4005_DHDH_A_20260626T100219_20260626T100254_P05023_N_F_J_001,2026-06-26T10:02:19.000000Z,2026-06-26,DESCENDING,HVHV,shoreline,47295.150140,100.000000,474,474,1.000000,-25.551752,-22.545706,-21.079840,-19.687827,-17.858733,-15.252323,-3.869820,-19.057001,-0.380360,ok
20,Unnamed,NISAR_L2_PR_GCOV_024_003_D_072_4005_DHDH_A_20260626T100219_20260626T100254_P05023_N_F_J_001,2026-06-26T10:02:19.000000Z,2026-06-26,DESCENDING,HHHH,whole,49378.946273,100.000000,495,495,1.000000,-22.956128,-18.467504,-16.857042,-15.416152,-13.622553,-10.647852,2.062370,-14.791133,-1.030264,ok
20,Unnamed,NISAR_L2_PR_GCOV_024_003_D_072_4005_DHDH_A_20260626T100219_20260626T100254_P05023_N_F_J_001,2026-06-26T10:02:19.000000Z,2026-06-26,DESCENDING,HVHV,whole,49378.946273,100.000000,495,495,1.000000,-25.551752,-22.719936,-21.142194,-19.738951,-17.963355,-15.408760,-3.869820,-19.129314,-0.380360,ok
21,Unnamed,NISAR_L2_PR_GCOV_024_003_D_072_4005_DHDH_A_20260626T100219_20260626T100254_P05023_N_F_J_001,2026-06-26T10:02:19.000000Z,2026-06-26,DESCENDING,HHHH,core,2786.707526,100.000000,27,27,1.000000,-20.203448,-19.388744,-17.899241,-16.186741,-14.268765,-11.208069,-2.956297,-15.425085,-1.030264,ok
21,Unnamed,NISAR_L2_PR_GCOV_024_003_D_072_4005_DHDH_A_20260626T100219_20260626T100254_P05023_N_F_J_001,2026-06-26T10:02:19.000000Z,2026-06-26,DESCENDING,HVHV,core,2786.707526,100.000000,27,27,1.000000,-23.734004,-23.351575,-22.174869,-20.743135,-18.232361,-15.590283,-7.947378,-19.748563,-0.380360,ok
21,Unnamed,NISAR_L2_PR_GCOV_024_003_D_072_4005_DHDH_A_20260626T100219_20260626T100254_P05023_N_F_J_001,2026-06-26T10:02:19.000000Z,2026-06-26,DESCENDING,HHHH,shoreline,71791.547537,100.000000,716,716,1.000000,-22.407555,-18.190219,-16.807077,-14.884892,-10.984119,-7.035442,2.911946,-13.675803,-1.030264,ok
21,Unnamed,NISAR_L2_PR_GCOV_024_003_D_072_4005_DHDH_A_20260626T100219_20260626T100254_P05023_N_F_J_001,2026-06-26T10:02:19.000000Z,2026-06-26,DESCENDING,HVHV,shoreline,71791.547537,100.000000,716,716,1.000000,-27.876713,-22.646499,-20.934382,-19.144133,-15.838480,-12.368189,-3.801264,-18.219978,-0.380360,ok
21,Unnamed,NISAR_L2_PR_GCOV_024_003_D_072_4005_DHDH_A_20260626T100219_20260626T100254_P05023_N_F_J_001,2026-06-26T10:02:19.000000Z,2026-06-26,DESCENDING,HHHH,whole,74578.255063,100.000000,743,743,1.000000,-22.407555,-18.200928,-16.888541,-14.956070,-11.073427,-7.061046,2.911946,-13.739370,-1.030264,ok
21,Unnamed,NISAR_L2_PR_GCOV_024_003_D_072_4005_DHDH_A_20260626T100219_20260626T100254_P05023_N_F_J_001,2026-06-26T10:02:19.000000Z,2026-06-26,DESCENDING,HVHV,whole,74578.255063,100.000000,743,743,1.000000,-27.876713,-22.677924,-20.987282,-19.203759,-15.866984,-12.432925,-3.801264,-18.275526,-0.380360,ok
22,Unnamed,NISAR_L2_PR_GCOV_024_003_D_072_4005_DHDH_A_20260626T100219_20260626T100254_P05023_N_F_J_001,2026-06-26T10:02:19.000000Z,2026-06-26,DESCENDING,HHHH,core,7912.597630,100.000000,78,78,1.000000,-21.048111,-18.550541,-17.825558,-16.662301,-15.720757,-14.547857,-13.473393,-16.666586,-1.030264,ok
22,Unnamed,NISAR_L2_PR_GCOV_024_003_D_072_4005_DHDH_A_20260626T100219_20260626T100254_P05023_N_F_J_001,2026-06-26T10:02:19.000000Z,2026-06-26,DESCENDING,HVHV,core,7912.597630,100.000000,78,78,1.000000,-24.985961,-23.394230,-22.484014,-21.478016,-20.416017,-19.322830,-17.165027,-21.359808,-0.380360,ok
22,Unnamed,NISAR_L2_PR_GCOV_024_003_D_072_4005_DHDH_A_20260626T100219_20260626T100254_P05023_N_F_J_001,2026-06-26T10:02:19.000000Z,2026-06-26,DESCENDING,HHHH,shoreline,41207.491649,100.000000,409,409,1.000000,-22.227354,-19.041001,-17.805814,-16.444657,-15.023822,-13.269764,-1.961200,-16.138981,-1.030264,ok
22,Unnamed,NISAR_L2_PR_GCOV_024_003_D_072_4005_DHDH_A_20260626T100219_20260626T100254_P05023_N_F_J_001,2026-06-26T10:02:19.000000Z,2026-06-26,DESCENDING,HVHV,shoreline,41207.491649,100.000000,409,409,1.000000,-26.870141,-23.631861,-22.406384,-21.025499,-19.587706,-17.914854,-8.329269,-20.767498,-0.380360,ok
22,Unnamed,NISAR_L2_PR_GCOV_024_003_D_072_4005_DHDH_A_20260626T100219_20260626T100254_P05023_N_F_J_001,2026-06-26T10:02:19.000000Z,2026-06-26,DESCENDING,HHHH,whole,49120.089278,100.000000,487,487,1.000000,-22.227354,-18.976014,-17.817325,-16.493196,-15.120537,-13.445802,-1.961200,-16.223485,-1.030264,ok
22,Unnamed,NISAR_L2_PR_GCOV_024_003_D_072_4005_DHDH_A_20260626T100219_20260626T100254_P05023_N_F_J_001,2026-06-26T10:02:19.000000Z,2026-06-26,DESCENDING,HVHV,whole,49120.089278,100.000000,487,487,1.000000,-26.870141,-23.611726,-22.416872,-21.090362,-19.688911,-18.097706,-8.329269,-20.862365,-0.380360,ok
23,Unnamed,NISAR_L2_PR_GCOV_024_003_D_072_4005_DHDH_A_20260626T100219_20260626T100254_P05023_N_F_J_001,2026-06-26T10:02:19.000000Z,2026-06-26,DESCENDING,HHHH,core,3617.292935,100.000000,35,35,1.000000,-21.169843,-19.602487,-18.297391,-17.075187,-16.367712,-15.240738,-13.335662,-17.339613,-1.030264,ok
23,Unnamed,NISAR_L2_PR_GCOV_024_003_D_072_4005_DHDH_A_20260626T100219_20260626T100254_P05023_N_F_J_001,2026-06-26T10:02:19.000000Z,2026-06-26,DESCENDING,HVHV,core,3617.292935,100.000000,35,35,1.000000,-25.992480,-23.791376,-23.186932,-21.645738,-21.133257,-19.725557,-18.264152,-21.976326,-0.380360,ok
23,Unnamed,NISAR_L2_PR_GCOV_024_003_D_072_4005_DHDH_A_20260626T100219_20260626T100254_P05023_N_F_J_001,2026-06-26T10:02:19.000000Z,2026-06-26,DESCENDING,HHHH,shoreline,61852.370253,100.000000,624,624,1.000000,-23.174859,-19.607704,-18.347878,-16.901126,-15.364352,-13.538620,-3.780642,-16.623979,-1.030264,ok
23,Unnamed,NISAR_L2_PR_GCOV_024_003_D_072_4005_DHDH_A_20260626T100219_20260626T100254_P05023_N_F_J_001,2026-06-26T10:02:19.000000Z,2026-06-26,DESCENDING,HVHV,shoreline,61852.370253,100.000000,624,624,1.000000,-26.902496,-23.444911,-22.074382,-20.788278,-19.295037,-17.692456,-9.081625,-20.595336,-0.380360,ok
23,Unnamed,NISAR_L2_PR_GCOV_024_003_D_072_4005_DHDH_A_20260626T100219_20260626T100254_P05023_N_F_J_001,2026-06-26T10:02:19.000000Z,2026-06-26,DESCENDING,HHHH,whole,65469.663188,100.000000,659,659,1.000000,-23.174859,-19.613389,-18.345605,-16.909275,-15.379693,-13.606295,-3.780642,-16.661987,-1.030264,ok
23,Unnamed,NISAR_L2_PR_GCOV_024_003_D_072_4005_DHDH_A_20260626T100219_20260626T100254_P05023_N_F_J_001,2026-06-26T10:02:19.000000Z,2026-06-26,DESCENDING,HVHV,whole,65469.663188,100.000000,659,659,1.000000,-26.902496,-23.493176,-22.133861,-20.876761,-19.324706,-17.789839,-9.081625,-20.668682,-0.380360,ok
24,Unnamed,NISAR_L2_PR_GCOV_024_003_D_072_4005_DHDH_A_20260626T100219_20260626T100254_P05023_N_F_J_001,2026-06-26T10:02:19.000000Z,2026-06-26,DESCENDING,HHHH,shoreline,11788.240185,100.000000,122,122,1.000000,-20.753283,-17.307550,-15.757730,-12.310183,-7.838990,-4.794421,1.926309,-11.612334,-1.030264,ok
24,Unnamed,NISAR_L2_PR_GCOV_024_003_D_072_4005_DHDH_A_20260626T100219_20260626T100254_P05023_N_F_J_001,2026-06-26T10:02:19.000000Z,2026-06-26,DESCENDING,HVHV,shoreline,11788.240185,100.000000,122,122,1.000000,-28.997793,-20.751241,-19.508482,-16.939660,-12.549939,-10.261911,-5.627180,-16.086567,-0.380360,ok
24,Unnamed,NISAR_L2_PR_GCOV_024_003_D_072_4005_DHDH_A_20260626T100219_20260626T100254_P05023_N_F_J_001,2026-06-26T10:02:19.000000Z,2026-06-26,DESCENDING,HHHH,whole,11788.240185,100.000000,122,122,1.000000,-20.753283,-17.307550,-15.757730,-12.310183,-7.838990,-4.794421,1.926309,-11.612334,-1.030264,ok
24,Unnamed,NISAR_L2_PR_GCOV_024_003_D_072_4005_DHDH_A_20260626T100219_20260626T100254_P05023_N_F_J_001,2026-06-26T10:02:19.000000Z,2026-06-26,DESCENDING,HVHV,whole,11788.240185,100.000000,122,122,1.000000,-28.997793,-20.751241,-19.508482,-16.939660,-12.549939,-10.261911,-5.627180,-16.086567,-0.380360,ok
25,Unnamed,NISAR_L2_PR_GCOV_024_003_D_072_4005_DHDH_A_20260626T100219_20260626T100254_P05023_N_F_J_001,2026-06-26T10:02:19.000000Z,2026-06-26,DESCENDING,HHHH,shoreline,30021.819698,100.000000,299,299,1.000000,-24.082565,-18.465445,-16.755513,-15.195989,-13.154706,-9.663698,-2.951653,-14.596504,-1.030264,ok
25,Unnamed,NISAR_L2_PR_GCOV_024_003_D_072_4005_DHDH_A_20260626T100219_20260626T100254_P05023_N_F_J_001,2026-06-26T10:02:19.000000Z,2026-06-26,DESCENDING,HVHV,shoreline,30021.819698,100.000000,299,299,1.000000,-27.173127,-23.286630,-21.614541,-19.934593,-17.818801,-14.522285,-7.831919,-19.445916,-0.380360,ok
25,Unnamed,NISAR_L2_PR_GCOV_024_003_D_072_4005_DHDH_A_20260626T100219_20260626T100254_P05023_N_F_J_001,2026-06-26T10:02:19.000000Z,2026-06-26,DESCENDING,HHHH,whole,30021.819698,100.000000,299,299,1.000000,-24.082565,-18.465445,-16.755513,-15.195989,-13.154706,-9.663698,-2.951653,-14.596504,-1.030264,ok
25,Unnamed,NISAR_L2_PR_GCOV_024_003_D_072_4005_DHDH_A_20260626T100219_20260626T100254_P05023_N_F_J_001,2026-06-26T10:02:19.000000Z,2026-06-26,DESCENDING,HVHV,whole,30021.819698,100.000000,299,299,1.000000,-27.173127,-23.286630,-21.614541,-19.934593,-17.818801,-14.522285,-7.831919,-19.445916,-0.380360,ok
26,Unnamed,NISAR_L2_PR_GCOV_024_003_D_072_4005_DHDH_A_20260626T100219_20260626T100254_P05023_N_F_J_001,2026-06-26T10:02:19.000000Z,2026-06-26,DESCENDING,HHHH,shoreline,14439.595936,100.000000,144,144,1.000000,-21.048704,-17.521400,-15.784849,-13.906462,-10.566578,-6.212357,0.436124,-12.888433,-1.030264,ok
26,Unnamed,NISAR_L2_PR_GCOV_024_003_D_072_4005_DHDH_A_20260626T100219_20260626T100254_P05023_N_F_J_001,2026-06-26T10:02:19.000000Z,2026-06-26,DESCENDING,HVHV,shoreline,14439.595936,100.000000,144,144,1.000000,-24.774363,-21.679138,-20.334782,-18.478140,-14.378727,-10.234154,-3.995317,-17.165896,-0.380360,ok
26,Unnamed,NISAR_L2_PR_GCOV_024_003_D_072_4005_DHDH_A_20260626T100219_20260626T100254_P05023_N_F_J_001,2026-06-26T10:02:19.000000Z,2026-06-26,DESCENDING,HHHH,whole,14439.595936,100.000000,144,144,1.000000,-21.048704,-17.521400,-15.784849,-13.906462,-10.566578,-6.212357,0.436124,-12.888433,-1.030264,ok
26,Unnamed,NISAR_L2_PR_GCOV_024_003_D_072_4005_DHDH_A_20260626T100219_20260626T100254_P05023_N_F_J_001,2026-06-26T10:02:19.000000Z,2026-06-26,DESCENDING,HVHV,whole,14439.595936,100.000000,144,144,1.000000,-24.774363,-21.679138,-20.334782,-18.478140,-14.378727,-10.234154,-3.995317,-17.165896,-0.380360,ok
27,Unnamed,NISAR_L2_PR_GCOV_024_003_D_072_4005_DHDH_A_20260626T100219_20260626T100254_P05023_N_F_J_001,2026-06-26T10:02:19.000000Z,2026-06-26,DESCENDING,HHHH,core,4488.032286,100.000000,46,46,1.000000,-20.956877,-18.952846,-17.371352,-16.369957,-15.263543,-14.243014,-12.912934,-16.527205,-1.030264,ok
27,Unnamed,NISAR_L2_PR_GCOV_024_003_D_072_4005_DHDH_A_20260626T100219_20260626T100254_P05023_N_F_J_001,2026-06-26T10:02:19.000000Z,2026-06-26,DESCENDING,HVHV,core,4488.032286,100.000000,46,46,1.000000,-27.328402,-23.229615,-21.965052,-21.388264,-20.579991,-19.621053,-18.307518,-21.508531,-0.380360,ok
27,Unnamed,NISAR_L2_PR_GCOV_024_003_D_072_4005_DHDH_A_20260626T100219_20260626T100254_P05023_N_F_J_001,2026-06-26T10:02:19.000000Z,2026-06-26,DESCENDING,HHHH,shoreline,34066.736745,100.000000,345,345,1.000000,-22.895705,-18.122231,-16.812379,-15.256978,-11.822231,-7.617257,-1.232148,-13.996238,-1.030264,ok
27,Unnamed,NISAR_L2_PR_GCOV_024_003_D_072_4005_DHDH_A_20260626T100219_20260626T100254_P05023_N_F_J_001,2026-06-26T10:02:19.000000Z,2026-06-26,DESCENDING,HVHV,shoreline,34066.736745,100.000000,345,345,1.000000,-26.224265,-23.467550,-21.914329,-19.945623,-17.425726,-13.041901,-6.837361,-19.130583,-0.380360,ok
27,Unnamed,NISAR_L2_PR_GCOV_024_003_D_072_4005_DHDH_A_20260626T100219_20260626T100254_P05023_N_F_J_001,2026-06-26T10:02:19.000000Z,2026-06-26,DESCENDING,HHHH,whole,38554.769032,100.000000,391,391,1.000000,-22.895705,-18.253162,-16.957146,-15.404240,-12.736487,-8.094740,-1.232148,-14.293999,-1.030264,ok
27,Unnamed,NISAR_L2_PR_GCOV_024_003_D_072_4005_DHDH_A_20260626T100219_20260626T100254_P05023_N_F_J_001,2026-06-26T10:02:19.000000Z,2026-06-26,DESCENDING,HVHV,whole,38554.769032,100.000000,391,391,1.000000,-27.328402,-23.497455,-21.940960,-20.314060,-17.786646,-13.867680,-6.837361,-19.410342,-0.380360,ok
28,Unnamed,NISAR_L2_PR_GCOV_024_003_D_072_4005_DHDH_A_20260626T100219_20260626T100254_P05023_N_F_J_001,2026-06-26T10:02:19.000000Z,2026-06-26,DESCENDING,HHHH,shoreline,6322.670708,100.000000,64,64,1.000000,-19.127881,-15.559016,-13.972293,-10.655407,-8.234362,-6.318989,-0.717959,-10.891150,-1.030264,ok
28,Unnamed,NISAR_L2_PR_GCOV_024_003_D_072_4005_DHDH_A_20260626T100219_20260626T100254_P05023_N_F_J_001,2026-06-26T10:02:19.000000Z,2026-06-26,DESCENDING,HVHV,shoreline,6322.670708,100.000000,64,64,1.000000,-23.500410,-19.713418,-18.207216,-15.490899,-13.397348,-11.032478,-7.902225,-15.624499,-0.380360,ok
28,Unnamed,NISAR_L2_PR_GCOV_024_003_D_072_4005_DHDH_A_20260626T100219_20260626T100254_P05023_N_F_J_001,2026-06-26T10:02:19.000000Z,2026-06-26,DESCENDING,HHHH,whole,6322.670708,100.000000,64,64,1.000000,-19.127881,-15.559016,-13.972293,-10.655407,-8.234362,-6.318989,-0.717959,-10.891150,-1.030264,ok
28,Unnamed,NISAR_L2_PR_GCOV_024_003_D_072_4005_DHDH_A_20260626T100219_20260626T100254_P05023_N_F_J_001,2026-06-26T10:02:19.000000Z,2026-06-26,DESCENDING,HVHV,whole,6322.670708,100.000000,64,64,1.000000,-23.500410,-19.713418,-18.207216,-15.490899,-13.397348,-11.032478,-7.902225,-15.624499,-0.380360,ok
29,Unnamed,NISAR_L2_PR_GCOV_024_003_D_072_4005_DHDH_A_20260626T100219_20260626T100254_P05023_N_F_J_001,2026-06-26T10:02:19.000000Z,2026-06-26,DESCENDING,HHHH,shoreline,11156.619258,100.000000,110,110,1.000000,-20.642033,-16.461865,-15.350068,-13.484170,-10.167467,-7.045193,-2.094541,-12.475989,-1.030264,ok
29,Unnamed,NISAR_L2_PR_GCOV_024_003_D_072_4005_DHDH_A_20260626T100219_20260626T100254_P05023_N_F_J_001,2026-06-26T10:02:19.000000Z,2026-06-26,DESCENDING,HVHV,shoreline,11156.619258,100.000000,110,110,1.000000,-24.023099,-21.629552,-20.525016,-18.431555,-14.223988,-11.024110,-5.596299,-17.347382,-0.380360,ok
29,Unnamed,NISAR_L2_PR_GCOV_024_003_D_072_4005_DHDH_A_20260626T100219_20260626T100254_P05023_N_F_J_001,2026-06-26T10:02:19.000000Z,2026-06-26,DESCENDING,HHHH,whole,11156.619258,100.000000,110,110,1.000000,-20.642033,-16.461865,-15.350068,-13.484170,-10.167467,-7.045193,-2.094541,-12.475989,-1.030264,ok
29,Unnamed,NISAR_L2_PR_GCOV_024_003_D_072_4005_DHDH_A_20260626T100219_20260626T100254_P05023_N_F_J_001,2026-06-26T10:02:19.000000Z,2026-06-26,DESCENDING,HVHV,whole,11156.619258,100.000000,110,110,1.000000,-24.023099,-21.629552,-20.525016,-18.431555,-14.223988,-11.024110,-5.596299,-17.347382,-0.380360,ok
3,Unnamed,NISAR_L2_PR_GCOV_024_003_D_072_4005_DHDH_A_20260626T100219_20260626T100254_P05023_N_F_J_001,2026-06-26T10:02:19.000000Z,2026-06-26,DESCENDING,HHHH,shoreline,11434.168985,100.000000,113,113,1.000000,-20.898355,-17.803417,-16.043631,-14.401482,-10.882682,-7.427896,-3.397135,-13.387456,-1.030264,ok
3,Unnamed,NISAR_L2_PR_GCOV_024_003_D_072_4005_DHDH_A_20260626T100219_20260626T100254_P05023_N_F_J_001,2026-06-26T10:02:19.000000Z,2026-06-26,DESCENDING,HVHV,shoreline,11434.168985,100.000000,113,113,1.000000,-24.727714,-21.090772,-19.802498,-18.715502,-15.796790,-12.500700,-5.983385,-17.551119,-0.380360,ok
3,Unnamed,NISAR_L2_PR_GCOV_024_003_D_072_4005_DHDH_A_20260626T100219_20260626T100254_P05023_N_F_J_001,2026-06-26T10:02:19.000000Z,2026-06-26,DESCENDING,HHHH,whole,11434.168985,100.000000,113,113,1.000000,-20.898355,-17.803417,-16.043631,-14.401482,-10.882682,-7.427896,-3.397135,-13.387456,-1.030264,ok
3,Unnamed,NISAR_L2_PR_GCOV_024_003_D_072_4005_DHDH_A_20260626T100219_20260626T100254_P05023_N_F_J_001,2026-06-26T10:02:19.000000Z,2026-06-26,DESCENDING,HVHV,whole,11434.168985,100.000000,113,113,1.000000,-24.727714,-21.090772,-19.802498,-18.715502,-15.796790,-12.500700,-5.983385,-17.551119,-0.380360,ok
30,Unnamed,NISAR_L2_PR_GCOV_024_003_D_072_4005_DHDH_A_20260626T100219_20260626T100254_P05023_N_F_J_001,2026-06-26T10:02:19.000000Z,2026-06-26,DESCENDING,HHHH,shoreline,24517.632812,100.000000,241,241,1.000000,-22.847416,-18.944766,-17.385389,-15.438878,-12.648508,-7.881324,1.550974,-14.494887,-1.030264,ok
30,Unnamed,NISAR_L2_PR_GCOV_024_003_D_072_4005_DHDH_A_20260626T100219_20260626T100254_P05023_N_F_J_001,2026-06-26T10:02:19.000000Z,2026-06-26,DESCENDING,HVHV,shoreline,24517.632812,100.000000,241,241,1.000000,-25.509251,-23.000169,-21.811179,-19.752231,-16.878737,-12.636331,-6.418351,-18.831801,-0.380360,ok
30,Unnamed,NISAR_L2_PR_GCOV_024_003_D_072_4005_DHDH_A_20260626T100219_20260626T100254_P05023_N_F_J_001,2026-06-26T10:02:19.000000Z,2026-06-26,DESCENDING,HHHH,whole,24517.632812,100.000000,241,241,1.000000,-22.847416,-18.944766,-17.385389,-15.438878,-12.648508,-7.881324,1.550974,-14.494887,-1.030264,ok
30,Unnamed,NISAR_L2_PR_GCOV_024_003_D_072_4005_DHDH_A_20260626T100219_20260626T100254_P05023_N_F_J_001,2026-06-26T10:02:19.000000Z,2026-06-26,DESCENDING,HVHV,whole,24517.632812,100.000000,241,241,1.000000,-25.509251,-23.000169,-21.811179,-19.752231,-16.878737,-12.636331,-6.418351,-18.831801,-0.380360,ok
31,Unnamed,NISAR_L2_PR_GCOV_024_003_D_072_4005_DHDH_A_20260626T100219_20260626T100254_P05023_N_F_J_001,2026-06-26T10:02:19.000000Z,2026-06-26,DESCENDING,HHHH,core,1481.449039,100.000000,16,16,1.000000,-18.832616,-17.771230,-17.146285,-16.164315,-15.557310,-14.660515,-14.141863,-16.271264,-1.030264,ok
31,Unnamed,NISAR_L2_PR_GCOV_024_003_D_072_4005_DHDH_A_20260626T100219_20260626T100254_P05023_N_F_J_001,2026-06-26T10:02:19.000000Z,2026-06-26,DESCENDING,HVHV,core,1481.449039,100.000000,16,16,1.000000,-26.722890,-24.592606,-23.281674,-21.973512,-20.895861,-19.689010,-19.348189,-22.217161,-0.380360,ok
31,Unnamed,NISAR_L2_PR_GCOV_024_003_D_072_4005_DHDH_A_20260626T100219_20260626T100254_P05023_N_F_J_001,2026-06-26T10:02:19.000000Z,2026-06-26,DESCENDING,HHHH,shoreline,17270.036923,100.000000,174,174,1.000000,-21.152021,-18.843782,-17.742598,-16.201332,-14.255241,-11.916476,-3.624625,-15.565954,-1.030264,ok
31,Unnamed,NISAR_L2_PR_GCOV_024_003_D_072_4005_DHDH_A_20260626T100219_20260626T100254_P05023_N_F_J_001,2026-06-26T10:02:19.000000Z,2026-06-26,DESCENDING,HVHV,shoreline,17270.036923,100.000000,174,174,1.000000,-24.688298,-23.064252,-21.407129,-20.175682,-18.617980,-16.534177,-9.468522,-19.806714,-0.380360,ok
31,Unnamed,NISAR_L2_PR_GCOV_024_003_D_072_4005_DHDH_A_20260626T100219_20260626T100254_P05023_N_F_J_001,2026-06-26T10:02:19.000000Z,2026-06-26,DESCENDING,HHHH,whole,18751.485962,100.000000,190,190,1.000000,-21.152021,-18.784481,-17.660776,-16.183588,-14.523323,-12.126665,-3.624625,-15.625349,-1.030264,ok
31,Unnamed,NISAR_L2_PR_GCOV_024_003_D_072_4005_DHDH_A_20260626T100219_20260626T100254_P05023_N_F_J_001,2026-06-26T10:02:19.000000Z,2026-06-26,DESCENDING,HVHV,whole,18751.485962,100.000000,190,190,1.000000,-26.722890,-23.359248,-21.614279,-20.286144,-18.781748,-16.611454,-9.468522,-20.009699,-0.380360,ok
32,Unnamed,NISAR_L2_PR_GCOV_024_003_D_072_4005_DHDH_A_20260626T100219_20260626T100254_P05023_N_F_J_001,2026-06-26T10:02:19.000000Z,2026-06-26,DESCENDING,HHHH,core,3445.772556,100.000000,33,33,1.000000,-19.046858,-18.460154,-17.324178,-15.632745,-13.405365,-12.426327,-11.647538,-15.441094,-1.030264,ok
32,Unnamed,NISAR_L2_PR_GCOV_024_003_D_072_4005_DHDH_A_20260626T100219_20260626T100254_P05023_N_F_J_001,2026-06-26T10:02:19.000000Z,2026-06-26,DESCENDING,HVHV,core,3445.772556,100.000000,33,33,1.000000,-25.764673,-23.515063,-22.659554,-21.328420,-19.671805,-18.921112,-17.117315,-21.230237,-0.380360,ok
32,Unnamed,NISAR_L2_PR_GCOV_024_003_D_072_4005_DHDH_A_20260626T100219_20260626T100254_P05023_N_F_J_001,2026-06-26T10:02:19.000000Z,2026-06-26,DESCENDING,HHHH,shoreline,32863.807375,100.000000,333,333,1.000000,-22.230641,-17.829460,-16.380921,-14.672935,-12.125578,-7.164508,0.642994,-13.715180,-1.030264,ok
32,Unnamed,NISAR_L2_PR_GCOV_024_003_D_072_4005_DHDH_A_20260626T100219_20260626T100254_P05023_N_F_J_001,2026-06-26T10:02:19.000000Z,2026-06-26,DESCENDING,HVHV,shoreline,32863.807375,100.000000,333,333,1.000000,-26.572583,-22.784711,-21.181551,-19.530502,-16.851771,-11.593253,-5.735536,-18.487746,-0.380360,ok
32,Unnamed,NISAR_L2_PR_GCOV_024_003_D_072_4005_DHDH_A_20260626T100219_20260626T100254_P05023_N_F_J_001,2026-06-26T10:02:19.000000Z,2026-06-26,DESCENDING,HHHH,whole,36309.579932,100.000000,366,366,1.000000,-22.230641,-17.875216,-16.466587,-14.759866,-12.476638,-8.142755,0.642994,-13.870795,-1.030264,ok
32,Unnamed,NISAR_L2_PR_GCOV_024_003_D_072_4005_DHDH_A_20260626T100219_20260626T100254_P05023_N_F_J_001,2026-06-26T10:02:19.000000Z,2026-06-26,DESCENDING,HVHV,whole,36309.579932,100.000000,366,366,1.000000,-26.572583,-22.840904,-21.452375,-19.640023,-17.130805,-12.095587,-5.735536,-18.735020,-0.380360,ok
33,Unnamed,NISAR_L2_PR_GCOV_024_003_D_072_4005_DHDH_A_20260626T100219_20260626T100254_P05023_N_F_J_001,2026-06-26T10:02:19.000000Z,2026-06-26,DESCENDING,HHHH,shoreline,9956.188808,100.000000,98,98,1.000000,-20.531924,-17.627375,-15.535591,-13.247751,-10.264256,-7.541928,-3.178903,-12.848081,-1.030264,ok
33,Unnamed,NISAR_L2_PR_GCOV_024_003_D_072_4005_DHDH_A_20260626T100219_20260626T100254_P05023_N_F_J_001,2026-06-26T10:02:19.000000Z,2026-06-26,DESCENDING,HVHV,shoreline,9956.188808,100.000000,98,98,1.000000,-24.921492,-22.563365,-20.984622,-18.331001,-15.278817,-11.645697,-7.419057,-17.816940,-0.380360,ok
33,Unnamed,NISAR_L2_PR_GCOV_024_003_D_072_4005_DHDH_A_20260626T100219_20260626T100254_P05023_N_F_J_001,2026-06-26T10:02:19.000000Z,2026-06-26,DESCENDING,HHHH,whole,9956.188808,100.000000,98,98,1.000000,-20.531924,-17.627375,-15.535591,-13.247751,-10.264256,-7.541928,-3.178903,-12.848081,-1.030264,ok
33,Unnamed,NISAR_L2_PR_GCOV_024_003_D_072_4005_DHDH_A_20260626T100219_20260626T100254_P05023_N_F_J_001,2026-06-26T10:02:19.000000Z,2026-06-26,DESCENDING,HVHV,whole,9956.188808,100.000000,98,98,1.000000,-24.921492,-22.563365,-20.984622,-18.331001,-15.278817,-11.645697,-7.419057,-17.816940,-0.380360,ok
34,Unnamed,NISAR_L2_PR_GCOV_024_003_D_072_4005_DHDH_A_20260626T100219_20260626T100254_P05023_N_F_J_001,2026-06-26T10:02:19.000000Z,2026-06-26,DESCENDING,HHHH,shoreline,16977.653409,100.000000,170,170,1.000000,-23.167231,-19.015976,-17.180300,-15.492574,-12.178836,-7.774443,-2.425355,-14.444616,-1.030264,ok
34,Unnamed,NISAR_L2_PR_GCOV_024_003_D_072_4005_DHDH_A_20260626T100219_20260626T100254_P05023_N_F_J_001,2026-06-26T10:02:19.000000Z,2026-06-26,DESCENDING,HVHV,shoreline,16977.653409,100.000000,170,170,1.000000,-26.015171,-23.633941,-21.896546,-20.018126,-17.301196,-12.815900,-6.002546,-19.028874,-0.380360,ok
34,Unnamed,NISAR_L2_PR_GCOV_024_003_D_072_4005_DHDH_A_20260626T100219_20260626T100254_P05023_N_F_J_001,2026-06-26T10:02:19.000000Z,2026-06-26,DESCENDING,HHHH,whole,16977.653409,100.000000,170,170,1.000000,-23.167231,-19.015976,-17.180300,-15.492574,-12.178836,-7.774443,-2.425355,-14.444616,-1.030264,ok
34,Unnamed,NISAR_L2_PR_GCOV_024_003_D_072_4005_DHDH_A_20260626T100219_20260626T100254_P05023_N_F_J_001,2026-06-26T10:02:19.000000Z,2026-06-26,DESCENDING,HVHV,whole,16977.653409,100.000000,170,170,1.000000,-26.015171,-23.633941,-21.896546,-20.018126,-17.301196,-12.815900,-6.002546,-19.028874,-0.380360,ok
35,Unnamed,NISAR_L2_PR_GCOV_024_003_D_072_4005_DHDH_A_20260626T100219_20260626T100254_P05023_N_F_J_001,2026-06-26T10:02:19.000000Z,2026-06-26,DESCENDING,HHHH,core,163.178983,100.000000,2,2,1.000000,-17.350089,-17.298175,-17.220306,-17.090523,-16.960740,-16.882870,-16.830957,-17.090523,-1.030264,ok
35,Unnamed,NISAR_L2_PR_GCOV_024_003_D_072_4005_DHDH_A_20260626T100219_20260626T100254_P05023_N_F_J_001,2026-06-26T10:02:19.000000Z,2026-06-26,DESCENDING,HVHV,core,163.178983,100.000000,2,2,1.000000,-21.757734,-21.535867,-21.203065,-20.648397,-20.093729,-19.760928,-19.539060,-20.648397,-0.380360,ok
35,Unnamed,NISAR_L2_PR_GCOV_024_003_D_072_4005_DHDH_A_20260626T100219_20260626T100254_P05023_N_F_J_001,2026-06-26T10:02:19.000000Z,2026-06-26,DESCENDING,HHHH,shoreline,26376.921634,100.000000,266,266,1.000000,-20.915835,-18.520843,-17.072970,-14.819897,-10.409817,-5.824061,0.997529,-13.399466,-1.030264,ok
35,Unnamed,NISAR_L2_PR_GCOV_024_003_D_072_4005_DHDH_A_20260626T100219_20260626T100254_P05023_N_F_J_001,2026-06-26T10:02:19.000000Z,2026-06-26,DESCENDING,HVHV,shoreline,26376.921634,100.000000,266,266,1.000000,-28.482342,-22.952962,-21.290460,-19.241311,-16.586386,-11.586571,-5.931657,-18.373756,-0.380360,ok
35,Unnamed,NISAR_L2_PR_GCOV_024_003_D_072_4005_DHDH_A_20260626T100219_20260626T100254_P05023_N_F_J_001,2026-06-26T10:02:19.000000Z,2026-06-26,DESCENDING,HHHH,whole,26540.100617,100.000000,268,268,1.000000,-20.915835,-18.505559,-17.074343,-14.926800,-10.424338,-5.826164,0.997529,-13.427012,-1.030264,ok
35,Unnamed,NISAR_L2_PR_GCOV_024_003_D_072_4005_DHDH_A_20260626T100219_20260626T100254_P05023_N_F_J_001,2026-06-26T10:02:19.000000Z,2026-06-26,DESCENDING,HVHV,whole,26540.100617,100.000000,268,268,1.000000,-28.482342,-22.916658,-21.311943,-19.251194,-16.589831,-11.598077,-5.931657,-18.390731,-0.380360,ok
43,Unnamed,NISAR_L2_PR_GCOV_024_003_D_072_4005_DHDH_A_20260626T100219_20260626T100254_P05023_N_F_J_001,2026-06-26T10:02:19.000000Z,2026-06-26,DESCENDING,HHHH,shoreline,14166.390215,100.000000,143,143,1.000000,-22.856501,-18.491290,-16.808914,-15.006604,-12.485045,-8.799053,1.450835,-14.221557,-1.030264,ok
43,Unnamed,NISAR_L2_PR_GCOV_024_003_D_072_4005_DHDH_A_20260626T100219_20260626T100254_P05023_N_F_J_001,2026-06-26T10:02:19.000000Z,2026-06-26,DESCENDING,HVHV,shoreline,14166.390215,100.000000,143,143,1.000000,-29.365713,-23.632989,-21.572545,-19.576092,-16.275674,-12.881092,-4.648479,-18.909676,-0.380360,ok
43,Unnamed,NISAR_L2_PR_GCOV_024_003_D_072_4005_DHDH_A_20260626T100219_20260626T100254_P05023_N_F_J_001,2026-06-26T10:02:19.000000Z,2026-06-26,DESCENDING,HHHH,whole,14166.390215,100.000000,143,143,1.000000,-22.856501,-18.491290,-16.808914,-15.006604,-12.485045,-8.799053,1.450835,-14.221557,-1.030264,ok
43,Unnamed,NISAR_L2_PR_GCOV_024_003_D_072_4005_DHDH_A_20260626T100219_20260626T100254_P05023_N_F_J_001,2026-06-26T10:02:19.000000Z,2026-06-26,DESCENDING,HVHV,whole,14166.390215,100.000000,143,143,1.000000,-29.365713,-23.632989,-21.572545,-19.576092,-16.275674,-12.881092,-4.648479,-18.909676,-0.380360,ok
48,Unnamed,NISAR_L2_PR_GCOV_024_003_D_072_4005_DHDH_A_20260626T100219_20260626T100254_P05023_N_F_J_001,2026-06-26T10:02:19.000000Z,2026-06-26,DESCENDING,HHHH,shoreline,3435.845157,100.000000,35,35,1.000000,-21.095589,-16.416701,-14.912676,-12.656938,-9.406597,-6.716351,-4.164257,-12.200304,-1.030264,ok
48,Unnamed,NISAR_L2_PR_GCOV_024_003_D_072_4005_DHDH_A_20260626T100219_20260626T100254_P05023_N_F_J_001,2026-06-26T10:02:19.000000Z,2026-06-26,DESCENDING,HVHV,shoreline,3435.845157,100.000000,35,35,1.000000,-21.942983,-20.066745,-18.670303,-17.239292,-15.768365,-13.146772,-5.308439,-16.743869,-0.380360,ok
48,Unnamed,NISAR_L2_PR_GCOV_024_003_D_072_4005_DHDH_A_20260626T100219_20260626T100254_P05023_N_F_J_001,2026-06-26T10:02:19.000000Z,2026-06-26,DESCENDING,HHHH,whole,3435.845157,100.000000,35,35,1.000000,-21.095589,-16.416701,-14.912676,-12.656938,-9.406597,-6.716351,-4.164257,-12.200304,-1.030264,ok
48,Unnamed,NISAR_L2_PR_GCOV_024_003_D_072_4005_DHDH_A_20260626T100219_20260626T100254_P05023_N_F_J_001,2026-06-26T10:02:19.000000Z,2026-06-26,DESCENDING,HVHV,whole,3435.845157,100.000000,35,35,1.000000,-21.942983,-20.066745,-18.670303,-17.239292,-15.768365,-13.146772,-5.308439,-16.743869,-0.380360,ok
0,Unnamed,NISAR_L2_PR_GCOV_024_024_A_018_4005_DHDH_A_20260627T202901_20260627T202936_P05023_N_F_J_001,2026-06-27T20:29:01.000000Z,2026-06-27,ASCENDING,HHHH,shoreline,15668.030102,100.000000,155,155,1.000000,-22.499780,-17.734888,-15.870187,-13.748781,-11.084569,-9.292150,-4.344178,-13.521898,-0.141718,ok
0,Unnamed,NISAR_L2_PR_GCOV_024_024_A_018_4005_DHDH_A_20260627T202901_20260627T202936_P05023_N_F_J_001,2026-06-27T20:29:01.000000Z,2026-06-27,ASCENDING,HVHV,shoreline,15668.030102,100.000000,155,155,1.000000,-25.216780,-21.640573,-20.556957,-18.687821,-16.530683,-14.644114,-10.336984,-18.435365,-0.284070,ok
0,Unnamed,NISAR_L2_PR_GCOV_024_024_A_018_4005_DHDH_A_20260627T202901_20260627T202936_P05023_N_F_J_001,2026-06-27T20:29:01.000000Z,2026-06-27,ASCENDING,HHHH,whole,15668.030102,100.000000,155,155,1.000000,-22.499780,-17.734888,-15.870187,-13.748781,-11.084569,-9.292150,-4.344178,-13.521898,-0.141718,ok
0,Unnamed,NISAR_L2_PR_GCOV_024_024_A_018_4005_DHDH_A_20260627T202901_20260627T202936_P05023_N_F_J_001,2026-06-27T20:29:01.000000Z,2026-06-27,ASCENDING,HVHV,whole,15668.030102,100.000000,155,155,1.000000,-25.216780,-21.640573,-20.556957,-18.687821,-16.530683,-14.644114,-10.336984,-18.435365,-0.284070,ok
1,Unnamed,NISAR_L2_PR_GCOV_024_024_A_018_4005_DHDH_A_20260627T202901_20260627T202936_P05023_N_F_J_001,2026-06-27T20:29:01.000000Z,2026-06-27,ASCENDING,HHHH,shoreline,14315.224709,100.000000,141,141,1.000000,-20.857355,-16.834752,-15.213563,-13.296025,-9.600645,-7.040132,-2.250591,-12.426422,-0.141718,ok
1,Unnamed,NISAR_L2_PR_GCOV_024_024_A_018_4005_DHDH_A_20260627T202901_20260627T202936_P05023_N_F_J_001,2026-06-27T20:29:01.000000Z,2026-06-27,ASCENDING,HVHV,shoreline,14315.224709,100.000000,141,141,1.000000,-24.579019,-21.622733,-20.350724,-18.621733,-15.092180,-12.155955,-8.433983,-17.713457,-0.284070,ok
1,Unnamed,NISAR_L2_PR_GCOV_024_024_A_018_4005_DHDH_A_20260627T202901_20260627T202936_P05023_N_F_J_001,2026-06-27T20:29:01.000000Z,2026-06-27,ASCENDING,HHHH,whole,14315.224709,100.000000,141,141,1.000000,-20.857355,-16.834752,-15.213563,-13.296025,-9.600645,-7.040132,-2.250591,-12.426422,-0.141718,ok
1,Unnamed,NISAR_L2_PR_GCOV_024_024_A_018_4005_DHDH_A_20260627T202901_20260627T202936_P05023_N_F_J_001,2026-06-27T20:29:01.000000Z,2026-06-27,ASCENDING,HVHV,whole,14315.224709,100.000000,141,141,1.000000,-24.579019,-21.622733,-20.350724,-18.621733,-15.092180,-12.155955,-8.433983,-17.713457,-0.284070,ok
12,Unnamed,NISAR_L2_PR_GCOV_024_024_A_018_4005_DHDH_A_20260627T202901_20260627T202936_P05023_N_F_J_001,2026-06-27T20:29:01.000000Z,2026-06-27,ASCENDING,HHHH,shoreline,6395.508556,100.000000,63,63,1.000000,-21.177916,-17.657508,-15.531831,-12.545628,-7.536208,-2.283867,0.011383,-11.287833,-0.141718,ok
12,Unnamed,NISAR_L2_PR_GCOV_024_024_A_018_4005_DHDH_A_20260627T202901_20260627T202936_P05023_N_F_J_001,2026-06-27T20:29:01.000000Z,2026-06-27,ASCENDING,HVHV,shoreline,6395.508556,100.000000,63,63,1.000000,-23.090827,-21.321422,-18.882144,-16.348730,-12.470482,-10.572509,-4.592743,-15.761390,-0.284070,ok
12,Unnamed,NISAR_L2_PR_GCOV_024_024_A_018_4005_DHDH_A_20260627T202901_20260627T202936_P05023_N_F_J_001,2026-06-27T20:29:01.000000Z,2026-06-27,ASCENDING,HHHH,whole,6395.508556,100.000000,63,63,1.000000,-21.177916,-17.657508,-15.531831,-12.545628,-7.536208,-2.283867,0.011383,-11.287833,-0.141718,ok
12,Unnamed,NISAR_L2_PR_GCOV_024_024_A_018_4005_DHDH_A_20260627T202901_20260627T202936_P05023_N_F_J_001,2026-06-27T20:29:01.000000Z,2026-06-27,ASCENDING,HVHV,whole,6395.508556,100.000000,63,63,1.000000,-23.090827,-21.321422,-18.882144,-16.348730,-12.470482,-10.572509,-4.592743,-15.761390,-0.284070,ok
13,Unnamed,NISAR_L2_PR_GCOV_024_024_A_018_4005_DHDH_A_20260627T202901_20260627T202936_P05023_N_F_J_001,2026-06-27T20:29:01.000000Z,2026-06-27,ASCENDING,HHHH,shoreline,18329.633771,100.000000,177,177,1.000000,-25.922980,-19.511597,-17.067749,-14.614057,-12.506247,-10.007022,-5.256610,-14.743890,-0.141718,ok
13,Unnamed,NISAR_L2_PR_GCOV_024_024_A_018_4005_DHDH_A_20260627T202901_20260627T202936_P05023_N_F_J_001,2026-06-27T20:29:01.000000Z,2026-06-27,ASCENDING,HVHV,shoreline,18329.633771,100.000000,177,177,1.000000,-31.453306,-24.155442,-22.355327,-19.788471,-16.515418,-13.180215,-9.372406,-19.441661,-0.284070,ok
13,Unnamed,NISAR_L2_PR_GCOV_024_024_A_018_4005_DHDH_A_20260627T202901_20260627T202936_P05023_N_F_J_001,2026-06-27T20:29:01.000000Z,2026-06-27,ASCENDING,HHHH,whole,18329.633771,100.000000,177,177,1.000000,-25.922980,-19.511597,-17.067749,-14.614057,-12.506247,-10.007022,-5.256610,-14.743890,-0.141718,ok
13,Unnamed,NISAR_L2_PR_GCOV_024_024_A_018_4005_DHDH_A_20260627T202901_20260627T202936_P05023_N_F_J_001,2026-06-27T20:29:01.000000Z,2026-06-27,ASCENDING,HVHV,whole,18329.633771,100.000000,177,177,1.000000,-31.453306,-24.155442,-22.355327,-19.788471,-16.515418,-13.180215,-9.372406,-19.441661,-0.284070,ok
14,Unnamed,NISAR_L2_PR_GCOV_024_024_A_018_4005_DHDH_A_20260627T202901_20260627T202936_P05023_N_F_J_001,2026-06-27T20:29:01.000000Z,2026-06-27,ASCENDING,HHHH,shoreline,6151.446071,100.000000,63,63,1.000000,-15.946013,-15.153525,-13.946316,-11.344421,-6.528253,-3.193472,-0.214868,-9.946834,-0.141718,ok
14,Unnamed,NISAR_L2_PR_GCOV_024_024_A_018_4005_DHDH_A_20260627T202901_20260627T202936_P05023_N_F_J_001,2026-06-27T20:29:01.000000Z,2026-06-27,ASCENDING,HVHV,shoreline,6151.446071,100.000000,63,63,1.000000,-24.364172,-19.865107,-18.791572,-16.390787,-12.142988,-8.802183,-3.218141,-15.421400,-0.284070,ok
14,Unnamed,NISAR_L2_PR_GCOV_024_024_A_018_4005_DHDH_A_20260627T202901_20260627T202936_P05023_N_F_J_001,2026-06-27T20:29:01.000000Z,2026-06-27,ASCENDING,HHHH,whole,6151.446071,100.000000,63,63,1.000000,-15.946013,-15.153525,-13.946316,-11.344421,-6.528253,-3.193472,-0.214868,-9.946834,-0.141718,ok
14,Unnamed,NISAR_L2_PR_GCOV_024_024_A_018_4005_DHDH_A_20260627T202901_20260627T202936_P05023_N_F_J_001,2026-06-27T20:29:01.000000Z,2026-06-27,ASCENDING,HVHV,whole,6151.446071,100.000000,63,63,1.000000,-24.364172,-19.865107,-18.791572,-16.390787,-12.142988,-8.802183,-3.218141,-15.421400,-0.284070,ok
15,Unnamed,NISAR_L2_PR_GCOV_024_024_A_018_4005_DHDH_A_20260627T202901_20260627T202936_P05023_N_F_J_001,2026-06-27T20:29:01.000000Z,2026-06-27,ASCENDING,HHHH,shoreline,11176.661939,100.000000,112,112,1.000000,-21.966817,-16.122544,-13.631382,-11.193306,-7.678312,-4.217472,0.426464,-10.750471,-0.141718,ok
15,Unnamed,NISAR_L2_PR_GCOV_024_024_A_018_4005_DHDH_A_20260627T202901_20260627T202936_P05023_N_F_J_001,2026-06-27T20:29:01.000000Z,2026-06-27,ASCENDING,HVHV,shoreline,11176.661939,100.000000,112,112,1.000000,-26.837526,-22.246431,-19.505637,-16.339260,-13.165927,-10.714399,-6.191649,-16.314530,-0.284070,ok
15,Unnamed,NISAR_L2_PR_GCOV_024_024_A_018_4005_DHDH_A_20260627T202901_20260627T202936_P05023_N_F_J_001,2026-06-27T20:29:01.000000Z,2026-06-27,ASCENDING,HHHH,whole,11176.661939,100.000000,112,112,1.000000,-21.966817,-16.122544,-13.631382,-11.193306,-7.678312,-4.217472,0.426464,-10.750471,-0.141718,ok
15,Unnamed,NISAR_L2_PR_GCOV_024_024_A_018_4005_DHDH_A_20260627T202901_20260627T202936_P05023_N_F_J_001,2026-06-27T20:29:01.000000Z,2026-06-27,ASCENDING,HVHV,whole,11176.661939,100.000000,112,112,1.000000,-26.837526,-22.246431,-19.505637,-16.339260,-13.165927,-10.714399,-6.191649,-16.314530,-0.284070,ok
16,Unnamed,NISAR_L2_PR_GCOV_024_024_A_018_4005_DHDH_A_20260627T202901_20260627T202936_P05023_N_F_J_001,2026-06-27T20:29:01.000000Z,2026-06-27,ASCENDING,HHHH,shoreline,4542.975923,100.000000,45,45,1.000000,-19.012615,-15.582671,-14.193495,-12.100515,-8.589385,-5.266078,-3.558639,-11.305888,-0.141718,ok
16,Unnamed,NISAR_L2_PR_GCOV_024_024_A_018_4005_DHDH_A_20260627T202901_20260627T202936_P05023_N_F_J_001,2026-06-27T20:29:01.000000Z,2026-06-27,ASCENDING,HVHV,shoreline,4542.975923,100.000000,45,45,1.000000,-25.753753,-23.114702,-21.684861,-18.959123,-15.577304,-11.384985,-8.511136,-18.195666,-0.284070,ok
16,Unnamed,NISAR_L2_PR_GCOV_024_024_A_018_4005_DHDH_A_20260627T202901_20260627T202936_P05023_N_F_J_001,2026-06-27T20:29:01.000000Z,2026-06-27,ASCENDING,HHHH,whole,4542.975923,100.000000,45,45,1.000000,-19.012615,-15.582671,-14.193495,-12.100515,-8.589385,-5.266078,-3.558639,-11.305888,-0.141718,ok
16,Unnamed,NISAR_L2_PR_GCOV_024_024_A_018_4005_DHDH_A_20260627T202901_20260627T202936_P05023_N_F_J_001,2026-06-27T20:29:01.000000Z,2026-06-27,ASCENDING,HVHV,whole,4542.975923,100.000000,45,45,1.000000,-25.753753,-23.114702,-21.684861,-18.959123,-15.577304,-11.384985,-8.511136,-18.195666,-0.284070,ok
17,Unnamed,NISAR_L2_PR_GCOV_024_024_A_018_4005_DHDH_A_20260627T202901_20260627T202936_P05023_N_F_J_001,2026-06-27T20:29:01.000000Z,2026-06-27,ASCENDING,HHHH,shoreline,9008.570954,100.000000,90,90,1.000000,-16.658818,-14.817976,-13.370001,-11.556397,-8.569519,-2.941469,-0.388791,-10.545988,-0.141718,ok
17,Unnamed,NISAR_L2_PR_GCOV_024_024_A_018_4005_DHDH_A_20260627T202901_20260627T202936_P05023_N_F_J_001,2026-06-27T20:29:01.000000Z,2026-06-27,ASCENDING,HVHV,shoreline,9008.570954,100.000000,90,90,1.000000,-24.438340,-22.270514,-21.394443,-19.592717,-14.151487,-9.106646,-4.152733,-17.587370,-0.284070,ok
17,Unnamed,NISAR_L2_PR_GCOV_024_024_A_018_4005_DHDH_A_20260627T202901_20260627T202936_P05023_N_F_J_001,2026-06-27T20:29:01.000000Z,2026-06-27,ASCENDING,HHHH,whole,9008.570954,100.000000,90,90,1.000000,-16.658818,-14.817976,-13.370001,-11.556397,-8.569519,-2.941469,-0.388791,-10.545988,-0.141718,ok
17,Unnamed,NISAR_L2_PR_GCOV_024_024_A_018_4005_DHDH_A_20260627T202901_20260627T202936_P05023_N_F_J_001,2026-06-27T20:29:01.000000Z,2026-06-27,ASCENDING,HVHV,whole,9008.570954,100.000000,90,90,1.000000,-24.438340,-22.270514,-21.394443,-19.592717,-14.151487,-9.106646,-4.152733,-17.587370,-0.284070,ok
18,Unnamed,NISAR_L2_PR_GCOV_024_024_A_018_4005_DHDH_A_20260627T202901_20260627T202936_P05023_N_F_J_001,2026-06-27T20:29:01.000000Z,2026-06-27,ASCENDING,HHHH,core,118503.797474,100.000000,1184,1184,1.000000,-23.082291,-18.713751,-17.492525,-16.130879,-14.752000,-13.580278,-6.558726,-16.145460,-0.141718,ok
18,Unnamed,NISAR_L2_PR_GCOV_024_024_A_018_4005_DHDH_A_20260627T202901_20260627T202936_P05023_N_F_J_001,2026-06-27T20:29:01.000000Z,2026-06-27,ASCENDING,HVHV,core,118503.797474,100.000000,1184,1184,1.000000,-27.747096,-23.865714,-22.550513,-21.224801,-20.005808,-18.829669,-15.604127,-21.291296,-0.284070,ok
18,Unnamed,NISAR_L2_PR_GCOV_024_024_A_018_4005_DHDH_A_20260627T202901_20260627T202936_P05023_N_F_J_001,2026-06-27T20:29:01.000000Z,2026-06-27,ASCENDING,HHHH,shoreline,155455.397743,100.000000,1557,1557,1.000000,-23.125297,-18.227162,-16.737191,-15.058530,-13.020899,-8.819676,1.336512,-14.304028,-0.141718,ok
18,Unnamed,NISAR_L2_PR_GCOV_024_024_A_018_4005_DHDH_A_20260627T202901_20260627T202936_P05023_N_F_J_001,2026-06-27T20:29:01.000000Z,2026-06-27,ASCENDING,HVHV,shoreline,155455.397743,100.000000,1557,1557,1.000000,-27.914222,-23.387405,-21.953524,-20.316064,-18.378145,-14.603791,-4.885797,-19.721529,-0.284070,ok
18,Unnamed,NISAR_L2_PR_GCOV_024_024_A_018_4005_DHDH_A_20260627T202901_20260627T202936_P05023_N_F_J_001,2026-06-27T20:29:01.000000Z,2026-06-27,ASCENDING,HHHH,whole,273959.195218,100.000000,2741,2741,1.000000,-23.125297,-18.497407,-17.068223,-15.602998,-13.910476,-11.294194,1.336512,-15.099451,-0.141718,ok
18,Unnamed,NISAR_L2_PR_GCOV_024_024_A_018_4005_DHDH_A_20260627T202901_20260627T202936_P05023_N_F_J_001,2026-06-27T20:29:01.000000Z,2026-06-27,ASCENDING,HVHV,whole,273959.195218,100.000000,2741,2741,1.000000,-27.914222,-23.590357,-22.245419,-20.788898,-19.192567,-17.029282,-4.885797,-20.399604,-0.284070,ok
19,Unnamed,NISAR_L2_PR_GCOV_024_024_A_018_4005_DHDH_A_20260627T202901_20260627T202936_P05023_N_F_J_001,2026-06-27T20:29:01.000000Z,2026-06-27,ASCENDING,HHHH,core,5376.480528,100.000000,55,55,1.000000,-20.240609,-18.202835,-17.413858,-15.871941,-14.668750,-14.002646,-11.409078,-15.929646,-0.141718,ok
19,Unnamed,NISAR_L2_PR_GCOV_024_024_A_018_4005_DHDH_A_20260627T202901_20260627T202936_P05023_N_F_J_001,2026-06-27T20:29:01.000000Z,2026-06-27,ASCENDING,HVHV,core,5376.480528,100.000000,55,55,1.000000,-25.524327,-22.869882,-21.965617,-20.672571,-19.867529,-18.688523,-17.159048,-20.869224,-0.284070,ok
19,Unnamed,NISAR_L2_PR_GCOV_024_024_A_018_4005_DHDH_A_20260627T202901_20260627T202936_P05023_N_F_J_001,2026-06-27T20:29:01.000000Z,2026-06-27,ASCENDING,HHHH,shoreline,82008.590567,100.000000,820,820,1.000000,-20.860257,-17.593103,-16.012359,-14.048072,-11.010957,-6.834610,3.286232,-13.103594,-0.141718,ok
19,Unnamed,NISAR_L2_PR_GCOV_024_024_A_018_4005_DHDH_A_20260627T202901_20260627T202936_P05023_N_F_J_001,2026-06-27T20:29:01.000000Z,2026-06-27,ASCENDING,HVHV,shoreline,82008.590567,100.000000,820,820,1.000000,-28.088622,-22.795848,-21.465741,-19.593666,-16.665606,-12.520484,-4.099823,-18.699042,-0.284070,ok
19,Unnamed,NISAR_L2_PR_GCOV_024_024_A_018_4005_DHDH_A_20260627T202901_20260627T202936_P05023_N_F_J_001,2026-06-27T20:29:01.000000Z,2026-06-27,ASCENDING,HHHH,whole,87385.071095,100.000000,875,875,1.000000,-20.860257,-17.635686,-16.141215,-14.234315,-11.446497,-7.033733,3.286232,-13.281232,-0.141718,ok
19,Unnamed,NISAR_L2_PR_GCOV_024_024_A_018_4005_DHDH_A_20260627T202901_20260627T202936_P05023_N_F_J_001,2026-06-27T20:29:01.000000Z,2026-06-27,ASCENDING,HVHV,whole,87385.071095,100.000000,875,875,1.000000,-28.088622,-22.822614,-21.481270,-19.705345,-17.024663,-12.852155,-4.099823,-18.835454,-0.284070,ok
2,Unnamed,NISAR_L2_PR_GCOV_024_024_A_018_4005_DHDH_A_20260627T202901_20260627T202936_P05023_N_F_J_001,2026-06-27T20:29:01.000000Z,2026-06-27,ASCENDING,HHHH,core,3277.550963,100.000000,32,32,1.000000,-17.865068,-16.469841,-15.488198,-14.695974,-13.206734,-12.020226,-10.708831,-14.307881,-0.141718,ok
2,Unnamed,NISAR_L2_PR_GCOV_024_024_A_018_4005_DHDH_A_20260627T202901_20260627T202936_P05023_N_F_J_001,2026-06-27T20:29:01.000000Z,2026-06-27,ASCENDING,HVHV,core,3277.550963,100.000000,32,32,1.000000,-27.491686,-25.757934,-23.338606,-21.586619,-20.136131,-19.523305,-18.895229,-22.080807,-0.284070,ok
2,Unnamed,NISAR_L2_PR_GCOV_024_024_A_018_4005_DHDH_A_20260627T202901_20260627T202936_P05023_N_F_J_001,2026-06-27T20:29:01.000000Z,2026-06-27,ASCENDING,HHHH,shoreline,30352.017361,100.000000,299,299,1.000000,-21.763402,-16.301851,-14.632913,-13.226865,-11.814425,-9.260995,-3.203428,-12.975035,-0.141718,ok
2,Unnamed,NISAR_L2_PR_GCOV_024_024_A_018_4005_DHDH_A_20260627T202901_20260627T202936_P05023_N_F_J_001,2026-06-27T20:29:01.000000Z,2026-06-27,ASCENDING,HVHV,shoreline,30352.017361,100.000000,299,299,1.000000,-27.620936,-23.599348,-22.293044,-20.893074,-18.946573,-17.037019,-6.224376,-20.517792,-0.284070,ok
2,Unnamed,NISAR_L2_PR_GCOV_024_024_A_018_4005_DHDH_A_20260627T202901_20260627T202936_P05023_N_F_J_001,2026-06-27T20:29:01.000000Z,2026-06-27,ASCENDING,HHHH,whole,33629.568324,100.000000,331,331,1.000000,-21.763402,-16.307121,-14.740547,-13.289350,-11.895208,-9.854585,-3.203428,-13.103890,-0.141718,ok
2,Unnamed,NISAR_L2_PR_GCOV_024_024_A_018_4005_DHDH_A_20260627T202901_20260627T202936_P05023_N_F_J_001,2026-06-27T20:29:01.000000Z,2026-06-27,ASCENDING,HVHV,whole,33629.568324,100.000000,331,331,1.000000,-27.620936,-23.734799,-22.413237,-20.952491,-19.270339,-17.416007,-6.224376,-20.668899,-0.284070,ok
20,Unnamed,NISAR_L2_PR_GCOV_024_024_A_018_4005_DHDH_A_20260627T202901_20260627T202936_P05023_N_F_J_001,2026-06-27T20:29:01.000000Z,2026-06-27,ASCENDING,HHHH,core,2083.796132,100.000000,21,21,1.000000,-20.472584,-19.134111,-18.308290,-17.166159,-16.448175,-15.718434,-15.179919,-17.398146,-0.141718,ok
20,Unnamed,NISAR_L2_PR_GCOV_024_024_A_018_4005_DHDH_A_20260627T202901_20260627T202936_P05023_N_F_J_001,2026-06-27T20:29:01.000000Z,2026-06-27,ASCENDING,HVHV,core,2083.796132,100.000000,21,21,1.000000,-24.809084,-22.993562,-22.265478,-21.178527,-20.643234,-19.483132,-19.136148,-21.323286,-0.284070,ok
20,Unnamed,NISAR_L2_PR_GCOV_024_024_A_018_4005_DHDH_A_20260627T202901_20260627T202936_P05023_N_F_J_001,2026-06-27T20:29:01.000000Z,2026-06-27,ASCENDING,HHHH,shoreline,47295.150140,100.000000,474,474,1.000000,-21.747348,-18.828966,-17.320563,-15.904068,-14.118423,-11.982936,-1.658228,-15.424131,-0.141718,ok
20,Unnamed,NISAR_L2_PR_GCOV_024_024_A_018_4005_DHDH_A_20260627T202901_20260627T202936_P05023_N_F_J_001,2026-06-27T20:29:01.000000Z,2026-06-27,ASCENDING,HVHV,shoreline,47295.150140,100.000000,474,474,1.000000,-27.765278,-24.237974,-22.549717,-20.905141,-19.614823,-17.072992,-6.122514,-20.693012,-0.284070,ok
20,Unnamed,NISAR_L2_PR_GCOV_024_024_A_018_4005_DHDH_A_20260627T202901_20260627T202936_P05023_N_F_J_001,2026-06-27T20:29:01.000000Z,2026-06-27,ASCENDING,HHHH,whole,49378.946273,100.000000,495,495,1.000000,-21.747348,-18.872784,-17.370957,-15.999759,-14.260197,-12.139053,-1.658228,-15.507877,-0.141718,ok
20,Unnamed,NISAR_L2_PR_GCOV_024_024_A_018_4005_DHDH_A_20260627T202901_20260627T202936_P05023_N_F_J_001,2026-06-27T20:29:01.000000Z,2026-06-27,ASCENDING,HVHV,whole,49378.946273,100.000000,495,495,1.000000,-27.765278,-24.208093,-22.535624,-20.905874,-19.645652,-17.233461,-6.122514,-20.719750,-0.284070,ok
21,Unnamed,NISAR_L2_PR_GCOV_024_024_A_018_4005_DHDH_A_20260627T202901_20260627T202936_P05023_N_F_J_001,2026-06-27T20:29:01.000000Z,2026-06-27,ASCENDING,HHHH,core,2786.707526,100.000000,27,27,1.000000,-16.582117,-15.832516,-14.567555,-13.261132,-11.949573,-10.348557,-5.408979,-12.911777,-0.141718,ok
21,Unnamed,NISAR_L2_PR_GCOV_024_024_A_018_4005_DHDH_A_20260627T202901_20260627T202936_P05023_N_F_J_001,2026-06-27T20:29:01.000000Z,2026-06-27,ASCENDING,HVHV,core,2786.707526,100.000000,27,27,1.000000,-23.658820,-21.776434,-21.088036,-20.245372,-18.507917,-16.100791,-12.120851,-19.479181,-0.284070,ok
21,Unnamed,NISAR_L2_PR_GCOV_024_024_A_018_4005_DHDH_A_20260627T202901_20260627T202936_P05023_N_F_J_001,2026-06-27T20:29:01.000000Z,2026-06-27,ASCENDING,HHHH,shoreline,71791.547537,100.000000,716,716,1.000000,-21.319396,-16.988023,-15.296442,-12.825512,-9.007508,-5.460007,3.198410,-11.902291,-0.141718,ok
21,Unnamed,NISAR_L2_PR_GCOV_024_024_A_018_4005_DHDH_A_20260627T202901_20260627T202936_P05023_N_F_J_001,2026-06-27T20:29:01.000000Z,2026-06-27,ASCENDING,HVHV,shoreline,71791.547537,100.000000,716,716,1.000000,-28.073894,-22.850635,-21.155490,-18.873526,-14.783527,-10.430302,-3.367931,-17.774946,-0.284070,ok
21,Unnamed,NISAR_L2_PR_GCOV_024_024_A_018_4005_DHDH_A_20260627T202901_20260627T202936_P05023_N_F_J_001,2026-06-27T20:29:01.000000Z,2026-06-27,ASCENDING,HHHH,whole,74578.255063,100.000000,743,743,1.000000,-21.319396,-16.948903,-15.270240,-12.884596,-9.103976,-5.515285,3.198410,-11.938975,-0.141718,ok
21,Unnamed,NISAR_L2_PR_GCOV_024_024_A_018_4005_DHDH_A_20260627T202901_20260627T202936_P05023_N_F_J_001,2026-06-27T20:29:01.000000Z,2026-06-27,ASCENDING,HVHV,whole,74578.255063,100.000000,743,743,1.000000,-28.073894,-22.837605,-21.136581,-18.958634,-15.050224,-10.549693,-3.367931,-17.836876,-0.284070,ok
22,Unnamed,NISAR_L2_PR_GCOV_024_024_A_018_4005_DHDH_A_20260627T202901_20260627T202936_P05023_N_F_J_001,2026-06-27T20:29:01.000000Z,2026-06-27,ASCENDING,HHHH,core,7912.597630,100.000000,78,78,1.000000,-22.866808,-21.207434,-19.817415,-18.478456,-17.082657,-16.191777,-14.567215,-18.483385,-0.141718,ok
22,Unnamed,NISAR_L2_PR_GCOV_024_024_A_018_4005_DHDH_A_20260627T202901_20260627T202936_P05023_N_F_J_001,2026-06-27T20:29:01.000000Z,2026-06-27,ASCENDING,HVHV,core,7912.597630,100.000000,78,78,1.000000,-25.791994,-24.346824,-23.394259,-21.978644,-20.605140,-19.832277,-18.337106,-22.024076,-0.284070,ok
22,Unnamed,NISAR_L2_PR_GCOV_024_024_A_018_4005_DHDH_A_20260627T202901_20260627T202936_P05023_N_F_J_001,2026-06-27T20:29:01.000000Z,2026-06-27,ASCENDING,HHHH,shoreline,41207.491649,100.000000,409,409,1.000000,-24.019178,-20.394230,-19.002975,-17.514432,-16.068351,-14.127966,0.097504,-17.128408,-0.141718,ok
22,Unnamed,NISAR_L2_PR_GCOV_024_024_A_018_4005_DHDH_A_20260627T202901_20260627T202936_P05023_N_F_J_001,2026-06-27T20:29:01.000000Z,2026-06-27,ASCENDING,HVHV,shoreline,41207.491649,100.000000,409,409,1.000000,-27.463915,-24.050949,-22.809930,-21.387839,-20.034361,-18.346683,-7.716561,-21.218888,-0.284070,ok
22,Unnamed,NISAR_L2_PR_GCOV_024_024_A_018_4005_DHDH_A_20260627T202901_20260627T202936_P05023_N_F_J_001,2026-06-27T20:29:01.000000Z,2026-06-27,ASCENDING,HHHH,whole,49120.089278,100.000000,487,487,1.000000,-24.019178,-20.467030,-19.151902,-17.626395,-16.211693,-14.521615,0.097504,-17.345427,-0.141718,ok
22,Unnamed,NISAR_L2_PR_GCOV_024_024_A_018_4005_DHDH_A_20260627T202901_20260627T202936_P05023_N_F_J_001,2026-06-27T20:29:01.000000Z,2026-06-27,ASCENDING,HVHV,whole,49120.089278,100.000000,487,487,1.000000,-27.463915,-24.185915,-22.971829,-21.447359,-20.152934,-18.787248,-7.716561,-21.347851,-0.284070,ok
23,Unnamed,NISAR_L2_PR_GCOV_024_024_A_018_4005_DHDH_A_20260627T202901_20260627T202936_P05023_N_F_J_001,2026-06-27T20:29:01.000000Z,2026-06-27,ASCENDING,HHHH,core,3617.292935,100.000000,35,35,1.000000,-21.102524,-20.118568,-19.483661,-18.799348,-17.776282,-16.827616,-14.074031,-18.525647,-0.141718,ok
23,Unnamed,NISAR_L2_PR_GCOV_024_024_A_018_4005_DHDH_A_20260627T202901_20260627T202936_P05023_N_F_J_001,2026-06-27T20:29:01.000000Z,2026-06-27,ASCENDING,HVHV,core,3617.292935,100.000000,35,35,1.000000,-25.425929,-24.194397,-23.055765,-22.365580,-21.506560,-20.431082,-18.801194,-22.351517,-0.284070,ok
23,Unnamed,NISAR_L2_PR_GCOV_024_024_A_018_4005_DHDH_A_20260627T202901_20260627T202936_P05023_N_F_J_001,2026-06-27T20:29:01.000000Z,2026-06-27,ASCENDING,HHHH,shoreline,61852.370253,100.000000,624,624,1.000000,-25.571315,-20.146284,-18.901475,-17.366828,-15.717929,-13.242117,-0.011845,-16.921655,-0.141718,ok
23,Unnamed,NISAR_L2_PR_GCOV_024_024_A_018_4005_DHDH_A_20260627T202901_20260627T202936_P05023_N_F_J_001,2026-06-27T20:29:01.000000Z,2026-06-27,ASCENDING,HVHV,shoreline,61852.370253,100.000000,624,624,1.000000,-28.407700,-24.084378,-22.934542,-21.594820,-20.067851,-17.874091,-7.010358,-21.154897,-0.284070,ok
23,Unnamed,NISAR_L2_PR_GCOV_024_024_A_018_4005_DHDH_A_20260627T202901_20260627T202936_P05023_N_F_J_001,2026-06-27T20:29:01.000000Z,2026-06-27,ASCENDING,HHHH,whole,65469.663188,100.000000,659,659,1.000000,-25.571315,-20.151422,-18.957881,-17.447877,-15.804985,-13.342882,-0.011845,-17.006844,-0.141718,ok
23,Unnamed,NISAR_L2_PR_GCOV_024_024_A_018_4005_DHDH_A_20260627T202901_20260627T202936_P05023_N_F_J_001,2026-06-27T20:29:01.000000Z,2026-06-27,ASCENDING,HVHV,whole,65469.663188,100.000000,659,659,1.000000,-28.407700,-24.090163,-22.979146,-21.665825,-20.164699,-17.914797,-7.010358,-21.218451,-0.284070,ok
24,Unnamed,NISAR_L2_PR_GCOV_024_024_A_018_4005_DHDH_A_20260627T202901_20260627T202936_P05023_N_F_J_001,2026-06-27T20:29:01.000000Z,2026-06-27,ASCENDING,HHHH,shoreline,11788.240185,100.000000,122,122,1.000000,-18.540995,-15.452044,-14.229614,-11.227093,-8.727493,-6.646178,-2.140835,-11.233571,-0.141718,ok
24,Unnamed,NISAR_L2_PR_GCOV_024_024_A_018_4005_DHDH_A_20260627T202901_20260627T202936_P05023_N_F_J_001,2026-06-27T20:29:01.000000Z,2026-06-27,ASCENDING,HVHV,shoreline,11788.240185,100.000000,122,122,1.000000,-24.684719,-21.730708,-20.462927,-18.112676,-14.804989,-12.354002,-8.311208,-17.511571,-0.284070,ok
24,Unnamed,NISAR_L2_PR_GCOV_024_024_A_018_4005_DHDH_A_20260627T202901_20260627T202936_P05023_N_F_J_001,2026-06-27T20:29:01.000000Z,2026-06-27,ASCENDING,HHHH,whole,11788.240185,100.000000,122,122,1.000000,-18.540995,-15.452044,-14.229614,-11.227093,-8.727493,-6.646178,-2.140835,-11.233571,-0.141718,ok
24,Unnamed,NISAR_L2_PR_GCOV_024_024_A_018_4005_DHDH_A_20260627T202901_20260627T202936_P05023_N_F_J_001,2026-06-27T20:29:01.000000Z,2026-06-27,ASCENDING,HVHV,whole,11788.240185,100.000000,122,122,1.000000,-24.684719,-21.730708,-20.462927,-18.112676,-14.804989,-12.354002,-8.311208,-17.511571,-0.284070,ok
25,Unnamed,NISAR_L2_PR_GCOV_024_024_A_018_4005_DHDH_A_20260627T202901_20260627T202936_P05023_N_F_J_001,2026-06-27T20:29:01.000000Z,2026-06-27,ASCENDING,HHHH,shoreline,30021.819698,100.000000,299,299,1.000000,-21.191654,-16.865951,-15.149520,-13.479295,-11.552028,-9.531683,-3.849674,-13.321356,-0.141718,ok
25,Unnamed,NISAR_L2_PR_GCOV_024_024_A_018_4005_DHDH_A_20260627T202901_20260627T202936_P05023_N_F_J_001,2026-06-27T20:29:01.000000Z,2026-06-27,ASCENDING,HVHV,shoreline,30021.819698,100.000000,299,299,1.000000,-30.229474,-23.870305,-22.538331,-20.798718,-19.125749,-17.389486,-8.920520,-20.627042,-0.284070,ok
25,Unnamed,NISAR_L2_PR_GCOV_024_024_A_018_4005_DHDH_A_20260627T202901_20260627T202936_P05023_N_F_J_001,2026-06-27T20:29:01.000000Z,2026-06-27,ASCENDING,HHHH,whole,30021.819698,100.000000,299,299,1.000000,-21.191654,-16.865951,-15.149520,-13.479295,-11.552028,-9.531683,-3.849674,-13.321356,-0.141718,ok
25,Unnamed,NISAR_L2_PR_GCOV_024_024_A_018_4005_DHDH_A_20260627T202901_20260627T202936_P05023_N_F_J_001,2026-06-27T20:29:01.000000Z,2026-06-27,ASCENDING,HVHV,whole,30021.819698,100.000000,299,299,1.000000,-30.229474,-23.870305,-22.538331,-20.798718,-19.125749,-17.389486,-8.920520,-20.627042,-0.284070,ok
26,Unnamed,NISAR_L2_PR_GCOV_024_024_A_018_4005_DHDH_A_20260627T202901_20260627T202936_P05023_N_F_J_001,2026-06-27T20:29:01.000000Z,2026-06-27,ASCENDING,HHHH,shoreline,14439.595936,100.000000,144,144,1.000000,-20.567177,-16.512496,-15.164352,-11.820814,-9.508311,-6.010739,-1.530759,-11.877760,-0.141718,ok
26,Unnamed,NISAR_L2_PR_GCOV_024_024_A_018_4005_DHDH_A_20260627T202901_20260627T202936_P05023_N_F_J_001,2026-06-27T20:29:01.000000Z,2026-06-27,ASCENDING,HVHV,shoreline,14439.595936,100.000000,144,144,1.000000,-24.819948,-22.467443,-20.501835,-18.139823,-14.309783,-10.940827,-7.321405,-17.387355,-0.284070,ok
26,Unnamed,NISAR_L2_PR_GCOV_024_024_A_018_4005_DHDH_A_20260627T202901_20260627T202936_P05023_N_F_J_001,2026-06-27T20:29:01.000000Z,2026-06-27,ASCENDING,HHHH,whole,14439.595936,100.000000,144,144,1.000000,-20.567177,-16.512496,-15.164352,-11.820814,-9.508311,-6.010739,-1.530759,-11.877760,-0.141718,ok
26,Unnamed,NISAR_L2_PR_GCOV_024_024_A_018_4005_DHDH_A_20260627T202901_20260627T202936_P05023_N_F_J_001,2026-06-27T20:29:01.000000Z,2026-06-27,ASCENDING,HVHV,whole,14439.595936,100.000000,144,144,1.000000,-24.819948,-22.467443,-20.501835,-18.139823,-14.309783,-10.940827,-7.321405,-17.387355,-0.284070,ok
27,Unnamed,NISAR_L2_PR_GCOV_024_024_A_018_4005_DHDH_A_20260627T202901_20260627T202936_P05023_N_F_J_001,2026-06-27T20:29:01.000000Z,2026-06-27,ASCENDING,HHHH,core,4488.032286,100.000000,46,46,1.000000,-20.449613,-17.891808,-16.464955,-14.807667,-12.954139,-11.520993,-10.449568,-14.672287,-0.141718,ok
27,Unnamed,NISAR_L2_PR_GCOV_024_024_A_018_4005_DHDH_A_20260627T202901_20260627T202936_P05023_N_F_J_001,2026-06-27T20:29:01.000000Z,2026-06-27,ASCENDING,HVHV,core,4488.032286,100.000000,46,46,1.000000,-26.440287,-24.040491,-22.757481,-21.518995,-20.737932,-19.885673,-18.441216,-21.808927,-0.284070,ok
27,Unnamed,NISAR_L2_PR_GCOV_024_024_A_018_4005_DHDH_A_20260627T202901_20260627T202936_P05023_N_F_J_001,2026-06-27T20:29:01.000000Z,2026-06-27,ASCENDING,HHHH,shoreline,34066.736745,100.000000,345,345,1.000000,-21.196425,-16.032966,-14.386673,-12.378228,-8.418474,-4.818898,1.524884,-11.305881,-0.141718,ok
27,Unnamed,NISAR_L2_PR_GCOV_024_024_A_018_4005_DHDH_A_20260627T202901_20260627T202936_P05023_N_F_J_001,2026-06-27T20:29:01.000000Z,2026-06-27,ASCENDING,HVHV,shoreline,34066.736745,100.000000,345,345,1.000000,-27.484065,-23.366384,-21.759015,-20.101568,-16.487381,-12.309014,-6.443333,-18.886914,-0.284070,ok
27,Unnamed,NISAR_L2_PR_GCOV_024_024_A_018_4005_DHDH_A_20260627T202901_20260627T202936_P05023_N_F_J_001,2026-06-27T20:29:01.000000Z,2026-06-27,ASCENDING,HHHH,whole,38554.769032,100.000000,391,391,1.000000,-21.196425,-16.405697,-14.680504,-12.713701,-9.148850,-5.185663,1.524884,-11.701929,-0.141718,ok
27,Unnamed,NISAR_L2_PR_GCOV_024_024_A_018_4005_DHDH_A_20260627T202901_20260627T202936_P05023_N_F_J_001,2026-06-27T20:29:01.000000Z,2026-06-27,ASCENDING,HVHV,whole,38554.769032,100.000000,391,391,1.000000,-27.484065,-23.464107,-21.863422,-20.414387,-17.254153,-12.569211,-6.443333,-19.230680,-0.284070,ok
28,Unnamed,NISAR_L2_PR_GCOV_024_024_A_018_4005_DHDH_A_20260627T202901_20260627T202936_P05023_N_F_J_001,2026-06-27T20:29:01.000000Z,2026-06-27,ASCENDING,HHHH,shoreline,6322.670708,100.000000,64,64,1.000000,-19.026744,-14.343265,-12.606956,-10.339341,-7.311602,-5.516642,-2.355835,-10.038612,-0.141718,ok
28,Unnamed,NISAR_L2_PR_GCOV_024_024_A_018_4005_DHDH_A_20260627T202901_20260627T202936_P05023_N_F_J_001,2026-06-27T20:29:01.000000Z,2026-06-27,ASCENDING,HVHV,shoreline,6322.670708,100.000000,64,64,1.000000,-25.211190,-21.849629,-20.659473,-17.771548,-14.640999,-11.043209,-7.994466,-17.244798,-0.284070,ok
28,Unnamed,NISAR_L2_PR_GCOV_024_024_A_018_4005_DHDH_A_20260627T202901_20260627T202936_P05023_N_F_J_001,2026-06-27T20:29:01.000000Z,2026-06-27,ASCENDING,HHHH,whole,6322.670708,100.000000,64,64,1.000000,-19.026744,-14.343265,-12.606956,-10.339341,-7.311602,-5.516642,-2.355835,-10.038612,-0.141718,ok
28,Unnamed,NISAR_L2_PR_GCOV_024_024_A_018_4005_DHDH_A_20260627T202901_20260627T202936_P05023_N_F_J_001,2026-06-27T20:29:01.000000Z,2026-06-27,ASCENDING,HVHV,whole,6322.670708,100.000000,64,64,1.000000,-25.211190,-21.849629,-20.659473,-17.771548,-14.640999,-11.043209,-7.994466,-17.244798,-0.284070,ok
29,Unnamed,NISAR_L2_PR_GCOV_024_024_A_018_4005_DHDH_A_20260627T202901_20260627T202936_P05023_N_F_J_001,2026-06-27T20:29:01.000000Z,2026-06-27,ASCENDING,HHHH,shoreline,11156.619258,100.000000,110,110,1.000000,-19.620553,-16.817038,-14.833855,-12.921510,-9.901206,-4.729300,0.700446,-12.017455,-0.141718,ok
29,Unnamed,NISAR_L2_PR_GCOV_024_024_A_018_4005_DHDH_A_20260627T202901_20260627T202936_P05023_N_F_J_001,2026-06-27T20:29:01.000000Z,2026-06-27,ASCENDING,HVHV,shoreline,11156.619258,100.000000,110,110,1.000000,-24.482221,-22.320788,-20.664333,-18.597006,-16.058995,-10.365060,-3.845777,-17.588037,-0.284070,ok
29,Unnamed,NISAR_L2_PR_GCOV_024_024_A_018_4005_DHDH_A_20260627T202901_20260627T202936_P05023_N_F_J_001,2026-06-27T20:29:01.000000Z,2026-06-27,ASCENDING,HHHH,whole,11156.619258,100.000000,110,110,1.000000,-19.620553,-16.817038,-14.833855,-12.921510,-9.901206,-4.729300,0.700446,-12.017455,-0.141718,ok
29,Unnamed,NISAR_L2_PR_GCOV_024_024_A_018_4005_DHDH_A_20260627T202901_20260627T202936_P05023_N_F_J_001,2026-06-27T20:29:01.000000Z,2026-06-27,ASCENDING,HVHV,whole,11156.619258,100.000000,110,110,1.000000,-24.482221,-22.320788,-20.664333,-18.597006,-16.058995,-10.365060,-3.845777,-17.588037,-0.284070,ok
3,Unnamed,NISAR_L2_PR_GCOV_024_024_A_018_4005_DHDH_A_20260627T202901_20260627T202936_P05023_N_F_J_001,2026-06-27T20:29:01.000000Z,2026-06-27,ASCENDING,HHHH,shoreline,11434.168985,100.000000,113,113,1.000000,-22.338973,-19.505575,-18.133022,-16.320192,-13.799645,-10.228706,-3.233322,-15.571090,-0.141718,ok
3,Unnamed,NISAR_L2_PR_GCOV_024_024_A_018_4005_DHDH_A_20260627T202901_20260627T202936_P05023_N_F_J_001,2026-06-27T20:29:01.000000Z,2026-06-27,ASCENDING,HVHV,shoreline,11434.168985,100.000000,113,113,1.000000,-26.231814,-23.719054,-22.047193,-20.618091,-18.104788,-16.052053,-11.391810,-20.017229,-0.284070,ok
3,Unnamed,NISAR_L2_PR_GCOV_024_024_A_018_4005_DHDH_A_20260627T202901_20260627T202936_P05023_N_F_J_001,2026-06-27T20:29:01.000000Z,2026-06-27,ASCENDING,HHHH,whole,11434.168985,100.000000,113,113,1.000000,-22.338973,-19.505575,-18.133022,-16.320192,-13.799645,-10.228706,-3.233322,-15.571090,-0.141718,ok
3,Unnamed,NISAR_L2_PR_GCOV_024_024_A_018_4005_DHDH_A_20260627T202901_20260627T202936_P05023_N_F_J_001,2026-06-27T20:29:01.000000Z,2026-06-27,ASCENDING,HVHV,whole,11434.168985,100.000000,113,113,1.000000,-26.231814,-23.719054,-22.047193,-20.618091,-18.104788,-16.052053,-11.391810,-20.017229,-0.284070,ok
30,Unnamed,NISAR_L2_PR_GCOV_024_024_A_018_4005_DHDH_A_20260627T202901_20260627T202936_P05023_N_F_J_001,2026-06-27T20:29:01.000000Z,2026-06-27,ASCENDING,HHHH,shoreline,24517.632812,100.000000,241,241,1.000000,-20.259364,-15.901580,-13.900348,-11.912189,-9.446991,-6.864438,-1.800673,-11.526397,-0.141718,ok
30,Unnamed,NISAR_L2_PR_GCOV_024_024_A_018_4005_DHDH_A_20260627T202901_20260627T202936_P05023_N_F_J_001,2026-06-27T20:29:01.000000Z,2026-06-27,ASCENDING,HVHV,shoreline,24517.632812,100.000000,241,241,1.000000,-26.927303,-22.977810,-21.437076,-19.403388,-17.002822,-12.905933,-6.114144,-18.780562,-0.284070,ok
30,Unnamed,NISAR_L2_PR_GCOV_024_024_A_018_4005_DHDH_A_20260627T202901_20260627T202936_P05023_N_F_J_001,2026-06-27T20:29:01.000000Z,2026-06-27,ASCENDING,HHHH,whole,24517.632812,100.000000,241,241,1.000000,-20.259364,-15.901580,-13.900348,-11.912189,-9.446991,-6.864438,-1.800673,-11.526397,-0.141718,ok
30,Unnamed,NISAR_L2_PR_GCOV_024_024_A_018_4005_DHDH_A_20260627T202901_20260627T202936_P05023_N_F_J_001,2026-06-27T20:29:01.000000Z,2026-06-27,ASCENDING,HVHV,whole,24517.632812,100.000000,241,241,1.000000,-26.927303,-22.977810,-21.437076,-19.403388,-17.002822,-12.905933,-6.114144,-18.780562,-0.284070,ok
31,Unnamed,NISAR_L2_PR_GCOV_024_024_A_018_4005_DHDH_A_20260627T202901_20260627T202936_P05023_N_F_J_001,2026-06-27T20:29:01.000000Z,2026-06-27,ASCENDING,HHHH,core,1481.449039,100.000000,16,16,1.000000,-17.642190,-16.512244,-15.568404,-14.270418,-12.938991,-11.530358,-11.007690,-14.157246,-0.141718,ok
31,Unnamed,NISAR_L2_PR_GCOV_024_024_A_018_4005_DHDH_A_20260627T202901_20260627T202936_P05023_N_F_J_001,2026-06-27T20:29:01.000000Z,2026-06-27,ASCENDING,HVHV,core,1481.449039,100.000000,16,16,1.000000,-27.468465,-24.125297,-23.008203,-21.344878,-20.449419,-19.190593,-17.707292,-21.677312,-0.284070,ok
31,Unnamed,NISAR_L2_PR_GCOV_024_024_A_018_4005_DHDH_A_20260627T202901_20260627T202936_P05023_N_F_J_001,2026-06-27T20:29:01.000000Z,2026-06-27,ASCENDING,HHHH,shoreline,17270.036923,100.000000,174,174,1.000000,-18.598613,-14.979304,-13.732756,-12.270387,-10.885221,-8.813548,2.899694,-11.890807,-0.141718,ok
31,Unnamed,NISAR_L2_PR_GCOV_024_024_A_018_4005_DHDH_A_20260627T202901_20260627T202936_P05023_N_F_J_001,2026-06-27T20:29:01.000000Z,2026-06-27,ASCENDING,HVHV,shoreline,17270.036923,100.000000,174,174,1.000000,-27.111827,-23.687831,-22.263381,-20.960615,-19.373029,-15.591289,-4.253816,-20.169282,-0.284070,ok
31,Unnamed,NISAR_L2_PR_GCOV_024_024_A_018_4005_DHDH_A_20260627T202901_20260627T202936_P05023_N_F_J_001,2026-06-27T20:29:01.000000Z,2026-06-27,ASCENDING,HHHH,whole,18751.485962,100.000000,190,190,1.000000,-18.598613,-15.512611,-14.068826,-12.375762,-10.948325,-9.018807,2.899694,-12.081665,-0.141718,ok
31,Unnamed,NISAR_L2_PR_GCOV_024_024_A_018_4005_DHDH_A_20260627T202901_20260627T202936_P05023_N_F_J_001,2026-06-27T20:29:01.000000Z,2026-06-27,ASCENDING,HVHV,whole,18751.485962,100.000000,190,190,1.000000,-27.468465,-23.730202,-22.326033,-20.979362,-19.433546,-15.787471,-4.253816,-20.296274,-0.284070,ok
32,Unnamed,NISAR_L2_PR_GCOV_024_024_A_018_4005_DHDH_A_20260627T202901_20260627T202936_P05023_N_F_J_001,2026-06-27T20:29:01.000000Z,2026-06-27,ASCENDING,HHHH,core,3445.772556,100.000000,33,33,1.000000,-17.096412,-16.612958,-15.140272,-13.925228,-12.608377,-11.183440,-9.366389,-13.850172,-0.141718,ok
32,Unnamed,NISAR_L2_PR_GCOV_024_024_A_018_4005_DHDH_A_20260627T202901_20260627T202936_P05023_N_F_J_001,2026-06-27T20:29:01.000000Z,2026-06-27,ASCENDING,HVHV,core,3445.772556,100.000000,33,33,1.000000,-24.269678,-23.151707,-22.083845,-20.459443,-19.871862,-19.255294,-18.267139,-20.946326,-0.284070,ok
32,Unnamed,NISAR_L2_PR_GCOV_024_024_A_018_4005_DHDH_A_20260627T202901_20260627T202936_P05023_N_F_J_001,2026-06-27T20:29:01.000000Z,2026-06-27,ASCENDING,HHHH,shoreline,32863.807375,100.000000,333,333,1.000000,-21.201372,-16.444831,-15.077622,-12.939297,-10.774320,-6.851617,3.601148,-12.453525,-0.141718,ok
32,Unnamed,NISAR_L2_PR_GCOV_024_024_A_018_4005_DHDH_A_20260627T202901_20260627T202936_P05023_N_F_J_001,2026-06-27T20:29:01.000000Z,2026-06-27,ASCENDING,HVHV,shoreline,32863.807375,100.000000,333,333,1.000000,-26.801806,-23.123850,-21.845885,-19.717795,-16.596469,-12.848843,-7.319886,-18.853108,-0.284070,ok
32,Unnamed,NISAR_L2_PR_GCOV_024_024_A_018_4005_DHDH_A_20260627T202901_20260627T202936_P05023_N_F_J_001,2026-06-27T20:29:01.000000Z,2026-06-27,ASCENDING,HHHH,whole,36309.579932,100.000000,366,366,1.000000,-21.201372,-16.477455,-15.078372,-13.140317,-11.012740,-7.573930,3.601148,-12.579452,-0.141718,ok
32,Unnamed,NISAR_L2_PR_GCOV_024_024_A_018_4005_DHDH_A_20260627T202901_20260627T202936_P05023_N_F_J_001,2026-06-27T20:29:01.000000Z,2026-06-27,ASCENDING,HVHV,whole,36309.579932,100.000000,366,366,1.000000,-26.801806,-23.147155,-21.897078,-19.788910,-17.137026,-13.161157,-7.319886,-19.041841,-0.284070,ok
33,Unnamed,NISAR_L2_PR_GCOV_024_024_A_018_4005_DHDH_A_20260627T202901_20260627T202936_P05023_N_F_J_001,2026-06-27T20:29:01.000000Z,2026-06-27,ASCENDING,HHHH,shoreline,9956.188808,100.000000,98,98,1.000000,-18.088388,-15.121864,-13.658997,-11.570874,-8.917490,-6.676654,-0.471285,-11.102546,-0.141718,ok
33,Unnamed,NISAR_L2_PR_GCOV_024_024_A_018_4005_DHDH_A_20260627T202901_20260627T202936_P05023_N_F_J_001,2026-06-27T20:29:01.000000Z,2026-06-27,ASCENDING,HVHV,shoreline,9956.188808,100.000000,98,98,1.000000,-25.116033,-22.032990,-20.052601,-18.122455,-14.326854,-11.852832,-4.851944,-17.329535,-0.284070,ok
33,Unnamed,NISAR_L2_PR_GCOV_024_024_A_018_4005_DHDH_A_20260627T202901_20260627T202936_P05023_N_F_J_001,2026-06-27T20:29:01.000000Z,2026-06-27,ASCENDING,HHHH,whole,9956.188808,100.000000,98,98,1.000000,-18.088388,-15.121864,-13.658997,-11.570874,-8.917490,-6.676654,-0.471285,-11.102546,-0.141718,ok
33,Unnamed,NISAR_L2_PR_GCOV_024_024_A_018_4005_DHDH_A_20260627T202901_20260627T202936_P05023_N_F_J_001,2026-06-27T20:29:01.000000Z,2026-06-27,ASCENDING,HVHV,whole,9956.188808,100.000000,98,98,1.000000,-25.116033,-22.032990,-20.052601,-18.122455,-14.326854,-11.852832,-4.851944,-17.329535,-0.284070,ok
34,Unnamed,NISAR_L2_PR_GCOV_024_024_A_018_4005_DHDH_A_20260627T202901_20260627T202936_P05023_N_F_J_001,2026-06-27T20:29:01.000000Z,2026-06-27,ASCENDING,HHHH,shoreline,16977.653409,100.000000,170,170,1.000000,-20.208225,-16.225247,-14.677422,-12.666731,-10.782451,-7.891263,-2.895594,-12.315606,-0.141718,ok
34,Unnamed,NISAR_L2_PR_GCOV_024_024_A_018_4005_DHDH_A_20260627T202901_20260627T202936_P05023_N_F_J_001,2026-06-27T20:29:01.000000Z,2026-06-27,ASCENDING,HVHV,shoreline,16977.653409,100.000000,170,170,1.000000,-27.423216,-23.047694,-21.685189,-20.206911,-18.298144,-14.317878,-6.001688,-19.536350,-0.284070,ok
34,Unnamed,NISAR_L2_PR_GCOV_024_024_A_018_4005_DHDH_A_20260627T202901_20260627T202936_P05023_N_F_J_001,2026-06-27T20:29:01.000000Z,2026-06-27,ASCENDING,HHHH,whole,16977.653409,100.000000,170,170,1.000000,-20.208225,-16.225247,-14.677422,-12.666731,-10.782451,-7.891263,-2.895594,-12.315606,-0.141718,ok
34,Unnamed,NISAR_L2_PR_GCOV_024_024_A_018_4005_DHDH_A_20260627T202901_20260627T202936_P05023_N_F_J_001,2026-06-27T20:29:01.000000Z,2026-06-27,ASCENDING,HVHV,whole,16977.653409,100.000000,170,170,1.000000,-27.423216,-23.047694,-21.685189,-20.206911,-18.298144,-14.317878,-6.001688,-19.536350,-0.284070,ok
35,Unnamed,NISAR_L2_PR_GCOV_024_024_A_018_4005_DHDH_A_20260627T202901_20260627T202936_P05023_N_F_J_001,2026-06-27T20:29:01.000000Z,2026-06-27,ASCENDING,HHHH,core,163.178983,100.000000,2,2,1.000000,-11.644876,-11.488881,-11.254889,-10.864902,-10.474915,-10.240922,-10.084927,-10.864902,-0.141718,ok
35,Unnamed,NISAR_L2_PR_GCOV_024_024_A_018_4005_DHDH_A_20260627T202901_20260627T202936_P05023_N_F_J_001,2026-06-27T20:29:01.000000Z,2026-06-27,ASCENDING,HVHV,core,163.178983,100.000000,2,2,1.000000,-21.798784,-21.796487,-21.793042,-21.787299,-21.781556,-21.778111,-21.775814,-21.787299,-0.284070,ok
35,Unnamed,NISAR_L2_PR_GCOV_024_024_A_018_4005_DHDH_A_20260627T202901_20260627T202936_P05023_N_F_J_001,2026-06-27T20:29:01.000000Z,2026-06-27,ASCENDING,HHHH,shoreline,26376.921634,100.000000,266,266,1.000000,-18.213317,-14.404854,-12.941561,-11.013948,-8.453254,-5.440476,1.038313,-10.372003,-0.141718,ok
35,Unnamed,NISAR_L2_PR_GCOV_024_024_A_018_4005_DHDH_A_20260627T202901_20260627T202936_P05023_N_F_J_001,2026-06-27T20:29:01.000000Z,2026-06-27,ASCENDING,HVHV,shoreline,26376.921634,100.000000,266,266,1.000000,-26.442055,-22.350232,-21.181500,-19.607212,-16.815467,-12.362571,-4.236907,-18.425288,-0.284070,ok
35,Unnamed,NISAR_L2_PR_GCOV_024_024_A_018_4005_DHDH_A_20260627T202901_20260627T202936_P05023_N_F_J_001,2026-06-27T20:29:01.000000Z,2026-06-27,ASCENDING,HHHH,whole,26540.100617,100.000000,268,268,1.000000,-18.213317,-14.402479,-12.937201,-11.013948,-8.474335,-5.484631,1.038313,-10.375681,-0.141718,ok
35,Unnamed,NISAR_L2_PR_GCOV_024_024_A_018_4005_DHDH_A_20260627T202901_20260627T202936_P05023_N_F_J_001,2026-06-27T20:29:01.000000Z,2026-06-27,ASCENDING,HVHV,whole,26540.100617,100.000000,268,268,1.000000,-26.442055,-22.349636,-21.217899,-19.666834,-16.852302,-12.367331,-4.236907,-18.450378,-0.284070,ok
43,Unnamed,NISAR_L2_PR_GCOV_024_024_A_018_4005_DHDH_A_20260627T202901_20260627T202936_P05023_N_F_J_001,2026-06-27T20:29:01.000000Z,2026-06-27,ASCENDING,HHHH,shoreline,14166.390215,100.000000,143,143,1.000000,-20.688982,-18.203038,-16.998202,-14.855274,-11.901140,-7.545647,-2.037490,-13.897372,-0.141718,ok
43,Unnamed,NISAR_L2_PR_GCOV_024_024_A_018_4005_DHDH_A_20260627T202901_20260627T202936_P05023_N_F_J_001,2026-06-27T20:29:01.000000Z,2026-06-27,ASCENDING,HVHV,shoreline,14166.390215,100.000000,143,143,1.000000,-25.870751,-23.107215,-21.741043,-19.993486,-17.724632,-13.331193,-9.174498,-19.227266,-0.284070,ok
43,Unnamed,NISAR_L2_PR_GCOV_024_024_A_018_4005_DHDH_A_20260627T202901_20260627T202936_P05023_N_F_J_001,2026-06-27T20:29:01.000000Z,2026-06-27,ASCENDING,HHHH,whole,14166.390215,100.000000,143,143,1.000000,-20.688982,-18.203038,-16.998202,-14.855274,-11.901140,-7.545647,-2.037490,-13.897372,-0.141718,ok
43,Unnamed,NISAR_L2_PR_GCOV_024_024_A_018_4005_DHDH_A_20260627T202901_20260627T202936_P05023_N_F_J_001,2026-06-27T20:29:01.000000Z,2026-06-27,ASCENDING,HVHV,whole,14166.390215,100.000000,143,143,1.000000,-25.870751,-23.107215,-21.741043,-19.993486,-17.724632,-13.331193,-9.174498,-19.227266,-0.284070,ok
48,Unnamed,NISAR_L2_PR_GCOV_024_024_A_018_4005_DHDH_A_20260627T202901_20260627T202936_P05023_N_F_J_001,2026-06-27T20:29:01.000000Z,2026-06-27,ASCENDING,HHHH,shoreline,3435.845157,100.000000,35,35,1.000000,-20.469007,-18.579500,-15.586305,-13.220557,-11.199717,-9.135098,-4.805559,-13.478031,-0.141718,ok
48,Unnamed,NISAR_L2_PR_GCOV_024_024_A_018_4005_DHDH_A_20260627T202901_20260627T202936_P05023_N_F_J_001,2026-06-27T20:29:01.000000Z,2026-06-27,ASCENDING,HVHV,shoreline,3435.845157,100.000000,35,35,1.000000,-24.617189,-22.127878,-21.093175,-18.616911,-15.194828,-13.998368,-11.950375,-18.190518,-0.284070,ok
48,Unnamed,NISAR_L2_PR_GCOV_024_024_A_018_4005_DHDH_A_20260627T202901_20260627T202936_P05023_N_F_J_001,2026-06-27T20:29:01.000000Z,2026-06-27,ASCENDING,HHHH,whole,3435.845157,100.000000,35,35,1.000000,-20.469007,-18.579500,-15.586305,-13.220557,-11.199717,-9.135098,-4.805559,-13.478031,-0.141718,ok
48,Unnamed,NISAR_L2_PR_GCOV_024_024_A_018_4005_DHDH_A_20260627T202901_20260627T202936_P05023_N_F_J_001,2026-06-27T20:29:01.000000Z,2026-06-27,ASCENDING,HVHV,whole,3435.845157,100.000000,35,35,1.000000,-24.617189,-22.127878,-21.093175,-18.616911,-15.194828,-13.998368,-11.950375,-18.190518,-0.284070,ok
0,Unnamed,NISAR_L2_PR_GCOV_025_003_D_072_4005_DHDH_A_20260708T100219_20260708T100253_P05023_N_F_J_001,2026-07-08T10:02:19.000000Z,2026-07-08,DESCENDING,HHHH,shoreline,15668.030102,100.000000,155,155,1.000000,-12.766435,-9.429764,-7.072573,-4.140079,-2.133020,-0.371374,2.185574,-4.621172,7.248322,common_shift
0,Unnamed,NISAR_L2_PR_GCOV_025_003_D_072_4005_DHDH_A_20260708T100219_20260708T100253_P05023_N_F_J_001,2026-07-08T10:02:19.000000Z,2026-07-08,DESCENDING,HVHV,shoreline,15668.030102,100.000000,155,155,1.000000,-19.786795,-15.044982,-12.364685,-9.399770,-7.441061,-5.818199,-1.877437,-9.973113,7.236380,common_shift
0,Unnamed,NISAR_L2_PR_GCOV_025_003_D_072_4005_DHDH_A_20260708T100219_20260708T100253_P05023_N_F_J_001,2026-07-08T10:02:19.000000Z,2026-07-08,DESCENDING,HHHH,whole,15668.030102,100.000000,155,155,1.000000,-12.766435,-9.429764,-7.072573,-4.140079,-2.133020,-0.371374,2.185574,-4.621172,7.248322,common_shift
0,Unnamed,NISAR_L2_PR_GCOV_025_003_D_072_4005_DHDH_A_20260708T100219_20260708T100253_P05023_N_F_J_001,2026-07-08T10:02:19.000000Z,2026-07-08,DESCENDING,HVHV,whole,15668.030102,100.000000,155,155,1.000000,-19.786795,-15.044982,-12.364685,-9.399770,-7.441061,-5.818199,-1.877437,-9.973113,7.236380,common_shift
1,Unnamed,NISAR_L2_PR_GCOV_025_003_D_072_4005_DHDH_A_20260708T100219_20260708T100253_P05023_N_F_J_001,2026-07-08T10:02:19.000000Z,2026-07-08,DESCENDING,HHHH,shoreline,14315.224709,100.000000,141,141,1.000000,-13.059098,-9.536184,-8.057455,-6.175378,-3.657191,-1.769835,0.684909,-5.979685,7.248322,common_shift
1,Unnamed,NISAR_L2_PR_GCOV_025_003_D_072_4005_DHDH_A_20260708T100219_20260708T100253_P05023_N_F_J_001,2026-07-08T10:02:19.000000Z,2026-07-08,DESCENDING,HVHV,shoreline,14315.224709,100.000000,141,141,1.000000,-18.999890,-15.546597,-13.663560,-11.134359,-9.399121,-7.329773,-2.733746,-11.361256,7.236380,common_shift
1,Unnamed,NISAR_L2_PR_GCOV_025_003_D_072_4005_DHDH_A_20260708T100219_20260708T100253_P05023_N_F_J_001,2026-07-08T10:02:19.000000Z,2026-07-08,DESCENDING,HHHH,whole,14315.224709,100.000000,141,141,1.000000,-13.059098,-9.536184,-8.057455,-6.175378,-3.657191,-1.769835,0.684909,-5.979685,7.248322,common_shift
1,Unnamed,NISAR_L2_PR_GCOV_025_003_D_072_4005_DHDH_A_20260708T100219_20260708T100253_P05023_N_F_J_001,2026-07-08T10:02:19.000000Z,2026-07-08,DESCENDING,HVHV,whole,14315.224709,100.000000,141,141,1.000000,-18.999890,-15.546597,-13.663560,-11.134359,-9.399121,-7.329773,-2.733746,-11.361256,7.236380,common_shift
12,Unnamed,NISAR_L2_PR_GCOV_025_003_D_072_4005_DHDH_A_20260708T100219_20260708T100253_P05023_N_F_J_001,2026-07-08T10:02:19.000000Z,2026-07-08,DESCENDING,HHHH,shoreline,6395.508556,100.000000,63,63,1.000000,-11.648567,-9.045381,-8.279075,-6.453644,-5.151151,-4.062608,-0.504502,-6.514932,7.248322,common_shift
12,Unnamed,NISAR_L2_PR_GCOV_025_003_D_072_4005_DHDH_A_20260708T100219_20260708T100253_P05023_N_F_J_001,2026-07-08T10:02:19.000000Z,2026-07-08,DESCENDING,HVHV,shoreline,6395.508556,100.000000,63,63,1.000000,-14.071069,-13.047134,-11.891347,-11.244376,-10.209763,-9.616788,-8.226636,-11.134960,7.236380,common_shift
12,Unnamed,NISAR_L2_PR_GCOV_025_003_D_072_4005_DHDH_A_20260708T100219_20260708T100253_P05023_N_F_J_001,2026-07-08T10:02:19.000000Z,2026-07-08,DESCENDING,HHHH,whole,6395.508556,100.000000,63,63,1.000000,-11.648567,-9.045381,-8.279075,-6.453644,-5.151151,-4.062608,-0.504502,-6.514932,7.248322,common_shift
12,Unnamed,NISAR_L2_PR_GCOV_025_003_D_072_4005_DHDH_A_20260708T100219_20260708T100253_P05023_N_F_J_001,2026-07-08T10:02:19.000000Z,2026-07-08,DESCENDING,HVHV,whole,6395.508556,100.000000,63,63,1.000000,-14.071069,-13.047134,-11.891347,-11.244376,-10.209763,-9.616788,-8.226636,-11.134960,7.236380,common_shift
13,Unnamed,NISAR_L2_PR_GCOV_025_003_D_072_4005_DHDH_A_20260708T100219_20260708T100253_P05023_N_F_J_001,2026-07-08T10:02:19.000000Z,2026-07-08,DESCENDING,HHHH,shoreline,18329.633771,100.000000,177,177,1.000000,-18.342794,-9.981774,-7.846374,-5.465294,-3.142577,-0.638085,4.873423,-5.464249,7.248322,common_shift
13,Unnamed,NISAR_L2_PR_GCOV_025_003_D_072_4005_DHDH_A_20260708T100219_20260708T100253_P05023_N_F_J_001,2026-07-08T10:02:19.000000Z,2026-07-08,DESCENDING,HVHV,shoreline,18329.633771,100.000000,177,177,1.000000,-22.404582,-14.119686,-12.243344,-10.380619,-7.928520,-6.199109,-1.959691,-10.293266,7.236380,common_shift
13,Unnamed,NISAR_L2_PR_GCOV_025_003_D_072_4005_DHDH_A_20260708T100219_20260708T100253_P05023_N_F_J_001,2026-07-08T10:02:19.000000Z,2026-07-08,DESCENDING,HHHH,whole,18329.633771,100.000000,177,177,1.000000,-18.342794,-9.981774,-7.846374,-5.465294,-3.142577,-0.638085,4.873423,-5.464249,7.248322,common_shift
13,Unnamed,NISAR_L2_PR_GCOV_025_003_D_072_4005_DHDH_A_20260708T100219_20260708T100253_P05023_N_F_J_001,2026-07-08T10:02:19.000000Z,2026-07-08,DESCENDING,HVHV,whole,18329.633771,100.000000,177,177,1.000000,-22.404582,-14.119686,-12.243344,-10.380619,-7.928520,-6.199109,-1.959691,-10.293266,7.236380,common_shift
14,Unnamed,NISAR_L2_PR_GCOV_025_003_D_072_4005_DHDH_A_20260708T100219_20260708T100253_P05023_N_F_J_001,2026-07-08T10:02:19.000000Z,2026-07-08,DESCENDING,HHHH,shoreline,6151.446071,100.000000,63,63,1.000000,-14.439361,-11.575754,-9.282662,-7.666855,-6.020427,-4.170330,-2.570102,-7.726948,7.248322,common_shift
14,Unnamed,NISAR_L2_PR_GCOV_025_003_D_072_4005_DHDH_A_20260708T100219_20260708T100253_P05023_N_F_J_001,2026-07-08T10:02:19.000000Z,2026-07-08,DESCENDING,HVHV,shoreline,6151.446071,100.000000,63,63,1.000000,-20.348592,-17.091230,-14.749254,-12.354517,-11.343325,-10.383198,-7.760160,-13.296942,7.236380,common_shift
14,Unnamed,NISAR_L2_PR_GCOV_025_003_D_072_4005_DHDH_A_20260708T100219_20260708T100253_P05023_N_F_J_001,2026-07-08T10:02:19.000000Z,2026-07-08,DESCENDING,HHHH,whole,6151.446071,100.000000,63,63,1.000000,-14.439361,-11.575754,-9.282662,-7.666855,-6.020427,-4.170330,-2.570102,-7.726948,7.248322,common_shift
14,Unnamed,NISAR_L2_PR_GCOV_025_003_D_072_4005_DHDH_A_20260708T100219_20260708T100253_P05023_N_F_J_001,2026-07-08T10:02:19.000000Z,2026-07-08,DESCENDING,HVHV,whole,6151.446071,100.000000,63,63,1.000000,-20.348592,-17.091230,-14.749254,-12.354517,-11.343325,-10.383198,-7.760160,-13.296942,7.236380,common_shift
15,Unnamed,NISAR_L2_PR_GCOV_025_003_D_072_4005_DHDH_A_20260708T100219_20260708T100253_P05023_N_F_J_001,2026-07-08T10:02:19.000000Z,2026-07-08,DESCENDING,HHHH,shoreline,11176.661939,100.000000,112,112,1.000000,-18.302017,-13.477136,-11.887695,-10.053084,-8.464526,-6.629487,-3.072640,-10.094943,7.248322,common_shift
15,Unnamed,NISAR_L2_PR_GCOV_025_003_D_072_4005_DHDH_A_20260708T100219_20260708T100253_P05023_N_F_J_001,2026-07-08T10:02:19.000000Z,2026-07-08,DESCENDING,HVHV,shoreline,11176.661939,100.000000,112,112,1.000000,-24.913942,-17.718836,-16.213723,-14.017233,-12.189931,-10.467895,-6.820757,-14.212839,7.236380,common_shift
15,Unnamed,NISAR_L2_PR_GCOV_025_003_D_072_4005_DHDH_A_20260708T100219_20260708T100253_P05023_N_F_J_001,2026-07-08T10:02:19.000000Z,2026-07-08,DESCENDING,HHHH,whole,11176.661939,100.000000,112,112,1.000000,-18.302017,-13.477136,-11.887695,-10.053084,-8.464526,-6.629487,-3.072640,-10.094943,7.248322,common_shift
15,Unnamed,NISAR_L2_PR_GCOV_025_003_D_072_4005_DHDH_A_20260708T100219_20260708T100253_P05023_N_F_J_001,2026-07-08T10:02:19.000000Z,2026-07-08,DESCENDING,HVHV,whole,11176.661939,100.000000,112,112,1.000000,-24.913942,-17.718836,-16.213723,-14.017233,-12.189931,-10.467895,-6.820757,-14.212839,7.236380,common_shift
16,Unnamed,NISAR_L2_PR_GCOV_025_003_D_072_4005_DHDH_A_20260708T100219_20260708T100253_P05023_N_F_J_001,2026-07-08T10:02:19.000000Z,2026-07-08,DESCENDING,HHHH,shoreline,4542.975923,100.000000,45,45,1.000000,-12.288812,-10.070205,-7.989406,-5.409843,-2.525541,-0.573625,2.702855,-5.199001,7.248322,common_shift
16,Unnamed,NISAR_L2_PR_GCOV_025_003_D_072_4005_DHDH_A_20260708T100219_20260708T100253_P05023_N_F_J_001,2026-07-08T10:02:19.000000Z,2026-07-08,DESCENDING,HVHV,shoreline,4542.975923,100.000000,45,45,1.000000,-18.529134,-17.299682,-15.829246,-14.220282,-12.372932,-11.669229,-10.671640,-14.281656,7.236380,common_shift
16,Unnamed,NISAR_L2_PR_GCOV_025_003_D_072_4005_DHDH_A_20260708T100219_20260708T100253_P05023_N_F_J_001,2026-07-08T10:02:19.000000Z,2026-07-08,DESCENDING,HHHH,whole,4542.975923,100.000000,45,45,1.000000,-12.288812,-10.070205,-7.989406,-5.409843,-2.525541,-0.573625,2.702855,-5.199001,7.248322,common_shift
16,Unnamed,NISAR_L2_PR_GCOV_025_003_D_072_4005_DHDH_A_20260708T100219_20260708T100253_P05023_N_F_J_001,2026-07-08T10:02:19.000000Z,2026-07-08,DESCENDING,HVHV,whole,4542.975923,100.000000,45,45,1.000000,-18.529134,-17.299682,-15.829246,-14.220282,-12.372932,-11.669229,-10.671640,-14.281656,7.236380,common_shift
17,Unnamed,NISAR_L2_PR_GCOV_025_003_D_072_4005_DHDH_A_20260708T100219_20260708T100253_P05023_N_F_J_001,2026-07-08T10:02:19.000000Z,2026-07-08,DESCENDING,HHHH,shoreline,9008.570954,100.000000,90,90,1.000000,-15.179543,-12.188720,-10.863105,-9.466594,-7.562314,-5.012378,-0.245333,-9.017029,7.248322,common_shift
17,Unnamed,NISAR_L2_PR_GCOV_025_003_D_072_4005_DHDH_A_20260708T100219_20260708T100253_P05023_N_F_J_001,2026-07-08T10:02:19.000000Z,2026-07-08,DESCENDING,HVHV,shoreline,9008.570954,100.000000,90,90,1.000000,-22.062691,-18.895974,-17.851865,-16.423253,-14.776024,-12.930685,-8.197275,-16.182724,7.236380,common_shift
17,Unnamed,NISAR_L2_PR_GCOV_025_003_D_072_4005_DHDH_A_20260708T100219_20260708T100253_P05023_N_F_J_001,2026-07-08T10:02:19.000000Z,2026-07-08,DESCENDING,HHHH,whole,9008.570954,100.000000,90,90,1.000000,-15.179543,-12.188720,-10.863105,-9.466594,-7.562314,-5.012378,-0.245333,-9.017029,7.248322,common_shift
17,Unnamed,NISAR_L2_PR_GCOV_025_003_D_072_4005_DHDH_A_20260708T100219_20260708T100253_P05023_N_F_J_001,2026-07-08T10:02:19.000000Z,2026-07-08,DESCENDING,HVHV,whole,9008.570954,100.000000,90,90,1.000000,-22.062691,-18.895974,-17.851865,-16.423253,-14.776024,-12.930685,-8.197275,-16.182724,7.236380,common_shift
18,Unnamed,NISAR_L2_PR_GCOV_025_003_D_072_4005_DHDH_A_20260708T100219_20260708T100253_P05023_N_F_J_001,2026-07-08T10:02:19.000000Z,2026-07-08,DESCENDING,HHHH,core,118503.797474,100.000000,1184,1184,1.000000,-16.034314,-9.964778,-8.517918,-6.787552,-4.952765,-3.306851,7.554058,-6.692044,7.248322,common_shift
18,Unnamed,NISAR_L2_PR_GCOV_025_003_D_072_4005_DHDH_A_20260708T100219_20260708T100253_P05023_N_F_J_001,2026-07-08T10:02:19.000000Z,2026-07-08,DESCENDING,HVHV,core,118503.797474,100.000000,1184,1184,1.000000,-20.466816,-14.982141,-13.394469,-11.653201,-9.884067,-8.400284,-3.975244,-11.684320,7.236380,common_shift
18,Unnamed,NISAR_L2_PR_GCOV_025_003_D_072_4005_DHDH_A_20260708T100219_20260708T100253_P05023_N_F_J_001,2026-07-08T10:02:19.000000Z,2026-07-08,DESCENDING,HHHH,shoreline,155455.397743,100.000000,1557,1557,1.000000,-16.763010,-9.586042,-8.002669,-6.178538,-4.411959,-2.548994,3.672169,-6.165219,7.248322,common_shift
18,Unnamed,NISAR_L2_PR_GCOV_025_003_D_072_4005_DHDH_A_20260708T100219_20260708T100253_P05023_N_F_J_001,2026-07-08T10:02:19.000000Z,2026-07-08,DESCENDING,HVHV,shoreline,155455.397743,100.000000,1557,1557,1.000000,-21.568162,-14.818767,-13.157890,-11.430500,-9.558724,-7.840578,0.747341,-11.343616,7.236380,common_shift
18,Unnamed,NISAR_L2_PR_GCOV_025_003_D_072_4005_DHDH_A_20260708T100219_20260708T100253_P05023_N_F_J_001,2026-07-08T10:02:19.000000Z,2026-07-08,DESCENDING,HHHH,whole,273959.195218,100.000000,2741,2741,1.000000,-16.763010,-9.782607,-8.225810,-6.436472,-4.652491,-2.944141,7.554058,-6.392786,7.248322,common_shift
18,Unnamed,NISAR_L2_PR_GCOV_025_003_D_072_4005_DHDH_A_20260708T100219_20260708T100253_P05023_N_F_J_001,2026-07-08T10:02:19.000000Z,2026-07-08,DESCENDING,HVHV,whole,273959.195218,100.000000,2741,2741,1.000000,-21.568162,-14.891785,-13.254467,-11.525730,-9.695362,-8.090095,0.747341,-11.490786,7.236380,common_shift
19,Unnamed,NISAR_L2_PR_GCOV_025_003_D_072_4005_DHDH_A_20260708T100219_20260708T100253_P05023_N_F_J_001,2026-07-08T10:02:19.000000Z,2026-07-08,DESCENDING,HHHH,core,5376.480528,100.000000,55,55,1.000000,-11.855565,-10.181453,-8.810307,-7.679604,-5.881554,-4.890181,-4.007722,-7.535826,7.248322,common_shift
19,Unnamed,NISAR_L2_PR_GCOV_025_003_D_072_4005_DHDH_A_20260708T100219_20260708T100253_P05023_N_F_J_001,2026-07-08T10:02:19.000000Z,2026-07-08,DESCENDING,HVHV,core,5376.480528,100.000000,55,55,1.000000,-16.528341,-13.761636,-13.292319,-11.668652,-10.934000,-9.803759,-8.782230,-11.926251,7.236380,common_shift
19,Unnamed,NISAR_L2_PR_GCOV_025_003_D_072_4005_DHDH_A_20260708T100219_20260708T100253_P05023_N_F_J_001,2026-07-08T10:02:19.000000Z,2026-07-08,DESCENDING,HHHH,shoreline,82008.590567,100.000000,820,820,1.000000,-15.130341,-10.078614,-8.287872,-6.330557,-4.409066,-2.768078,6.411658,-6.276922,7.248322,common_shift
19,Unnamed,NISAR_L2_PR_GCOV_025_003_D_072_4005_DHDH_A_20260708T100219_20260708T100253_P05023_N_F_J_001,2026-07-08T10:02:19.000000Z,2026-07-08,DESCENDING,HVHV,shoreline,82008.590567,100.000000,820,820,1.000000,-20.433223,-15.426902,-13.529894,-11.760700,-9.529063,-7.760626,5.293602,-11.576702,7.236380,common_shift
19,Unnamed,NISAR_L2_PR_GCOV_025_003_D_072_4005_DHDH_A_20260708T100219_20260708T100253_P05023_N_F_J_001,2026-07-08T10:02:19.000000Z,2026-07-08,DESCENDING,HHHH,whole,87385.071095,100.000000,875,875,1.000000,-15.130341,-10.086922,-8.325381,-6.457966,-4.505103,-2.860563,6.411658,-6.356053,7.248322,common_shift
19,Unnamed,NISAR_L2_PR_GCOV_025_003_D_072_4005_DHDH_A_20260708T100219_20260708T100253_P05023_N_F_J_001,2026-07-08T10:02:19.000000Z,2026-07-08,DESCENDING,HVHV,whole,87385.071095,100.000000,875,875,1.000000,-20.433223,-15.336133,-13.497003,-11.754274,-9.588538,-7.835010,5.293602,-11.598673,7.236380,common_shift
2,Unnamed,NISAR_L2_PR_GCOV_025_003_D_072_4005_DHDH_A_20260708T100219_20260708T100253_P05023_N_F_J_001,2026-07-08T10:02:19.000000Z,2026-07-08,DESCENDING,HHHH,core,3277.550963,100.000000,32,32,1.000000,-10.039217,-9.064160,-7.384896,-5.708579,-4.396706,-2.709106,-1.611446,-5.837744,7.248322,common_shift
2,Unnamed,NISAR_L2_PR_GCOV_025_003_D_072_4005_DHDH_A_20260708T100219_20260708T100253_P05023_N_F_J_001,2026-07-08T10:02:19.000000Z,2026-07-08,DESCENDING,HVHV,core,3277.550963,100.000000,32,32,1.000000,-16.634181,-13.045583,-12.317474,-10.427682,-9.170095,-8.613250,-8.069281,-10.720750,7.236380,common_shift
2,Unnamed,NISAR_L2_PR_GCOV_025_003_D_072_4005_DHDH_A_20260708T100219_20260708T100253_P05023_N_F_J_001,2026-07-08T10:02:19.000000Z,2026-07-08,DESCENDING,HHHH,shoreline,30352.017361,100.000000,299,299,1.000000,-13.982149,-9.794638,-8.110387,-6.186689,-4.510957,-3.022501,2.427464,-6.244631,7.248322,common_shift
2,Unnamed,NISAR_L2_PR_GCOV_025_003_D_072_4005_DHDH_A_20260708T100219_20260708T100253_P05023_N_F_J_001,2026-07-08T10:02:19.000000Z,2026-07-08,DESCENDING,HVHV,shoreline,30352.017361,100.000000,299,299,1.000000,-19.498696,-14.839993,-13.157922,-11.485194,-10.048316,-8.598383,-5.570473,-11.622928,7.236380,common_shift
2,Unnamed,NISAR_L2_PR_GCOV_025_003_D_072_4005_DHDH_A_20260708T100219_20260708T100253_P05023_N_F_J_001,2026-07-08T10:02:19.000000Z,2026-07-08,DESCENDING,HHHH,whole,33629.568324,100.000000,331,331,1.000000,-13.982149,-9.710408,-8.055936,-6.171191,-4.510957,-2.895013,2.427464,-6.205295,7.248322,common_shift
2,Unnamed,NISAR_L2_PR_GCOV_025_003_D_072_4005_DHDH_A_20260708T100219_20260708T100253_P05023_N_F_J_001,2026-07-08T10:02:19.000000Z,2026-07-08,DESCENDING,HVHV,whole,33629.568324,100.000000,331,331,1.000000,-19.498696,-14.621914,-13.022934,-11.391411,-9.899695,-8.602815,-5.570473,-11.535709,7.236380,common_shift
20,Unnamed,NISAR_L2_PR_GCOV_025_003_D_072_4005_DHDH_A_20260708T100219_20260708T100253_P05023_N_F_J_001,2026-07-08T10:02:19.000000Z,2026-07-08,DESCENDING,HHHH,core,2083.796132,100.000000,21,21,1.000000,-10.458994,-8.324480,-7.618765,-6.459212,-4.593649,-3.628597,-1.307069,-6.069208,7.248322,common_shift
20,Unnamed,NISAR_L2_PR_GCOV_025_003_D_072_4005_DHDH_A_20260708T100219_20260708T100253_P05023_N_F_J_001,2026-07-08T10:02:19.000000Z,2026-07-08,DESCENDING,HVHV,core,2083.796132,100.000000,21,21,1.000000,-15.937431,-12.462655,-12.197866,-10.901246,-10.481518,-10.272210,-8.633427,-11.303154,7.236380,common_shift
20,Unnamed,NISAR_L2_PR_GCOV_025_003_D_072_4005_DHDH_A_20260708T100219_20260708T100253_P05023_N_F_J_001,2026-07-08T10:02:19.000000Z,2026-07-08,DESCENDING,HHHH,shoreline,47295.150140,100.000000,474,474,1.000000,-18.421158,-10.341465,-8.800066,-6.843104,-4.893141,-3.246889,14.585014,-6.699439,7.248322,common_shift
20,Unnamed,NISAR_L2_PR_GCOV_025_003_D_072_4005_DHDH_A_20260708T100219_20260708T100253_P05023_N_F_J_001,2026-07-08T10:02:19.000000Z,2026-07-08,DESCENDING,HVHV,shoreline,47295.150140,100.000000,474,474,1.000000,-23.646515,-15.351056,-13.491656,-11.881822,-9.697197,-8.297170,2.601350,-11.716497,7.236380,common_shift
20,Unnamed,NISAR_L2_PR_GCOV_025_003_D_072_4005_DHDH_A_20260708T100219_20260708T100253_P05023_N_F_J_001,2026-07-08T10:02:19.000000Z,2026-07-08,DESCENDING,HHHH,whole,49378.946273,100.000000,495,495,1.000000,-18.421158,-10.316381,-8.716571,-6.813990,-4.871854,-3.249457,14.585014,-6.672702,7.248322,common_shift
20,Unnamed,NISAR_L2_PR_GCOV_025_003_D_072_4005_DHDH_A_20260708T100219_20260708T100253_P05023_N_F_J_001,2026-07-08T10:02:19.000000Z,2026-07-08,DESCENDING,HVHV,whole,49378.946273,100.000000,495,495,1.000000,-23.646515,-15.348792,-13.416493,-11.834283,-9.738687,-8.382224,2.601350,-11.698961,7.236380,common_shift
21,Unnamed,NISAR_L2_PR_GCOV_025_003_D_072_4005_DHDH_A_20260708T100219_20260708T100253_P05023_N_F_J_001,2026-07-08T10:02:19.000000Z,2026-07-08,DESCENDING,HHHH,core,2786.707526,100.000000,27,27,1.000000,-11.479426,-8.766825,-7.326515,-5.650729,-3.624587,-2.469762,-0.335310,-5.639442,7.248322,common_shift
21,Unnamed,NISAR_L2_PR_GCOV_025_003_D_072_4005_DHDH_A_20260708T100219_20260708T100253_P05023_N_F_J_001,2026-07-08T10:02:19.000000Z,2026-07-08,DESCENDING,HVHV,core,2786.707526,100.000000,27,27,1.000000,-13.561695,-11.780008,-10.412781,-10.102660,-8.069162,-6.882751,-5.669269,-9.550066,7.236380,common_shift
21,Unnamed,NISAR_L2_PR_GCOV_025_003_D_072_4005_DHDH_A_20260708T100219_20260708T100253_P05023_N_F_J_001,2026-07-08T10:02:19.000000Z,2026-07-08,DESCENDING,HHHH,shoreline,71791.547537,100.000000,716,716,1.000000,-20.439290,-10.133614,-8.233623,-6.393621,-4.461787,-2.548364,3.439406,-6.474238,7.248322,common_shift
21,Unnamed,NISAR_L2_PR_GCOV_025_003_D_072_4005_DHDH_A_20260708T100219_20260708T100253_P05023_N_F_J_001,2026-07-08T10:02:19.000000Z,2026-07-08,DESCENDING,HVHV,shoreline,71791.547537,100.000000,716,716,1.000000,-27.357499,-16.058863,-13.895851,-11.682237,-9.774991,-8.109190,-2.286511,-11.922732,7.236380,common_shift
21,Unnamed,NISAR_L2_PR_GCOV_025_003_D_072_4005_DHDH_A_20260708T100219_20260708T100253_P05023_N_F_J_001,2026-07-08T10:02:19.000000Z,2026-07-08,DESCENDING,HHHH,whole,74578.255063,100.000000,743,743,1.000000,-20.439290,-10.104148,-8.195553,-6.383090,-4.449714,-2.544861,3.439406,-6.443903,7.248322,common_shift
21,Unnamed,NISAR_L2_PR_GCOV_025_003_D_072_4005_DHDH_A_20260708T100219_20260708T100253_P05023_N_F_J_001,2026-07-08T10:02:19.000000Z,2026-07-08,DESCENDING,HVHV,whole,74578.255063,100.000000,743,743,1.000000,-27.357499,-16.012857,-13.866671,-11.561897,-9.722039,-7.998887,-2.286511,-11.836511,7.236380,common_shift
22,Unnamed,NISAR_L2_PR_GCOV_025_003_D_072_4005_DHDH_A_20260708T100219_20260708T100253_P05023_N_F_J_001,2026-07-08T10:02:19.000000Z,2026-07-08,DESCENDING,HHHH,core,7912.597630,100.000000,78,78,1.000000,-12.972551,-10.582893,-9.617706,-8.052273,-6.266187,-5.044744,-1.537363,-7.933446,7.248322,common_shift
22,Unnamed,NISAR_L2_PR_GCOV_025_003_D_072_4005_DHDH_A_20260708T100219_20260708T100253_P05023_N_F_J_001,2026-07-08T10:02:19.000000Z,2026-07-08,DESCENDING,HVHV,core,7912.597630,100.000000,78,78,1.000000,-17.287706,-15.436618,-13.924980,-12.598130,-11.485486,-9.667927,-7.335465,-12.566285,7.236380,common_shift
22,Unnamed,NISAR_L2_PR_GCOV_025_003_D_072_4005_DHDH_A_20260708T100219_20260708T100253_P05023_N_F_J_001,2026-07-08T10:02:19.000000Z,2026-07-08,DESCENDING,HHHH,shoreline,41207.491649,100.000000,409,409,1.000000,-13.111519,-9.598327,-8.178828,-6.682707,-4.996398,-3.234462,1.289985,-6.563631,7.248322,common_shift
22,Unnamed,NISAR_L2_PR_GCOV_025_003_D_072_4005_DHDH_A_20260708T100219_20260708T100253_P05023_N_F_J_001,2026-07-08T10:02:19.000000Z,2026-07-08,DESCENDING,HVHV,shoreline,41207.491649,100.000000,409,409,1.000000,-19.756977,-15.321997,-13.754332,-12.054972,-10.398559,-8.648366,-3.702924,-12.032769,7.236380,common_shift
22,Unnamed,NISAR_L2_PR_GCOV_025_003_D_072_4005_DHDH_A_20260708T100219_20260708T100253_P05023_N_F_J_001,2026-07-08T10:02:19.000000Z,2026-07-08,DESCENDING,HHHH,whole,49120.089278,100.000000,487,487,1.000000,-13.111519,-9.810189,-8.523176,-6.976615,-5.164307,-3.371171,1.289985,-6.783026,7.248322,common_shift
22,Unnamed,NISAR_L2_PR_GCOV_025_003_D_072_4005_DHDH_A_20260708T100219_20260708T100253_P05023_N_F_J_001,2026-07-08T10:02:19.000000Z,2026-07-08,DESCENDING,HVHV,whole,49120.089278,100.000000,487,487,1.000000,-19.756977,-15.361793,-13.786849,-12.153744,-10.504136,-8.769645,-3.702924,-12.118219,7.236380,common_shift
23,Unnamed,NISAR_L2_PR_GCOV_025_003_D_072_4005_DHDH_A_20260708T100219_20260708T100253_P05023_N_F_J_001,2026-07-08T10:02:19.000000Z,2026-07-08,DESCENDING,HHHH,core,3617.292935,100.000000,35,35,1.000000,-9.398328,-6.615955,-5.546881,-3.844411,-2.455770,-0.818118,3.090274,-3.829853,7.248322,common_shift
23,Unnamed,NISAR_L2_PR_GCOV_025_003_D_072_4005_DHDH_A_20260708T100219_20260708T100253_P05023_N_F_J_001,2026-07-08T10:02:19.000000Z,2026-07-08,DESCENDING,HVHV,core,3617.292935,100.000000,35,35,1.000000,-14.007556,-12.672469,-10.688187,-9.358628,-8.022085,-6.599051,-2.032620,-9.394179,7.236380,common_shift
23,Unnamed,NISAR_L2_PR_GCOV_025_003_D_072_4005_DHDH_A_20260708T100219_20260708T100253_P05023_N_F_J_001,2026-07-08T10:02:19.000000Z,2026-07-08,DESCENDING,HHHH,shoreline,61852.370253,100.000000,624,624,1.000000,-14.384683,-9.769793,-7.914085,-6.034915,-4.334881,-2.487221,1.557877,-6.121170,7.248322,common_shift
23,Unnamed,NISAR_L2_PR_GCOV_025_003_D_072_4005_DHDH_A_20260708T100219_20260708T100253_P05023_N_F_J_001,2026-07-08T10:02:19.000000Z,2026-07-08,DESCENDING,HVHV,shoreline,61852.370253,100.000000,624,624,1.000000,-19.715128,-15.195802,-13.227728,-11.235124,-9.348072,-7.832816,-4.235808,-11.367296,7.236380,common_shift
23,Unnamed,NISAR_L2_PR_GCOV_025_003_D_072_4005_DHDH_A_20260708T100219_20260708T100253_P05023_N_F_J_001,2026-07-08T10:02:19.000000Z,2026-07-08,DESCENDING,HHHH,whole,65469.663188,100.000000,659,659,1.000000,-14.384683,-9.686831,-7.820835,-5.949809,-4.145975,-2.278595,3.090274,-5.999477,7.248322,common_shift
23,Unnamed,NISAR_L2_PR_GCOV_025_003_D_072_4005_DHDH_A_20260708T100219_20260708T100253_P05023_N_F_J_001,2026-07-08T10:02:19.000000Z,2026-07-08,DESCENDING,HVHV,whole,65469.663188,100.000000,659,659,1.000000,-19.715128,-15.081829,-13.075879,-11.156627,-9.284603,-7.757461,-2.032620,-11.262502,7.236380,common_shift
24,Unnamed,NISAR_L2_PR_GCOV_025_003_D_072_4005_DHDH_A_20260708T100219_20260708T100253_P05023_N_F_J_001,2026-07-08T10:02:19.000000Z,2026-07-08,DESCENDING,HHHH,shoreline,11788.240185,100.000000,122,122,1.000000,-11.684861,-8.519961,-6.704764,-5.085321,-3.526835,-1.402856,2.893197,-5.023925,7.248322,common_shift
24,Unnamed,NISAR_L2_PR_GCOV_025_003_D_072_4005_DHDH_A_20260708T100219_20260708T100253_P05023_N_F_J_001,2026-07-08T10:02:19.000000Z,2026-07-08,DESCENDING,HVHV,shoreline,11788.240185,100.000000,122,122,1.000000,-19.835621,-14.319286,-13.299450,-11.613671,-10.242530,-8.102491,-3.810138,-11.516234,7.236380,common_shift
24,Unnamed,NISAR_L2_PR_GCOV_025_003_D_072_4005_DHDH_A_20260708T100219_20260708T100253_P05023_N_F_J_001,2026-07-08T10:02:19.000000Z,2026-07-08,DESCENDING,HHHH,whole,11788.240185,100.000000,122,122,1.000000,-11.684861,-8.519961,-6.704764,-5.085321,-3.526835,-1.402856,2.893197,-5.023925,7.248322,common_shift
24,Unnamed,NISAR_L2_PR_GCOV_025_003_D_072_4005_DHDH_A_20260708T100219_20260708T100253_P05023_N_F_J_001,2026-07-08T10:02:19.000000Z,2026-07-08,DESCENDING,HVHV,whole,11788.240185,100.000000,122,122,1.000000,-19.835621,-14.319286,-13.299450,-11.613671,-10.242530,-8.102491,-3.810138,-11.516234,7.236380,common_shift
25,Unnamed,NISAR_L2_PR_GCOV_025_003_D_072_4005_DHDH_A_20260708T100219_20260708T100253_P05023_N_F_J_001,2026-07-08T10:02:19.000000Z,2026-07-08,DESCENDING,HHHH,shoreline,30021.819698,100.000000,299,299,1.000000,-18.880761,-10.612421,-8.978071,-6.792247,-4.811727,-3.228483,0.556822,-6.976068,7.248322,common_shift
25,Unnamed,NISAR_L2_PR_GCOV_025_003_D_072_4005_DHDH_A_20260708T100219_20260708T100253_P05023_N_F_J_001,2026-07-08T10:02:19.000000Z,2026-07-08,DESCENDING,HVHV,shoreline,30021.819698,100.000000,299,299,1.000000,-25.154372,-15.781166,-13.633850,-11.688281,-9.593072,-8.041830,-3.975368,-11.851646,7.236380,common_shift
25,Unnamed,NISAR_L2_PR_GCOV_025_003_D_072_4005_DHDH_A_20260708T100219_20260708T100253_P05023_N_F_J_001,2026-07-08T10:02:19.000000Z,2026-07-08,DESCENDING,HHHH,whole,30021.819698,100.000000,299,299,1.000000,-18.880761,-10.612421,-8.978071,-6.792247,-4.811727,-3.228483,0.556822,-6.976068,7.248322,common_shift
25,Unnamed,NISAR_L2_PR_GCOV_025_003_D_072_4005_DHDH_A_20260708T100219_20260708T100253_P05023_N_F_J_001,2026-07-08T10:02:19.000000Z,2026-07-08,DESCENDING,HVHV,whole,30021.819698,100.000000,299,299,1.000000,-25.154372,-15.781166,-13.633850,-11.688281,-9.593072,-8.041830,-3.975368,-11.851646,7.236380,common_shift
26,Unnamed,NISAR_L2_PR_GCOV_025_003_D_072_4005_DHDH_A_20260708T100219_20260708T100253_P05023_N_F_J_001,2026-07-08T10:02:19.000000Z,2026-07-08,DESCENDING,HHHH,shoreline,14439.595936,100.000000,144,144,1.000000,-13.113427,-10.280382,-8.104847,-6.613387,-4.957141,-3.232084,2.455603,-6.611923,7.248322,common_shift
26,Unnamed,NISAR_L2_PR_GCOV_025_003_D_072_4005_DHDH_A_20260708T100219_20260708T100253_P05023_N_F_J_001,2026-07-08T10:02:19.000000Z,2026-07-08,DESCENDING,HVHV,shoreline,14439.595936,100.000000,144,144,1.000000,-22.313542,-16.426738,-14.908239,-12.870370,-10.359732,-8.476736,-2.457502,-12.625677,7.236380,common_shift
26,Unnamed,NISAR_L2_PR_GCOV_025_003_D_072_4005_DHDH_A_20260708T100219_20260708T100253_P05023_N_F_J_001,2026-07-08T10:02:19.000000Z,2026-07-08,DESCENDING,HHHH,whole,14439.595936,100.000000,144,144,1.000000,-13.113427,-10.280382,-8.104847,-6.613387,-4.957141,-3.232084,2.455603,-6.611923,7.248322,common_shift
26,Unnamed,NISAR_L2_PR_GCOV_025_003_D_072_4005_DHDH_A_20260708T100219_20260708T100253_P05023_N_F_J_001,2026-07-08T10:02:19.000000Z,2026-07-08,DESCENDING,HVHV,whole,14439.595936,100.000000,144,144,1.000000,-22.313542,-16.426738,-14.908239,-12.870370,-10.359732,-8.476736,-2.457502,-12.625677,7.236380,common_shift
27,Unnamed,NISAR_L2_PR_GCOV_025_003_D_072_4005_DHDH_A_20260708T100219_20260708T100253_P05023_N_F_J_001,2026-07-08T10:02:19.000000Z,2026-07-08,DESCENDING,HHHH,core,4488.032286,100.000000,46,46,1.000000,-9.411690,-8.124912,-7.214127,-5.540348,-4.319319,-2.616255,1.652390,-5.454875,7.248322,common_shift
27,Unnamed,NISAR_L2_PR_GCOV_025_003_D_072_4005_DHDH_A_20260708T100219_20260708T100253_P05023_N_F_J_001,2026-07-08T10:02:19.000000Z,2026-07-08,DESCENDING,HVHV,core,4488.032286,100.000000,46,46,1.000000,-15.111521,-12.841832,-11.852305,-10.308809,-9.241446,-8.111021,-5.923679,-10.478423,7.236380,common_shift
27,Unnamed,NISAR_L2_PR_GCOV_025_003_D_072_4005_DHDH_A_20260708T100219_20260708T100253_P05023_N_F_J_001,2026-07-08T10:02:19.000000Z,2026-07-08,DESCENDING,HHHH,shoreline,34066.736745,100.000000,345,345,1.000000,-16.647463,-9.367264,-7.537006,-5.465236,-3.523706,-0.744401,6.568377,-5.286037,7.248322,common_shift
27,Unnamed,NISAR_L2_PR_GCOV_025_003_D_072_4005_DHDH_A_20260708T100219_20260708T100253_P05023_N_F_J_001,2026-07-08T10:02:19.000000Z,2026-07-08,DESCENDING,HVHV,shoreline,34066.736745,100.000000,345,345,1.000000,-22.610879,-13.821972,-12.147016,-10.447225,-8.729483,-6.822287,1.040504,-10.298939,7.236380,common_shift
27,Unnamed,NISAR_L2_PR_GCOV_025_003_D_072_4005_DHDH_A_20260708T100219_20260708T100253_P05023_N_F_J_001,2026-07-08T10:02:19.000000Z,2026-07-08,DESCENDING,HHHH,whole,38554.769032,100.000000,391,391,1.000000,-16.647463,-9.277565,-7.505714,-5.465236,-3.575120,-0.927247,6.568377,-5.305900,7.248322,common_shift
27,Unnamed,NISAR_L2_PR_GCOV_025_003_D_072_4005_DHDH_A_20260708T100219_20260708T100253_P05023_N_F_J_001,2026-07-08T10:02:19.000000Z,2026-07-08,DESCENDING,HVHV,whole,38554.769032,100.000000,391,391,1.000000,-22.610879,-13.797311,-12.104779,-10.436954,-8.771233,-6.868706,1.040504,-10.320055,7.236380,common_shift
28,Unnamed,NISAR_L2_PR_GCOV_025_003_D_072_4005_DHDH_A_20260708T100219_20260708T100253_P05023_N_F_J_001,2026-07-08T10:02:19.000000Z,2026-07-08,DESCENDING,HHHH,shoreline,6322.670708,100.000000,64,64,1.000000,-9.246708,-7.648254,-5.481644,-4.301182,-2.229967,-0.994053,1.048840,-4.083239,7.248322,common_shift
28,Unnamed,NISAR_L2_PR_GCOV_025_003_D_072_4005_DHDH_A_20260708T100219_20260708T100253_P05023_N_F_J_001,2026-07-08T10:02:19.000000Z,2026-07-08,DESCENDING,HVHV,shoreline,6322.670708,100.000000,64,64,1.000000,-18.117556,-13.008247,-10.944862,-8.890085,-7.236841,-6.044610,-3.211368,-9.411882,7.236380,common_shift
28,Unnamed,NISAR_L2_PR_GCOV_025_003_D_072_4005_DHDH_A_20260708T100219_20260708T100253_P05023_N_F_J_001,2026-07-08T10:02:19.000000Z,2026-07-08,DESCENDING,HHHH,whole,6322.670708,100.000000,64,64,1.000000,-9.246708,-7.648254,-5.481644,-4.301182,-2.229967,-0.994053,1.048840,-4.083239,7.248322,common_shift
28,Unnamed,NISAR_L2_PR_GCOV_025_003_D_072_4005_DHDH_A_20260708T100219_20260708T100253_P05023_N_F_J_001,2026-07-08T10:02:19.000000Z,2026-07-08,DESCENDING,HVHV,whole,6322.670708,100.000000,64,64,1.000000,-18.117556,-13.008247,-10.944862,-8.890085,-7.236841,-6.044610,-3.211368,-9.411882,7.236380,common_shift
29,Unnamed,NISAR_L2_PR_GCOV_025_003_D_072_4005_DHDH_A_20260708T100219_20260708T100253_P05023_N_F_J_001,2026-07-08T10:02:19.000000Z,2026-07-08,DESCENDING,HHHH,shoreline,11156.619258,100.000000,110,110,1.000000,-19.069406,-11.004591,-9.018123,-7.125895,-4.631338,-2.620854,2.799712,-6.913754,7.248322,common_shift
29,Unnamed,NISAR_L2_PR_GCOV_025_003_D_072_4005_DHDH_A_20260708T100219_20260708T100253_P05023_N_F_J_001,2026-07-08T10:02:19.000000Z,2026-07-08,DESCENDING,HVHV,shoreline,11156.619258,100.000000,110,110,1.000000,-19.429504,-15.499375,-13.729009,-11.052835,-9.444895,-7.941236,-5.435771,-11.442918,7.236380,common_shift
29,Unnamed,NISAR_L2_PR_GCOV_025_003_D_072_4005_DHDH_A_20260708T100219_20260708T100253_P05023_N_F_J_001,2026-07-08T10:02:19.000000Z,2026-07-08,DESCENDING,HHHH,whole,11156.619258,100.000000,110,110,1.000000,-19.069406,-11.004591,-9.018123,-7.125895,-4.631338,-2.620854,2.799712,-6.913754,7.248322,common_shift
29,Unnamed,NISAR_L2_PR_GCOV_025_003_D_072_4005_DHDH_A_20260708T100219_20260708T100253_P05023_N_F_J_001,2026-07-08T10:02:19.000000Z,2026-07-08,DESCENDING,HVHV,whole,11156.619258,100.000000,110,110,1.000000,-19.429504,-15.499375,-13.729009,-11.052835,-9.444895,-7.941236,-5.435771,-11.442918,7.236380,common_shift
3,Unnamed,NISAR_L2_PR_GCOV_025_003_D_072_4005_DHDH_A_20260708T100219_20260708T100253_P05023_N_F_J_001,2026-07-08T10:02:19.000000Z,2026-07-08,DESCENDING,HHHH,shoreline,11434.168985,100.000000,113,113,1.000000,-14.474207,-8.257775,-6.164233,-3.893551,-2.213145,-0.104507,4.019295,-4.152562,7.248322,common_shift
3,Unnamed,NISAR_L2_PR_GCOV_025_003_D_072_4005_DHDH_A_20260708T100219_20260708T100253_P05023_N_F_J_001,2026-07-08T10:02:19.000000Z,2026-07-08,DESCENDING,HVHV,shoreline,11434.168985,100.000000,113,113,1.000000,-18.287055,-12.950050,-10.134199,-8.709313,-6.790942,-5.373168,-1.556808,-8.782506,7.236380,common_shift
3,Unnamed,NISAR_L2_PR_GCOV_025_003_D_072_4005_DHDH_A_20260708T100219_20260708T100253_P05023_N_F_J_001,2026-07-08T10:02:19.000000Z,2026-07-08,DESCENDING,HHHH,whole,11434.168985,100.000000,113,113,1.000000,-14.474207,-8.257775,-6.164233,-3.893551,-2.213145,-0.104507,4.019295,-4.152562,7.248322,common_shift
3,Unnamed,NISAR_L2_PR_GCOV_025_003_D_072_4005_DHDH_A_20260708T100219_20260708T100253_P05023_N_F_J_001,2026-07-08T10:02:19.000000Z,2026-07-08,DESCENDING,HVHV,whole,11434.168985,100.000000,113,113,1.000000,-18.287055,-12.950050,-10.134199,-8.709313,-6.790942,-5.373168,-1.556808,-8.782506,7.236380,common_shift
30,Unnamed,NISAR_L2_PR_GCOV_025_003_D_072_4005_DHDH_A_20260708T100219_20260708T100253_P05023_N_F_J_001,2026-07-08T10:02:19.000000Z,2026-07-08,DESCENDING,HHHH,shoreline,24517.632812,100.000000,241,241,1.000000,-13.041458,-8.145894,-6.169270,-4.386503,-2.622452,-0.964447,3.953612,-4.377705,7.248322,common_shift
30,Unnamed,NISAR_L2_PR_GCOV_025_003_D_072_4005_DHDH_A_20260708T100219_20260708T100253_P05023_N_F_J_001,2026-07-08T10:02:19.000000Z,2026-07-08,DESCENDING,HVHV,shoreline,24517.632812,100.000000,241,241,1.000000,-17.812441,-13.711044,-12.040471,-10.050138,-8.192246,-6.933105,-3.209980,-10.159052,7.236380,common_shift
30,Unnamed,NISAR_L2_PR_GCOV_025_003_D_072_4005_DHDH_A_20260708T100219_20260708T100253_P05023_N_F_J_001,2026-07-08T10:02:19.000000Z,2026-07-08,DESCENDING,HHHH,whole,24517.632812,100.000000,241,241,1.000000,-13.041458,-8.145894,-6.169270,-4.386503,-2.622452,-0.964447,3.953612,-4.377705,7.248322,common_shift
30,Unnamed,NISAR_L2_PR_GCOV_025_003_D_072_4005_DHDH_A_20260708T100219_20260708T100253_P05023_N_F_J_001,2026-07-08T10:02:19.000000Z,2026-07-08,DESCENDING,HVHV,whole,24517.632812,100.000000,241,241,1.000000,-17.812441,-13.711044,-12.040471,-10.050138,-8.192246,-6.933105,-3.209980,-10.159052,7.236380,common_shift
31,Unnamed,NISAR_L2_PR_GCOV_025_003_D_072_4005_DHDH_A_20260708T100219_20260708T100253_P05023_N_F_J_001,2026-07-08T10:02:19.000000Z,2026-07-08,DESCENDING,HHHH,core,1481.449039,100.000000,16,16,1.000000,-9.403126,-8.606815,-7.667241,-6.337305,-4.737797,-4.399922,-2.276650,-6.253486,7.248322,common_shift
31,Unnamed,NISAR_L2_PR_GCOV_025_003_D_072_4005_DHDH_A_20260708T100219_20260708T100253_P05023_N_F_J_001,2026-07-08T10:02:19.000000Z,2026-07-08,DESCENDING,HVHV,core,1481.449039,100.000000,16,16,1.000000,-17.315743,-13.958877,-13.004400,-11.468879,-9.961056,-8.919275,-7.739487,-11.525759,7.236380,common_shift
31,Unnamed,NISAR_L2_PR_GCOV_025_003_D_072_4005_DHDH_A_20260708T100219_20260708T100253_P05023_N_F_J_001,2026-07-08T10:02:19.000000Z,2026-07-08,DESCENDING,HHHH,shoreline,17270.036923,100.000000,174,174,1.000000,-12.902982,-10.596722,-9.244361,-7.339327,-5.989698,-4.336362,0.623060,-7.432481,7.248322,common_shift
31,Unnamed,NISAR_L2_PR_GCOV_025_003_D_072_4005_DHDH_A_20260708T100219_20260708T100253_P05023_N_F_J_001,2026-07-08T10:02:19.000000Z,2026-07-08,DESCENDING,HVHV,shoreline,17270.036923,100.000000,174,174,1.000000,-19.061849,-15.198861,-13.940236,-12.361433,-10.951152,-9.197563,-7.001670,-12.404987,7.236380,common_shift
31,Unnamed,NISAR_L2_PR_GCOV_025_003_D_072_4005_DHDH_A_20260708T100219_20260708T100253_P05023_N_F_J_001,2026-07-08T10:02:19.000000Z,2026-07-08,DESCENDING,HHHH,whole,18751.485962,100.000000,190,190,1.000000,-12.902982,-10.369806,-9.134716,-7.312269,-5.893639,-4.345379,0.623060,-7.333198,7.248322,common_shift
31,Unnamed,NISAR_L2_PR_GCOV_025_003_D_072_4005_DHDH_A_20260708T100219_20260708T100253_P05023_N_F_J_001,2026-07-08T10:02:19.000000Z,2026-07-08,DESCENDING,HVHV,whole,18751.485962,100.000000,190,190,1.000000,-19.061849,-15.170971,-13.908275,-12.309370,-10.725651,-9.176127,-7.001670,-12.330947,7.236380,common_shift
32,Unnamed,NISAR_L2_PR_GCOV_025_003_D_072_4005_DHDH_A_20260708T100219_20260708T100253_P05023_N_F_J_001,2026-07-08T10:02:19.000000Z,2026-07-08,DESCENDING,HHHH,core,3445.772556,100.000000,33,33,1.000000,-9.043376,-7.411887,-6.087009,-5.428422,-3.798443,-2.326665,-1.267539,-4.993973,7.248322,common_shift
32,Unnamed,NISAR_L2_PR_GCOV_025_003_D_072_4005_DHDH_A_20260708T100219_20260708T100253_P05023_N_F_J_001,2026-07-08T10:02:19.000000Z,2026-07-08,DESCENDING,HVHV,core,3445.772556,100.000000,33,33,1.000000,-13.684068,-11.970423,-10.208302,-9.283356,-8.484993,-7.455258,-6.543189,-9.447473,7.236380,common_shift
32,Unnamed,NISAR_L2_PR_GCOV_025_003_D_072_4005_DHDH_A_20260708T100219_20260708T100253_P05023_N_F_J_001,2026-07-08T10:02:19.000000Z,2026-07-08,DESCENDING,HHHH,shoreline,32863.807375,100.000000,333,333,1.000000,-13.459730,-8.718229,-7.112082,-5.354295,-3.480366,-1.817847,1.488394,-5.293650,7.248322,common_shift
32,Unnamed,NISAR_L2_PR_GCOV_025_003_D_072_4005_DHDH_A_20260708T100219_20260708T100253_P05023_N_F_J_001,2026-07-08T10:02:19.000000Z,2026-07-08,DESCENDING,HVHV,shoreline,32863.807375,100.000000,333,333,1.000000,-18.888490,-13.942777,-12.158235,-10.515569,-9.122717,-7.777362,-1.992541,-10.592597,7.236380,common_shift
32,Unnamed,NISAR_L2_PR_GCOV_025_003_D_072_4005_DHDH_A_20260708T100219_20260708T100253_P05023_N_F_J_001,2026-07-08T10:02:19.000000Z,2026-07-08,DESCENDING,HHHH,whole,36309.579932,100.000000,366,366,1.000000,-13.459730,-8.541939,-7.036751,-5.381522,-3.480440,-1.861991,1.488394,-5.266630,7.248322,common_shift
32,Unnamed,NISAR_L2_PR_GCOV_025_003_D_072_4005_DHDH_A_20260708T100219_20260708T100253_P05023_N_F_J_001,2026-07-08T10:02:19.000000Z,2026-07-08,DESCENDING,HVHV,whole,36309.579932,100.000000,366,366,1.000000,-18.888490,-13.808369,-11.977499,-10.364275,-9.033876,-7.749290,-1.992541,-10.489348,7.236380,common_shift
33,Unnamed,NISAR_L2_PR_GCOV_025_003_D_072_4005_DHDH_A_20260708T100219_20260708T100253_P05023_N_F_J_001,2026-07-08T10:02:19.000000Z,2026-07-08,DESCENDING,HHHH,shoreline,9956.188808,100.000000,98,98,1.000000,-14.666744,-10.464367,-8.326393,-6.712435,-4.409507,-3.049957,1.238423,-6.584947,7.248322,common_shift
33,Unnamed,NISAR_L2_PR_GCOV_025_003_D_072_4005_DHDH_A_20260708T100219_20260708T100253_P05023_N_F_J_001,2026-07-08T10:02:19.000000Z,2026-07-08,DESCENDING,HVHV,shoreline,9956.188808,100.000000,98,98,1.000000,-19.120053,-15.205086,-13.332607,-11.381779,-10.176450,-6.907876,-3.078156,-11.511236,7.236380,common_shift
33,Unnamed,NISAR_L2_PR_GCOV_025_003_D_072_4005_DHDH_A_20260708T100219_20260708T100253_P05023_N_F_J_001,2026-07-08T10:02:19.000000Z,2026-07-08,DESCENDING,HHHH,whole,9956.188808,100.000000,98,98,1.000000,-14.666744,-10.464367,-8.326393,-6.712435,-4.409507,-3.049957,1.238423,-6.584947,7.248322,common_shift
33,Unnamed,NISAR_L2_PR_GCOV_025_003_D_072_4005_DHDH_A_20260708T100219_20260708T100253_P05023_N_F_J_001,2026-07-08T10:02:19.000000Z,2026-07-08,DESCENDING,HVHV,whole,9956.188808,100.000000,98,98,1.000000,-19.120053,-15.205086,-13.332607,-11.381779,-10.176450,-6.907876,-3.078156,-11.511236,7.236380,common_shift
34,Unnamed,NISAR_L2_PR_GCOV_025_003_D_072_4005_DHDH_A_20260708T100219_20260708T100253_P05023_N_F_J_001,2026-07-08T10:02:19.000000Z,2026-07-08,DESCENDING,HHHH,shoreline,16977.653409,100.000000,170,170,1.000000,-12.886970,-8.734731,-6.991164,-5.225175,-2.777978,-1.033647,4.899151,-4.883555,7.248322,common_shift
34,Unnamed,NISAR_L2_PR_GCOV_025_003_D_072_4005_DHDH_A_20260708T100219_20260708T100253_P05023_N_F_J_001,2026-07-08T10:02:19.000000Z,2026-07-08,DESCENDING,HVHV,shoreline,16977.653409,100.000000,170,170,1.000000,-16.258769,-12.789090,-11.213325,-8.781844,-7.025442,-5.209596,-2.872421,-8.992083,7.236380,common_shift
34,Unnamed,NISAR_L2_PR_GCOV_025_003_D_072_4005_DHDH_A_20260708T100219_20260708T100253_P05023_N_F_J_001,2026-07-08T10:02:19.000000Z,2026-07-08,DESCENDING,HHHH,whole,16977.653409,100.000000,170,170,1.000000,-12.886970,-8.734731,-6.991164,-5.225175,-2.777978,-1.033647,4.899151,-4.883555,7.248322,common_shift
34,Unnamed,NISAR_L2_PR_GCOV_025_003_D_072_4005_DHDH_A_20260708T100219_20260708T100253_P05023_N_F_J_001,2026-07-08T10:02:19.000000Z,2026-07-08,DESCENDING,HVHV,whole,16977.653409,100.000000,170,170,1.000000,-16.258769,-12.789090,-11.213325,-8.781844,-7.025442,-5.209596,-2.872421,-8.992083,7.236380,common_shift
35,Unnamed,NISAR_L2_PR_GCOV_025_003_D_072_4005_DHDH_A_20260708T100219_20260708T100253_P05023_N_F_J_001,2026-07-08T10:02:19.000000Z,2026-07-08,DESCENDING,HHHH,core,163.178983,100.000000,2,2,1.000000,-10.808012,-9.891222,-8.516037,-6.224062,-3.932087,-2.556902,-1.640112,-6.224062,7.248322,common_shift
35,Unnamed,NISAR_L2_PR_GCOV_025_003_D_072_4005_DHDH_A_20260708T100219_20260708T100253_P05023_N_F_J_001,2026-07-08T10:02:19.000000Z,2026-07-08,DESCENDING,HVHV,core,163.178983,100.000000,2,2,1.000000,-10.448924,-10.358675,-10.223301,-9.997678,-9.772055,-9.636681,-9.546432,-9.997678,7.236380,common_shift
35,Unnamed,NISAR_L2_PR_GCOV_025_003_D_072_4005_DHDH_A_20260708T100219_20260708T100253_P05023_N_F_J_001,2026-07-08T10:02:19.000000Z,2026-07-08,DESCENDING,HHHH,shoreline,26376.921634,100.000000,266,266,1.000000,-13.176053,-8.060369,-6.413407,-4.903499,-3.731922,-2.431580,1.289148,-5.169607,7.248322,common_shift
35,Unnamed,NISAR_L2_PR_GCOV_025_003_D_072_4005_DHDH_A_20260708T100219_20260708T100253_P05023_N_F_J_001,2026-07-08T10:02:19.000000Z,2026-07-08,DESCENDING,HVHV,shoreline,26376.921634,100.000000,266,266,1.000000,-21.781701,-12.850010,-11.743511,-10.031747,-8.495276,-7.205394,-5.015651,-10.165091,7.236380,common_shift
35,Unnamed,NISAR_L2_PR_GCOV_025_003_D_072_4005_DHDH_A_20260708T100219_20260708T100253_P05023_N_F_J_001,2026-07-08T10:02:19.000000Z,2026-07-08,DESCENDING,HHHH,whole,26540.100617,100.000000,268,268,1.000000,-13.176053,-8.074802,-6.415629,-4.903499,-3.711038,-2.387722,1.289148,-5.177476,7.248322,common_shift
35,Unnamed,NISAR_L2_PR_GCOV_025_003_D_072_4005_DHDH_A_20260708T100219_20260708T100253_P05023_N_F_J_001,2026-07-08T10:02:19.000000Z,2026-07-08,DESCENDING,HVHV,whole,26540.100617,100.000000,268,268,1.000000,-21.781701,-12.836079,-11.738966,-10.031747,-8.496653,-7.213125,-5.015651,-10.163842,7.236380,common_shift
43,Unnamed,NISAR_L2_PR_GCOV_025_003_D_072_4005_DHDH_A_20260708T100219_20260708T100253_P05023_N_F_J_001,2026-07-08T10:02:19.000000Z,2026-07-08,DESCENDING,HHHH,shoreline,14166.390215,100.000000,143,143,1.000000,-15.149108,-10.843245,-9.144699,-6.656199,-4.651854,-2.225765,2.521363,-6.618862,7.248322,common_shift
43,Unnamed,NISAR_L2_PR_GCOV_025_003_D_072_4005_DHDH_A_20260708T100219_20260708T100253_P05023_N_F_J_001,2026-07-08T10:02:19.000000Z,2026-07-08,DESCENDING,HVHV,shoreline,14166.390215,100.000000,143,143,1.000000,-17.238305,-14.580058,-12.549363,-10.613677,-8.490940,-6.022118,0.089851,-10.346206,7.236380,common_shift
43,Unnamed,NISAR_L2_PR_GCOV_025_003_D_072_4005_DHDH_A_20260708T100219_20260708T100253_P05023_N_F_J_001,2026-07-08T10:02:19.000000Z,2026-07-08,DESCENDING,HHHH,whole,14166.390215,100.000000,143,143,1.000000,-15.149108,-10.843245,-9.144699,-6.656199,-4.651854,-2.225765,2.521363,-6.618862,7.248322,common_shift
43,Unnamed,NISAR_L2_PR_GCOV_025_003_D_072_4005_DHDH_A_20260708T100219_20260708T100253_P05023_N_F_J_001,2026-07-08T10:02:19.000000Z,2026-07-08,DESCENDING,HVHV,whole,14166.390215,100.000000,143,143,1.000000,-17.238305,-14.580058,-12.549363,-10.613677,-8.490940,-6.022118,0.089851,-10.346206,7.236380,common_shift
48,Unnamed,NISAR_L2_PR_GCOV_025_003_D_072_4005_DHDH_A_20260708T100219_20260708T100253_P05023_N_F_J_001,2026-07-08T10:02:19.000000Z,2026-07-08,DESCENDING,HHHH,shoreline,3435.845157,100.000000,35,35,1.000000,-9.558425,-8.019890,-7.426343,-6.447206,-4.945050,-2.717030,4.907208,-5.750617,7.248322,common_shift
48,Unnamed,NISAR_L2_PR_GCOV_025_003_D_072_4005_DHDH_A_20260708T100219_20260708T100253_P05023_N_F_J_001,2026-07-08T10:02:19.000000Z,2026-07-08,DESCENDING,HVHV,shoreline,3435.845157,100.000000,35,35,1.000000,-16.308625,-14.507932,-12.605869,-10.991944,-9.286261,-7.675270,-7.072938,-11.213741,7.236380,common_shift
48,Unnamed,NISAR_L2_PR_GCOV_025_003_D_072_4005_DHDH_A_20260708T100219_20260708T100253_P05023_N_F_J_001,2026-07-08T10:02:19.000000Z,2026-07-08,DESCENDING,HHHH,whole,3435.845157,100.000000,35,35,1.000000,-9.558425,-8.019890,-7.426343,-6.447206,-4.945050,-2.717030,4.907208,-5.750617,7.248322,common_shift
48,Unnamed,NISAR_L2_PR_GCOV_025_003_D_072_4005_DHDH_A_20260708T100219_20260708T100253_P05023_N_F_J_001,2026-07-08T10:02:19.000000Z,2026-07-08,DESCENDING,HVHV,whole,3435.845157,100.000000,35,35,1.000000,-16.308625,-14.507932,-12.605869,-10.991944,-9.286261,-7.675270,-7.072938,-11.213741,7.236380,common_shift
0,Unnamed,NISAR_L2_PR_GCOV_025_024_A_018_4005_DHDH_A_20260709T202900_20260709T202935_P05023_N_F_J_001,2026-07-09T20:29:00.000000Z,2026-07-09,ASCENDING,HHHH,shoreline,15668.030102,100.000000,155,155,1.000000,-19.953299,-17.167527,-15.554886,-13.710363,-11.132185,-9.389766,-2.696166,-13.402560,-0.179566,ok
0,Unnamed,NISAR_L2_PR_GCOV_025_024_A_018_4005_DHDH_A_20260709T202900_20260709T202935_P05023_N_F_J_001,2026-07-09T20:29:00.000000Z,2026-07-09,ASCENDING,HVHV,shoreline,15668.030102,100.000000,155,155,1.000000,-24.583665,-21.531733,-20.400143,-18.456792,-15.784044,-13.340827,-9.117847,-18.001902,-0.037602,ok
0,Unnamed,NISAR_L2_PR_GCOV_025_024_A_018_4005_DHDH_A_20260709T202900_20260709T202935_P05023_N_F_J_001,2026-07-09T20:29:00.000000Z,2026-07-09,ASCENDING,HHHH,whole,15668.030102,100.000000,155,155,1.000000,-19.953299,-17.167527,-15.554886,-13.710363,-11.132185,-9.389766,-2.696166,-13.402560,-0.179566,ok
0,Unnamed,NISAR_L2_PR_GCOV_025_024_A_018_4005_DHDH_A_20260709T202900_20260709T202935_P05023_N_F_J_001,2026-07-09T20:29:00.000000Z,2026-07-09,ASCENDING,HVHV,whole,15668.030102,100.000000,155,155,1.000000,-24.583665,-21.531733,-20.400143,-18.456792,-15.784044,-13.340827,-9.117847,-18.001902,-0.037602,ok
1,Unnamed,NISAR_L2_PR_GCOV_025_024_A_018_4005_DHDH_A_20260709T202900_20260709T202935_P05023_N_F_J_001,2026-07-09T20:29:00.000000Z,2026-07-09,ASCENDING,HHHH,shoreline,14315.224709,100.000000,141,141,1.000000,-21.810944,-16.945407,-15.600328,-12.989995,-9.877959,-7.095839,-0.538651,-12.572612,-0.179566,ok
1,Unnamed,NISAR_L2_PR_GCOV_025_024_A_018_4005_DHDH_A_20260709T202900_20260709T202935_P05023_N_F_J_001,2026-07-09T20:29:00.000000Z,2026-07-09,ASCENDING,HVHV,shoreline,14315.224709,100.000000,141,141,1.000000,-27.760599,-21.967305,-19.916070,-18.121451,-15.699929,-12.446074,-6.598702,-17.604233,-0.037602,ok
1,Unnamed,NISAR_L2_PR_GCOV_025_024_A_018_4005_DHDH_A_20260709T202900_20260709T202935_P05023_N_F_J_001,2026-07-09T20:29:00.000000Z,2026-07-09,ASCENDING,HHHH,whole,14315.224709,100.000000,141,141,1.000000,-21.810944,-16.945407,-15.600328,-12.989995,-9.877959,-7.095839,-0.538651,-12.572612,-0.179566,ok
1,Unnamed,NISAR_L2_PR_GCOV_025_024_A_018_4005_DHDH_A_20260709T202900_20260709T202935_P05023_N_F_J_001,2026-07-09T20:29:00.000000Z,2026-07-09,ASCENDING,HVHV,whole,14315.224709,100.000000,141,141,1.000000,-27.760599,-21.967305,-19.916070,-18.121451,-15.699929,-12.446074,-6.598702,-17.604233,-0.037602,ok
12,Unnamed,NISAR_L2_PR_GCOV_025_024_A_018_4005_DHDH_A_20260709T202900_20260709T202935_P05023_N_F_J_001,2026-07-09T20:29:00.000000Z,2026-07-09,ASCENDING,HHHH,shoreline,6395.508556,100.000000,63,63,1.000000,-18.290301,-16.443910,-14.780421,-11.730643,-7.356415,-3.967401,1.149271,-10.648807,-0.179566,ok
12,Unnamed,NISAR_L2_PR_GCOV_025_024_A_018_4005_DHDH_A_20260709T202900_20260709T202935_P05023_N_F_J_001,2026-07-09T20:29:00.000000Z,2026-07-09,ASCENDING,HVHV,shoreline,6395.508556,100.000000,63,63,1.000000,-25.287569,-21.256647,-19.352766,-15.823385,-13.915652,-10.625490,-8.264909,-16.321323,-0.037602,ok
12,Unnamed,NISAR_L2_PR_GCOV_025_024_A_018_4005_DHDH_A_20260709T202900_20260709T202935_P05023_N_F_J_001,2026-07-09T20:29:00.000000Z,2026-07-09,ASCENDING,HHHH,whole,6395.508556,100.000000,63,63,1.000000,-18.290301,-16.443910,-14.780421,-11.730643,-7.356415,-3.967401,1.149271,-10.648807,-0.179566,ok
12,Unnamed,NISAR_L2_PR_GCOV_025_024_A_018_4005_DHDH_A_20260709T202900_20260709T202935_P05023_N_F_J_001,2026-07-09T20:29:00.000000Z,2026-07-09,ASCENDING,HVHV,whole,6395.508556,100.000000,63,63,1.000000,-25.287569,-21.256647,-19.352766,-15.823385,-13.915652,-10.625490,-8.264909,-16.321323,-0.037602,ok
13,Unnamed,NISAR_L2_PR_GCOV_025_024_A_018_4005_DHDH_A_20260709T202900_20260709T202935_P05023_N_F_J_001,2026-07-09T20:29:00.000000Z,2026-07-09,ASCENDING,HHHH,shoreline,18329.633771,100.000000,177,177,1.000000,-28.418118,-19.465419,-17.388566,-15.266820,-12.426441,-9.672874,-4.731600,-15.042310,-0.179566,ok
13,Unnamed,NISAR_L2_PR_GCOV_025_024_A_018_4005_DHDH_A_20260709T202900_20260709T202935_P05023_N_F_J_001,2026-07-09T20:29:00.000000Z,2026-07-09,ASCENDING,HVHV,shoreline,18329.633771,100.000000,177,177,1.000000,-31.083446,-24.633925,-22.081921,-20.234047,-17.340031,-15.000563,-8.816786,-19.915589,-0.037602,ok
13,Unnamed,NISAR_L2_PR_GCOV_025_024_A_018_4005_DHDH_A_20260709T202900_20260709T202935_P05023_N_F_J_001,2026-07-09T20:29:00.000000Z,2026-07-09,ASCENDING,HHHH,whole,18329.633771,100.000000,177,177,1.000000,-28.418118,-19.465419,-17.388566,-15.266820,-12.426441,-9.672874,-4.731600,-15.042310,-0.179566,ok
13,Unnamed,NISAR_L2_PR_GCOV_025_024_A_018_4005_DHDH_A_20260709T202900_20260709T202935_P05023_N_F_J_001,2026-07-09T20:29:00.000000Z,2026-07-09,ASCENDING,HVHV,whole,18329.633771,100.000000,177,177,1.000000,-31.083446,-24.633925,-22.081921,-20.234047,-17.340031,-15.000563,-8.816786,-19.915589,-0.037602,ok
14,Unnamed,NISAR_L2_PR_GCOV_025_024_A_018_4005_DHDH_A_20260709T202900_20260709T202935_P05023_N_F_J_001,2026-07-09T20:29:00.000000Z,2026-07-09,ASCENDING,HHHH,shoreline,6151.446071,100.000000,63,63,1.000000,-19.773457,-16.181948,-14.011668,-11.267882,-6.529331,-3.493981,-1.544260,-10.459912,-0.179566,ok
14,Unnamed,NISAR_L2_PR_GCOV_025_024_A_018_4005_DHDH_A_20260709T202900_20260709T202935_P05023_N_F_J_001,2026-07-09T20:29:00.000000Z,2026-07-09,ASCENDING,HVHV,shoreline,6151.446071,100.000000,63,63,1.000000,-22.143606,-19.707845,-18.534401,-16.832355,-12.793380,-8.691501,-5.968561,-15.397296,-0.037602,ok
14,Unnamed,NISAR_L2_PR_GCOV_025_024_A_018_4005_DHDH_A_20260709T202900_20260709T202935_P05023_N_F_J_001,2026-07-09T20:29:00.000000Z,2026-07-09,ASCENDING,HHHH,whole,6151.446071,100.000000,63,63,1.000000,-19.773457,-16.181948,-14.011668,-11.267882,-6.529331,-3.493981,-1.544260,-10.459912,-0.179566,ok
14,Unnamed,NISAR_L2_PR_GCOV_025_024_A_018_4005_DHDH_A_20260709T202900_20260709T202935_P05023_N_F_J_001,2026-07-09T20:29:00.000000Z,2026-07-09,ASCENDING,HVHV,whole,6151.446071,100.000000,63,63,1.000000,-22.143606,-19.707845,-18.534401,-16.832355,-12.793380,-8.691501,-5.968561,-15.397296,-0.037602,ok
15,Unnamed,NISAR_L2_PR_GCOV_025_024_A_018_4005_DHDH_A_20260709T202900_20260709T202935_P05023_N_F_J_001,2026-07-09T20:29:00.000000Z,2026-07-09,ASCENDING,HHHH,shoreline,11176.661939,100.000000,112,112,1.000000,-19.571071,-15.892503,-13.679308,-10.660044,-7.507322,-4.010438,2.959910,-10.440274,-0.179566,ok
15,Unnamed,NISAR_L2_PR_GCOV_025_024_A_018_4005_DHDH_A_20260709T202900_20260709T202935_P05023_N_F_J_001,2026-07-09T20:29:00.000000Z,2026-07-09,ASCENDING,HVHV,shoreline,11176.661939,100.000000,112,112,1.000000,-24.277295,-21.642062,-19.223914,-15.887297,-12.699636,-10.626714,-6.860215,-15.940763,-0.037602,ok
15,Unnamed,NISAR_L2_PR_GCOV_025_024_A_018_4005_DHDH_A_20260709T202900_20260709T202935_P05023_N_F_J_001,2026-07-09T20:29:00.000000Z,2026-07-09,ASCENDING,HHHH,whole,11176.661939,100.000000,112,112,1.000000,-19.571071,-15.892503,-13.679308,-10.660044,-7.507322,-4.010438,2.959910,-10.440274,-0.179566,ok
15,Unnamed,NISAR_L2_PR_GCOV_025_024_A_018_4005_DHDH_A_20260709T202900_20260709T202935_P05023_N_F_J_001,2026-07-09T20:29:00.000000Z,2026-07-09,ASCENDING,HVHV,whole,11176.661939,100.000000,112,112,1.000000,-24.277295,-21.642062,-19.223914,-15.887297,-12.699636,-10.626714,-6.860215,-15.940763,-0.037602,ok
16,Unnamed,NISAR_L2_PR_GCOV_025_024_A_018_4005_DHDH_A_20260709T202900_20260709T202935_P05023_N_F_J_001,2026-07-09T20:29:00.000000Z,2026-07-09,ASCENDING,HHHH,shoreline,4542.975923,100.000000,45,45,1.000000,-19.101701,-15.764490,-14.005993,-10.573600,-8.085509,-5.188836,-4.056521,-10.913631,-0.179566,ok
16,Unnamed,NISAR_L2_PR_GCOV_025_024_A_018_4005_DHDH_A_20260709T202900_20260709T202935_P05023_N_F_J_001,2026-07-09T20:29:00.000000Z,2026-07-09,ASCENDING,HVHV,shoreline,4542.975923,100.000000,45,45,1.000000,-29.713031,-23.440627,-22.351633,-19.267800,-15.137466,-11.389992,-8.764742,-18.305198,-0.037602,ok
16,Unnamed,NISAR_L2_PR_GCOV_025_024_A_018_4005_DHDH_A_20260709T202900_20260709T202935_P05023_N_F_J_001,2026-07-09T20:29:00.000000Z,2026-07-09,ASCENDING,HHHH,whole,4542.975923,100.000000,45,45,1.000000,-19.101701,-15.764490,-14.005993,-10.573600,-8.085509,-5.188836,-4.056521,-10.913631,-0.179566,ok
16,Unnamed,NISAR_L2_PR_GCOV_025_024_A_018_4005_DHDH_A_20260709T202900_20260709T202935_P05023_N_F_J_001,2026-07-09T20:29:00.000000Z,2026-07-09,ASCENDING,HVHV,whole,4542.975923,100.000000,45,45,1.000000,-29.713031,-23.440627,-22.351633,-19.267800,-15.137466,-11.389992,-8.764742,-18.305198,-0.037602,ok
17,Unnamed,NISAR_L2_PR_GCOV_025_024_A_018_4005_DHDH_A_20260709T202900_20260709T202935_P05023_N_F_J_001,2026-07-09T20:29:00.000000Z,2026-07-09,ASCENDING,HHHH,shoreline,9008.570954,100.000000,90,90,1.000000,-18.659477,-15.540234,-14.222623,-12.631425,-7.658109,-3.380378,-1.513635,-11.084089,-0.179566,ok
17,Unnamed,NISAR_L2_PR_GCOV_025_024_A_018_4005_DHDH_A_20260709T202900_20260709T202935_P05023_N_F_J_001,2026-07-09T20:29:00.000000Z,2026-07-09,ASCENDING,HVHV,shoreline,9008.570954,100.000000,90,90,1.000000,-24.234328,-21.624569,-21.158052,-18.730357,-14.330931,-9.038670,-5.276720,-17.239951,-0.037602,ok
17,Unnamed,NISAR_L2_PR_GCOV_025_024_A_018_4005_DHDH_A_20260709T202900_20260709T202935_P05023_N_F_J_001,2026-07-09T20:29:00.000000Z,2026-07-09,ASCENDING,HHHH,whole,9008.570954,100.000000,90,90,1.000000,-18.659477,-15.540234,-14.222623,-12.631425,-7.658109,-3.380378,-1.513635,-11.084089,-0.179566,ok
17,Unnamed,NISAR_L2_PR_GCOV_025_024_A_018_4005_DHDH_A_20260709T202900_20260709T202935_P05023_N_F_J_001,2026-07-09T20:29:00.000000Z,2026-07-09,ASCENDING,HVHV,whole,9008.570954,100.000000,90,90,1.000000,-24.234328,-21.624569,-21.158052,-18.730357,-14.330931,-9.038670,-5.276720,-17.239951,-0.037602,ok
18,Unnamed,NISAR_L2_PR_GCOV_025_024_A_018_4005_DHDH_A_20260709T202900_20260709T202935_P05023_N_F_J_001,2026-07-09T20:29:00.000000Z,2026-07-09,ASCENDING,HHHH,core,118503.797474,100.000000,1184,1184,1.000000,-23.236923,-18.801115,-17.509627,-16.206019,-14.853707,-13.682148,-7.184422,-16.226038,-0.179566,ok
18,Unnamed,NISAR_L2_PR_GCOV_025_024_A_018_4005_DHDH_A_20260709T202900_20260709T202935_P05023_N_F_J_001,2026-07-09T20:29:00.000000Z,2026-07-09,ASCENDING,HVHV,core,118503.797474,100.000000,1184,1184,1.000000,-29.603212,-24.080532,-22.797563,-21.408430,-20.031951,-18.893436,-16.046172,-21.467230,-0.037602,ok
18,Unnamed,NISAR_L2_PR_GCOV_025_024_A_018_4005_DHDH_A_20260709T202900_20260709T202935_P05023_N_F_J_001,2026-07-09T20:29:00.000000Z,2026-07-09,ASCENDING,HHHH,shoreline,155455.397743,100.000000,1557,1557,1.000000,-24.037897,-18.317438,-16.941258,-15.318448,-12.744057,-7.706218,2.529106,-14.271648,-0.179566,ok
18,Unnamed,NISAR_L2_PR_GCOV_025_024_A_018_4005_DHDH_A_20260709T202900_20260709T202935_P05023_N_F_J_001,2026-07-09T20:29:00.000000Z,2026-07-09,ASCENDING,HVHV,shoreline,155455.397743,100.000000,1557,1557,1.000000,-29.420128,-23.691450,-22.134879,-20.454324,-18.281893,-14.470626,-6.637560,-19.830998,-0.037602,ok
18,Unnamed,NISAR_L2_PR_GCOV_025_024_A_018_4005_DHDH_A_20260709T202900_20260709T202935_P05023_N_F_J_001,2026-07-09T20:29:00.000000Z,2026-07-09,ASCENDING,HHHH,whole,273959.195218,100.000000,2741,2741,1.000000,-24.037897,-18.554929,-17.237922,-15.723807,-14.004170,-11.164851,2.529106,-15.115865,-0.179566,ok
18,Unnamed,NISAR_L2_PR_GCOV_025_024_A_018_4005_DHDH_A_20260709T202900_20260709T202935_P05023_N_F_J_001,2026-07-09T20:29:00.000000Z,2026-07-09,ASCENDING,HVHV,whole,273959.195218,100.000000,2741,2741,1.000000,-29.603212,-23.814310,-22.482736,-20.932488,-19.202681,-16.914004,-6.637560,-20.537783,-0.037602,ok
19,Unnamed,NISAR_L2_PR_GCOV_025_024_A_018_4005_DHDH_A_20260709T202900_20260709T202935_P05023_N_F_J_001,2026-07-09T20:29:00.000000Z,2026-07-09,ASCENDING,HHHH,core,5376.480528,100.000000,55,55,1.000000,-22.256198,-18.485052,-17.368054,-15.859392,-14.608224,-13.511815,-11.533387,-16.037416,-0.179566,ok
19,Unnamed,NISAR_L2_PR_GCOV_025_024_A_018_4005_DHDH_A_20260709T202900_20260709T202935_P05023_N_F_J_001,2026-07-09T20:29:00.000000Z,2026-07-09,ASCENDING,HVHV,core,5376.480528,100.000000,55,55,1.000000,-25.825028,-23.803336,-22.769292,-21.068390,-20.082808,-19.204135,-17.957756,-21.429857,-0.037602,ok
19,Unnamed,NISAR_L2_PR_GCOV_025_024_A_018_4005_DHDH_A_20260709T202900_20260709T202935_P05023_N_F_J_001,2026-07-09T20:29:00.000000Z,2026-07-09,ASCENDING,HHHH,shoreline,82008.590567,100.000000,820,820,1.000000,-23.075243,-17.835084,-16.339150,-14.299654,-10.864594,-5.984598,2.980477,-13.181195,-0.179566,ok
19,Unnamed,NISAR_L2_PR_GCOV_025_024_A_018_4005_DHDH_A_20260709T202900_20260709T202935_P05023_N_F_J_001,2026-07-09T20:29:00.000000Z,2026-07-09,ASCENDING,HVHV,shoreline,82008.590567,100.000000,820,820,1.000000,-28.644058,-22.606112,-21.104226,-19.207479,-16.187122,-12.516435,-4.954618,-18.366646,-0.037602,ok
19,Unnamed,NISAR_L2_PR_GCOV_025_024_A_018_4005_DHDH_A_20260709T202900_20260709T202935_P05023_N_F_J_001,2026-07-09T20:29:00.000000Z,2026-07-09,ASCENDING,HHHH,whole,87385.071095,100.000000,875,875,1.000000,-23.075243,-17.908505,-16.405179,-14.490425,-11.237431,-6.206785,2.980477,-13.360729,-0.179566,ok
19,Unnamed,NISAR_L2_PR_GCOV_025_024_A_018_4005_DHDH_A_20260709T202900_20260709T202935_P05023_N_F_J_001,2026-07-09T20:29:00.000000Z,2026-07-09,ASCENDING,HVHV,whole,87385.071095,100.000000,875,875,1.000000,-28.644058,-22.771108,-21.224581,-19.382140,-16.566955,-12.565026,-4.954618,-18.559191,-0.037602,ok
2,Unnamed,NISAR_L2_PR_GCOV_025_024_A_018_4005_DHDH_A_20260709T202900_20260709T202935_P05023_N_F_J_001,2026-07-09T20:29:00.000000Z,2026-07-09,ASCENDING,HHHH,core,3277.550963,100.000000,32,32,1.000000,-20.832952,-18.661963,-16.724113,-14.892315,-13.510243,-11.886115,-10.462034,-15.166799,-0.179566,ok
2,Unnamed,NISAR_L2_PR_GCOV_025_024_A_018_4005_DHDH_A_20260709T202900_20260709T202935_P05023_N_F_J_001,2026-07-09T20:29:00.000000Z,2026-07-09,ASCENDING,HVHV,core,3277.550963,100.000000,32,32,1.000000,-26.454109,-24.421060,-22.784507,-20.975808,-19.929165,-18.808408,-15.901943,-21.304410,-0.037602,ok
2,Unnamed,NISAR_L2_PR_GCOV_025_024_A_018_4005_DHDH_A_20260709T202900_20260709T202935_P05023_N_F_J_001,2026-07-09T20:29:00.000000Z,2026-07-09,ASCENDING,HHHH,shoreline,30352.017361,100.000000,299,299,1.000000,-19.842206,-16.569344,-15.146113,-13.680393,-11.800236,-9.902091,0.286739,-13.281638,-0.179566,ok
2,Unnamed,NISAR_L2_PR_GCOV_025_024_A_018_4005_DHDH_A_20260709T202900_20260709T202935_P05023_N_F_J_001,2026-07-09T20:29:00.000000Z,2026-07-09,ASCENDING,HVHV,shoreline,30352.017361,100.000000,299,299,1.000000,-27.367583,-24.168673,-23.023075,-21.395542,-20.132849,-17.370010,-7.903810,-21.057072,-0.037602,ok
2,Unnamed,NISAR_L2_PR_GCOV_025_024_A_018_4005_DHDH_A_20260709T202900_20260709T202935_P05023_N_F_J_001,2026-07-09T20:29:00.000000Z,2026-07-09,ASCENDING,HHHH,whole,33629.568324,100.000000,331,331,1.000000,-20.832952,-16.683933,-15.306478,-13.803272,-11.970248,-10.082352,0.286739,-13.463889,-0.179566,ok
2,Unnamed,NISAR_L2_PR_GCOV_025_024_A_018_4005_DHDH_A_20260709T202900_20260709T202935_P05023_N_F_J_001,2026-07-09T20:29:00.000000Z,2026-07-09,ASCENDING,HVHV,whole,33629.568324,100.000000,331,331,1.000000,-27.367583,-24.215531,-23.005143,-21.390762,-20.041797,-17.696191,-7.903810,-21.080984,-0.037602,ok
20,Unnamed,NISAR_L2_PR_GCOV_025_024_A_018_4005_DHDH_A_20260709T202900_20260709T202935_P05023_N_F_J_001,2026-07-09T20:29:00.000000Z,2026-07-09,ASCENDING,HHHH,core,2083.796132,100.000000,21,21,1.000000,-18.591720,-18.165512,-17.512446,-16.601817,-15.860749,-15.345628,-13.036455,-16.552799,-0.179566,ok
20,Unnamed,NISAR_L2_PR_GCOV_025_024_A_018_4005_DHDH_A_20260709T202900_20260709T202935_P05023_N_F_J_001,2026-07-09T20:29:00.000000Z,2026-07-09,ASCENDING,HVHV,core,2083.796132,100.000000,21,21,1.000000,-26.747424,-25.019133,-23.446842,-22.527255,-20.529233,-20.148137,-18.800565,-22.318271,-0.037602,ok
20,Unnamed,NISAR_L2_PR_GCOV_025_024_A_018_4005_DHDH_A_20260709T202900_20260709T202935_P05023_N_F_J_001,2026-07-09T20:29:00.000000Z,2026-07-09,ASCENDING,HHHH,shoreline,47295.150140,100.000000,474,474,1.000000,-21.800861,-18.921911,-17.460799,-15.799330,-13.897959,-11.412039,-1.867188,-15.328271,-0.179566,ok
20,Unnamed,NISAR_L2_PR_GCOV_025_024_A_018_4005_DHDH_A_20260709T202900_20260709T202935_P05023_N_F_J_001,2026-07-09T20:29:00.000000Z,2026-07-09,ASCENDING,HVHV,shoreline,47295.150140,100.000000,474,474,1.000000,-29.052495,-23.887144,-22.503774,-21.076476,-19.146473,-16.968531,-5.570354,-20.538206,-0.037602,ok
20,Unnamed,NISAR_L2_PR_GCOV_025_024_A_018_4005_DHDH_A_20260709T202900_20260709T202935_P05023_N_F_J_001,2026-07-09T20:29:00.000000Z,2026-07-09,ASCENDING,HHHH,whole,49378.946273,100.000000,495,495,1.000000,-21.800861,-18.887199,-17.468726,-15.876587,-13.926660,-11.642822,-1.867188,-15.380221,-0.179566,ok
20,Unnamed,NISAR_L2_PR_GCOV_025_024_A_018_4005_DHDH_A_20260709T202900_20260709T202935_P05023_N_F_J_001,2026-07-09T20:29:00.000000Z,2026-07-09,ASCENDING,HVHV,whole,49378.946273,100.000000,495,495,1.000000,-29.052495,-23.970898,-22.604508,-21.080192,-19.224791,-17.127677,-5.570354,-20.613724,-0.037602,ok
21,Unnamed,NISAR_L2_PR_GCOV_025_024_A_018_4005_DHDH_A_20260709T202900_20260709T202935_P05023_N_F_J_001,2026-07-09T20:29:00.000000Z,2026-07-09,ASCENDING,HHHH,core,2786.707526,100.000000,27,27,1.000000,-19.891662,-18.400703,-16.169540,-14.119188,-12.742889,-11.664367,-4.391281,-14.158800,-0.179566,ok
21,Unnamed,NISAR_L2_PR_GCOV_025_024_A_018_4005_DHDH_A_20260709T202900_20260709T202935_P05023_N_F_J_001,2026-07-09T20:29:00.000000Z,2026-07-09,ASCENDING,HVHV,core,2786.707526,100.000000,27,27,1.000000,-25.611650,-23.009412,-21.346153,-19.922829,-18.673749,-16.942163,-12.262408,-19.789725,-0.037602,ok
21,Unnamed,NISAR_L2_PR_GCOV_025_024_A_018_4005_DHDH_A_20260709T202900_20260709T202935_P05023_N_F_J_001,2026-07-09T20:29:00.000000Z,2026-07-09,ASCENDING,HHHH,shoreline,71791.547537,100.000000,716,716,1.000000,-21.176796,-16.910981,-15.265019,-12.866888,-8.527464,-4.720068,3.746020,-11.695774,-0.179566,ok
21,Unnamed,NISAR_L2_PR_GCOV_025_024_A_018_4005_DHDH_A_20260709T202900_20260709T202935_P05023_N_F_J_001,2026-07-09T20:29:00.000000Z,2026-07-09,ASCENDING,HVHV,shoreline,71791.547537,100.000000,716,716,1.000000,-27.590545,-22.479556,-21.059973,-18.952694,-14.778257,-10.980020,-4.973270,-17.783352,-0.037602,ok
21,Unnamed,NISAR_L2_PR_GCOV_025_024_A_018_4005_DHDH_A_20260709T202900_20260709T202935_P05023_N_F_J_001,2026-07-09T20:29:00.000000Z,2026-07-09,ASCENDING,HHHH,whole,74578.255063,100.000000,743,743,1.000000,-21.176796,-16.931052,-15.281647,-12.997793,-8.643108,-4.893523,3.746020,-11.785278,-0.179566,ok
21,Unnamed,NISAR_L2_PR_GCOV_025_024_A_018_4005_DHDH_A_20260709T202900_20260709T202935_P05023_N_F_J_001,2026-07-09T20:29:00.000000Z,2026-07-09,ASCENDING,HVHV,whole,74578.255063,100.000000,743,743,1.000000,-27.590545,-22.495973,-21.060750,-19.046110,-14.840466,-11.069362,-4.973270,-17.856262,-0.037602,ok
22,Unnamed,NISAR_L2_PR_GCOV_025_024_A_018_4005_DHDH_A_20260709T202900_20260709T202935_P05023_N_F_J_001,2026-07-09T20:29:00.000000Z,2026-07-09,ASCENDING,HHHH,core,7912.597630,100.000000,78,78,1.000000,-24.350722,-21.654751,-20.097876,-18.676818,-17.478040,-16.486007,-14.571248,-18.876309,-0.179566,ok
22,Unnamed,NISAR_L2_PR_GCOV_025_024_A_018_4005_DHDH_A_20260709T202900_20260709T202935_P05023_N_F_J_001,2026-07-09T20:29:00.000000Z,2026-07-09,ASCENDING,HVHV,core,7912.597630,100.000000,78,78,1.000000,-28.750442,-24.777748,-23.872333,-22.410376,-21.331371,-20.097274,-16.883382,-22.541691,-0.037602,ok
22,Unnamed,NISAR_L2_PR_GCOV_025_024_A_018_4005_DHDH_A_20260709T202900_20260709T202935_P05023_N_F_J_001,2026-07-09T20:29:00.000000Z,2026-07-09,ASCENDING,HHHH,shoreline,41207.491649,100.000000,409,409,1.000000,-24.239513,-20.201322,-19.031422,-17.511570,-15.866062,-13.954228,-2.665392,-17.103048,-0.179566,ok
22,Unnamed,NISAR_L2_PR_GCOV_025_024_A_018_4005_DHDH_A_20260709T202900_20260709T202935_P05023_N_F_J_001,2026-07-09T20:29:00.000000Z,2026-07-09,ASCENDING,HVHV,shoreline,41207.491649,100.000000,409,409,1.000000,-27.620711,-24.583982,-23.155866,-21.650845,-20.052664,-18.588437,-7.531888,-21.452901,-0.037602,ok
22,Unnamed,NISAR_L2_PR_GCOV_025_024_A_018_4005_DHDH_A_20260709T202900_20260709T202935_P05023_N_F_J_001,2026-07-09T20:29:00.000000Z,2026-07-09,ASCENDING,HHHH,whole,49120.089278,100.000000,487,487,1.000000,-24.350722,-20.367041,-19.173056,-17.783070,-16.216297,-14.175412,-2.665392,-17.387061,-0.179566,ok
22,Unnamed,NISAR_L2_PR_GCOV_025_024_A_018_4005_DHDH_A_20260709T202900_20260709T202935_P05023_N_F_J_001,2026-07-09T20:29:00.000000Z,2026-07-09,ASCENDING,HVHV,whole,49120.089278,100.000000,487,487,1.000000,-28.750442,-24.647759,-23.352730,-21.799920,-20.296063,-18.707975,-7.531888,-21.627286,-0.037602,ok
23,Unnamed,NISAR_L2_PR_GCOV_025_024_A_018_4005_DHDH_A_20260709T202900_20260709T202935_P05023_N_F_J_001,2026-07-09T20:29:00.000000Z,2026-07-09,ASCENDING,HHHH,core,3617.292935,100.000000,35,35,1.000000,-22.122159,-21.067695,-19.764365,-18.416697,-17.455103,-15.891329,-14.141326,-18.515573,-0.179566,ok
23,Unnamed,NISAR_L2_PR_GCOV_025_024_A_018_4005_DHDH_A_20260709T202900_20260709T202935_P05023_N_F_J_001,2026-07-09T20:29:00.000000Z,2026-07-09,ASCENDING,HVHV,core,3617.292935,100.000000,35,35,1.000000,-26.209154,-24.628088,-22.886563,-21.373680,-20.894816,-20.149586,-19.532733,-21.983539,-0.037602,ok
23,Unnamed,NISAR_L2_PR_GCOV_025_024_A_018_4005_DHDH_A_20260709T202900_20260709T202935_P05023_N_F_J_001,2026-07-09T20:29:00.000000Z,2026-07-09,ASCENDING,HHHH,shoreline,61852.370253,100.000000,624,624,1.000000,-24.586865,-20.203143,-18.904807,-17.456574,-15.644844,-12.786296,-1.151235,-16.787210,-0.179566,ok
23,Unnamed,NISAR_L2_PR_GCOV_025_024_A_018_4005_DHDH_A_20260709T202900_20260709T202935_P05023_N_F_J_001,2026-07-09T20:29:00.000000Z,2026-07-09,ASCENDING,HVHV,shoreline,61852.370253,100.000000,624,624,1.000000,-28.636487,-24.322596,-23.056942,-21.418897,-19.971189,-17.677946,-7.339504,-21.085578,-0.037602,ok
23,Unnamed,NISAR_L2_PR_GCOV_025_024_A_018_4005_DHDH_A_20260709T202900_20260709T202935_P05023_N_F_J_001,2026-07-09T20:29:00.000000Z,2026-07-09,ASCENDING,HHHH,whole,65469.663188,100.000000,659,659,1.000000,-24.586865,-20.299975,-18.992536,-17.515191,-15.780498,-12.960577,-1.151235,-16.879005,-0.179566,ok
23,Unnamed,NISAR_L2_PR_GCOV_025_024_A_018_4005_DHDH_A_20260709T202900_20260709T202935_P05023_N_F_J_001,2026-07-09T20:29:00.000000Z,2026-07-09,ASCENDING,HVHV,whole,65469.663188,100.000000,659,659,1.000000,-28.636487,-24.324445,-23.049882,-21.416834,-19.997107,-18.002546,-7.339504,-21.133269,-0.037602,ok
24,Unnamed,NISAR_L2_PR_GCOV_025_024_A_018_4005_DHDH_A_20260709T202900_20260709T202935_P05023_N_F_J_001,2026-07-09T20:29:00.000000Z,2026-07-09,ASCENDING,HHHH,shoreline,11788.240185,100.000000,122,122,1.000000,-20.128468,-16.375451,-14.348517,-10.909544,-8.508175,-5.820404,0.230987,-11.098371,-0.179566,ok
24,Unnamed,NISAR_L2_PR_GCOV_025_024_A_018_4005_DHDH_A_20260709T202900_20260709T202935_P05023_N_F_J_001,2026-07-09T20:29:00.000000Z,2026-07-09,ASCENDING,HVHV,shoreline,11788.240185,100.000000,122,122,1.000000,-24.352591,-22.170238,-19.871200,-17.780432,-13.943083,-11.066769,-7.242814,-17.084862,-0.037602,ok
24,Unnamed,NISAR_L2_PR_GCOV_025_024_A_018_4005_DHDH_A_20260709T202900_20260709T202935_P05023_N_F_J_001,2026-07-09T20:29:00.000000Z,2026-07-09,ASCENDING,HHHH,whole,11788.240185,100.000000,122,122,1.000000,-20.128468,-16.375451,-14.348517,-10.909544,-8.508175,-5.820404,0.230987,-11.098371,-0.179566,ok
24,Unnamed,NISAR_L2_PR_GCOV_025_024_A_018_4005_DHDH_A_20260709T202900_20260709T202935_P05023_N_F_J_001,2026-07-09T20:29:00.000000Z,2026-07-09,ASCENDING,HVHV,whole,11788.240185,100.000000,122,122,1.000000,-24.352591,-22.170238,-19.871200,-17.780432,-13.943083,-11.066769,-7.242814,-17.084862,-0.037602,ok
25,Unnamed,NISAR_L2_PR_GCOV_025_024_A_018_4005_DHDH_A_20260709T202900_20260709T202935_P05023_N_F_J_001,2026-07-09T20:29:00.000000Z,2026-07-09,ASCENDING,HHHH,shoreline,30021.819698,100.000000,299,299,1.000000,-19.006351,-16.058304,-15.095761,-13.430751,-11.692738,-9.948941,-1.493026,-13.147336,-0.179566,ok
25,Unnamed,NISAR_L2_PR_GCOV_025_024_A_018_4005_DHDH_A_20260709T202900_20260709T202935_P05023_N_F_J_001,2026-07-09T20:29:00.000000Z,2026-07-09,ASCENDING,HVHV,shoreline,30021.819698,100.000000,299,299,1.000000,-28.005940,-23.320455,-22.141641,-20.290859,-19.011818,-16.957300,-9.129084,-20.252238,-0.037602,ok
25,Unnamed,NISAR_L2_PR_GCOV_025_024_A_018_4005_DHDH_A_20260709T202900_20260709T202935_P05023_N_F_J_001,2026-07-09T20:29:00.000000Z,2026-07-09,ASCENDING,HHHH,whole,30021.819698,100.000000,299,299,1.000000,-19.006351,-16.058304,-15.095761,-13.430751,-11.692738,-9.948941,-1.493026,-13.147336,-0.179566,ok
25,Unnamed,NISAR_L2_PR_GCOV_025_024_A_018_4005_DHDH_A_20260709T202900_20260709T202935_P05023_N_F_J_001,2026-07-09T20:29:00.000000Z,2026-07-09,ASCENDING,HVHV,whole,30021.819698,100.000000,299,299,1.000000,-28.005940,-23.320455,-22.141641,-20.290859,-19.011818,-16.957300,-9.129084,-20.252238,-0.037602,ok
26,Unnamed,NISAR_L2_PR_GCOV_025_024_A_018_4005_DHDH_A_20260709T202900_20260709T202935_P05023_N_F_J_001,2026-07-09T20:29:00.000000Z,2026-07-09,ASCENDING,HHHH,shoreline,14439.595936,100.000000,144,144,1.000000,-19.784085,-16.742881,-14.580528,-12.701285,-8.262393,-5.202761,-0.289415,-11.514411,-0.179566,ok
26,Unnamed,NISAR_L2_PR_GCOV_025_024_A_018_4005_DHDH_A_20260709T202900_20260709T202935_P05023_N_F_J_001,2026-07-09T20:29:00.000000Z,2026-07-09,ASCENDING,HVHV,shoreline,14439.595936,100.000000,144,144,1.000000,-25.770045,-22.664513,-20.988504,-18.648332,-13.760213,-11.078102,-5.924003,-17.529338,-0.037602,ok
26,Unnamed,NISAR_L2_PR_GCOV_025_024_A_018_4005_DHDH_A_20260709T202900_20260709T202935_P05023_N_F_J_001,2026-07-09T20:29:00.000000Z,2026-07-09,ASCENDING,HHHH,whole,14439.595936,100.000000,144,144,1.000000,-19.784085,-16.742881,-14.580528,-12.701285,-8.262393,-5.202761,-0.289415,-11.514411,-0.179566,ok
26,Unnamed,NISAR_L2_PR_GCOV_025_024_A_018_4005_DHDH_A_20260709T202900_20260709T202935_P05023_N_F_J_001,2026-07-09T20:29:00.000000Z,2026-07-09,ASCENDING,HVHV,whole,14439.595936,100.000000,144,144,1.000000,-25.770045,-22.664513,-20.988504,-18.648332,-13.760213,-11.078102,-5.924003,-17.529338,-0.037602,ok
27,Unnamed,NISAR_L2_PR_GCOV_025_024_A_018_4005_DHDH_A_20260709T202900_20260709T202935_P05023_N_F_J_001,2026-07-09T20:29:00.000000Z,2026-07-09,ASCENDING,HHHH,core,4488.032286,100.000000,46,46,1.000000,-19.513204,-17.671553,-15.360092,-13.400064,-12.528220,-11.378271,-10.100498,-14.044825,-0.179566,ok
27,Unnamed,NISAR_L2_PR_GCOV_025_024_A_018_4005_DHDH_A_20260709T202900_20260709T202935_P05023_N_F_J_001,2026-07-09T20:29:00.000000Z,2026-07-09,ASCENDING,HVHV,core,4488.032286,100.000000,46,46,1.000000,-27.346455,-24.693766,-23.629594,-22.117696,-21.014897,-20.106735,-17.750441,-22.350822,-0.037602,ok
27,Unnamed,NISAR_L2_PR_GCOV_025_024_A_018_4005_DHDH_A_20260709T202900_20260709T202935_P05023_N_F_J_001,2026-07-09T20:29:00.000000Z,2026-07-09,ASCENDING,HHHH,shoreline,34066.736745,100.000000,345,345,1.000000,-19.522842,-16.013773,-14.349080,-12.263350,-9.673332,-5.195666,0.694746,-11.544570,-0.179566,ok
27,Unnamed,NISAR_L2_PR_GCOV_025_024_A_018_4005_DHDH_A_20260709T202900_20260709T202935_P05023_N_F_J_001,2026-07-09T20:29:00.000000Z,2026-07-09,ASCENDING,HVHV,shoreline,34066.736745,100.000000,345,345,1.000000,-27.402635,-23.758341,-22.468820,-20.639993,-16.322988,-12.272302,-5.517860,-19.197817,-0.037602,ok
27,Unnamed,NISAR_L2_PR_GCOV_025_024_A_018_4005_DHDH_A_20260709T202900_20260709T202935_P05023_N_F_J_001,2026-07-09T20:29:00.000000Z,2026-07-09,ASCENDING,HHHH,whole,38554.769032,100.000000,391,391,1.000000,-19.522842,-16.236512,-14.463689,-12.508830,-10.353133,-5.782268,0.694746,-11.838718,-0.179566,ok
27,Unnamed,NISAR_L2_PR_GCOV_025_024_A_018_4005_DHDH_A_20260709T202900_20260709T202935_P05023_N_F_J_001,2026-07-09T20:29:00.000000Z,2026-07-09,ASCENDING,HVHV,whole,38554.769032,100.000000,391,391,1.000000,-27.402635,-23.934133,-22.616435,-20.952362,-17.102054,-12.640437,-5.517860,-19.568759,-0.037602,ok
28,Unnamed,NISAR_L2_PR_GCOV_025_024_A_018_4005_DHDH_A_20260709T202900_20260709T202935_P05023_N_F_J_001,2026-07-09T20:29:00.000000Z,2026-07-09,ASCENDING,HHHH,shoreline,6322.670708,100.000000,64,64,1.000000,-18.544585,-14.173322,-12.217019,-9.219517,-7.014108,-5.432406,-1.452238,-9.628426,-0.179566,ok
28,Unnamed,NISAR_L2_PR_GCOV_025_024_A_018_4005_DHDH_A_20260709T202900_20260709T202935_P05023_N_F_J_001,2026-07-09T20:29:00.000000Z,2026-07-09,ASCENDING,HVHV,shoreline,6322.670708,100.000000,64,64,1.000000,-25.019051,-21.049069,-19.519791,-17.014413,-14.438856,-11.919064,-5.894356,-16.808134,-0.037602,ok
28,Unnamed,NISAR_L2_PR_GCOV_025_024_A_018_4005_DHDH_A_20260709T202900_20260709T202935_P05023_N_F_J_001,2026-07-09T20:29:00.000000Z,2026-07-09,ASCENDING,HHHH,whole,6322.670708,100.000000,64,64,1.000000,-18.544585,-14.173322,-12.217019,-9.219517,-7.014108,-5.432406,-1.452238,-9.628426,-0.179566,ok
28,Unnamed,NISAR_L2_PR_GCOV_025_024_A_018_4005_DHDH_A_20260709T202900_20260709T202935_P05023_N_F_J_001,2026-07-09T20:29:00.000000Z,2026-07-09,ASCENDING,HVHV,whole,6322.670708,100.000000,64,64,1.000000,-25.019051,-21.049069,-19.519791,-17.014413,-14.438856,-11.919064,-5.894356,-16.808134,-0.037602,ok
29,Unnamed,NISAR_L2_PR_GCOV_025_024_A_018_4005_DHDH_A_20260709T202900_20260709T202935_P05023_N_F_J_001,2026-07-09T20:29:00.000000Z,2026-07-09,ASCENDING,HHHH,shoreline,11156.619258,100.000000,110,110,1.000000,-19.441324,-16.618786,-15.078534,-12.635054,-9.231745,-3.719723,1.542016,-11.551950,-0.179566,ok
29,Unnamed,NISAR_L2_PR_GCOV_025_024_A_018_4005_DHDH_A_20260709T202900_20260709T202935_P05023_N_F_J_001,2026-07-09T20:29:00.000000Z,2026-07-09,ASCENDING,HVHV,shoreline,11156.619258,100.000000,110,110,1.000000,-25.066170,-22.959938,-21.242235,-19.118911,-15.689473,-10.890681,-4.344584,-17.975909,-0.037602,ok
29,Unnamed,NISAR_L2_PR_GCOV_025_024_A_018_4005_DHDH_A_20260709T202900_20260709T202935_P05023_N_F_J_001,2026-07-09T20:29:00.000000Z,2026-07-09,ASCENDING,HHHH,whole,11156.619258,100.000000,110,110,1.000000,-19.441324,-16.618786,-15.078534,-12.635054,-9.231745,-3.719723,1.542016,-11.551950,-0.179566,ok
29,Unnamed,NISAR_L2_PR_GCOV_025_024_A_018_4005_DHDH_A_20260709T202900_20260709T202935_P05023_N_F_J_001,2026-07-09T20:29:00.000000Z,2026-07-09,ASCENDING,HVHV,whole,11156.619258,100.000000,110,110,1.000000,-25.066170,-22.959938,-21.242235,-19.118911,-15.689473,-10.890681,-4.344584,-17.975909,-0.037602,ok
3,Unnamed,NISAR_L2_PR_GCOV_025_024_A_018_4005_DHDH_A_20260709T202900_20260709T202935_P05023_N_F_J_001,2026-07-09T20:29:00.000000Z,2026-07-09,ASCENDING,HHHH,shoreline,11434.168985,100.000000,113,113,1.000000,-21.354261,-19.211930,-18.215582,-16.376288,-12.747681,-8.582607,-3.403188,-15.224883,-0.179566,ok
3,Unnamed,NISAR_L2_PR_GCOV_025_024_A_018_4005_DHDH_A_20260709T202900_20260709T202935_P05023_N_F_J_001,2026-07-09T20:29:00.000000Z,2026-07-09,ASCENDING,HVHV,shoreline,11434.168985,100.000000,113,113,1.000000,-26.008610,-23.718789,-22.265652,-20.659836,-18.612508,-15.248142,-9.568501,-19.927112,-0.037602,ok
3,Unnamed,NISAR_L2_PR_GCOV_025_024_A_018_4005_DHDH_A_20260709T202900_20260709T202935_P05023_N_F_J_001,2026-07-09T20:29:00.000000Z,2026-07-09,ASCENDING,HHHH,whole,11434.168985,100.000000,113,113,1.000000,-21.354261,-19.211930,-18.215582,-16.376288,-12.747681,-8.582607,-3.403188,-15.224883,-0.179566,ok
3,Unnamed,NISAR_L2_PR_GCOV_025_024_A_018_4005_DHDH_A_20260709T202900_20260709T202935_P05023_N_F_J_001,2026-07-09T20:29:00.000000Z,2026-07-09,ASCENDING,HVHV,whole,11434.168985,100.000000,113,113,1.000000,-26.008610,-23.718789,-22.265652,-20.659836,-18.612508,-15.248142,-9.568501,-19.927112,-0.037602,ok
30,Unnamed,NISAR_L2_PR_GCOV_025_024_A_018_4005_DHDH_A_20260709T202900_20260709T202935_P05023_N_F_J_001,2026-07-09T20:29:00.000000Z,2026-07-09,ASCENDING,HHHH,shoreline,24517.632812,100.000000,241,241,1.000000,-19.876640,-15.587076,-14.007504,-11.771491,-9.078609,-6.022157,-0.624490,-11.270292,-0.179566,ok
30,Unnamed,NISAR_L2_PR_GCOV_025_024_A_018_4005_DHDH_A_20260709T202900_20260709T202935_P05023_N_F_J_001,2026-07-09T20:29:00.000000Z,2026-07-09,ASCENDING,HVHV,shoreline,24517.632812,100.000000,241,241,1.000000,-27.205686,-23.267082,-21.529299,-19.425647,-15.559241,-11.753096,-3.684774,-18.312609,-0.037602,ok
30,Unnamed,NISAR_L2_PR_GCOV_025_024_A_018_4005_DHDH_A_20260709T202900_20260709T202935_P05023_N_F_J_001,2026-07-09T20:29:00.000000Z,2026-07-09,ASCENDING,HHHH,whole,24517.632812,100.000000,241,241,1.000000,-19.876640,-15.587076,-14.007504,-11.771491,-9.078609,-6.022157,-0.624490,-11.270292,-0.179566,ok
30,Unnamed,NISAR_L2_PR_GCOV_025_024_A_018_4005_DHDH_A_20260709T202900_20260709T202935_P05023_N_F_J_001,2026-07-09T20:29:00.000000Z,2026-07-09,ASCENDING,HVHV,whole,24517.632812,100.000000,241,241,1.000000,-27.205686,-23.267082,-21.529299,-19.425647,-15.559241,-11.753096,-3.684774,-18.312609,-0.037602,ok
31,Unnamed,NISAR_L2_PR_GCOV_025_024_A_018_4005_DHDH_A_20260709T202900_20260709T202935_P05023_N_F_J_001,2026-07-09T20:29:00.000000Z,2026-07-09,ASCENDING,HHHH,core,1481.449039,100.000000,16,16,1.000000,-16.254483,-16.173768,-15.181620,-12.991364,-12.249166,-11.917887,-11.329826,-13.640176,-0.179566,ok
31,Unnamed,NISAR_L2_PR_GCOV_025_024_A_018_4005_DHDH_A_20260709T202900_20260709T202935_P05023_N_F_J_001,2026-07-09T20:29:00.000000Z,2026-07-09,ASCENDING,HVHV,core,1481.449039,100.000000,16,16,1.000000,-23.996575,-23.747062,-22.528018,-20.780699,-19.862489,-19.107977,-18.125921,-21.140752,-0.037602,ok
31,Unnamed,NISAR_L2_PR_GCOV_025_024_A_018_4005_DHDH_A_20260709T202900_20260709T202935_P05023_N_F_J_001,2026-07-09T20:29:00.000000Z,2026-07-09,ASCENDING,HHHH,shoreline,17270.036923,100.000000,174,174,1.000000,-19.369719,-16.252524,-14.212691,-12.356328,-10.275881,-8.520749,1.889451,-12.103456,-0.179566,ok
31,Unnamed,NISAR_L2_PR_GCOV_025_024_A_018_4005_DHDH_A_20260709T202900_20260709T202935_P05023_N_F_J_001,2026-07-09T20:29:00.000000Z,2026-07-09,ASCENDING,HVHV,shoreline,17270.036923,100.000000,174,174,1.000000,-26.869260,-23.488568,-21.973063,-20.268617,-18.487473,-14.979629,-7.786403,-19.774051,-0.037602,ok
31,Unnamed,NISAR_L2_PR_GCOV_025_024_A_018_4005_DHDH_A_20260709T202900_20260709T202935_P05023_N_F_J_001,2026-07-09T20:29:00.000000Z,2026-07-09,ASCENDING,HHHH,whole,18751.485962,100.000000,190,190,1.000000,-19.369719,-16.224700,-14.295871,-12.517224,-10.435558,-8.859567,1.889451,-12.232864,-0.179566,ok
31,Unnamed,NISAR_L2_PR_GCOV_025_024_A_018_4005_DHDH_A_20260709T202900_20260709T202935_P05023_N_F_J_001,2026-07-09T20:29:00.000000Z,2026-07-09,ASCENDING,HVHV,whole,18751.485962,100.000000,190,190,1.000000,-26.869260,-23.539900,-22.037578,-20.302039,-18.877522,-15.471367,-7.786403,-19.889142,-0.037602,ok
32,Unnamed,NISAR_L2_PR_GCOV_025_024_A_018_4005_DHDH_A_20260709T202900_20260709T202935_P05023_N_F_J_001,2026-07-09T20:29:00.000000Z,2026-07-09,ASCENDING,HHHH,core,3445.772556,100.000000,33,33,1.000000,-17.403005,-15.784456,-14.907014,-13.422045,-11.641187,-10.170576,-9.068738,-13.078687,-0.179566,ok
32,Unnamed,NISAR_L2_PR_GCOV_025_024_A_018_4005_DHDH_A_20260709T202900_20260709T202935_P05023_N_F_J_001,2026-07-09T20:29:00.000000Z,2026-07-09,ASCENDING,HVHV,core,3445.772556,100.000000,33,33,1.000000,-25.688470,-23.992920,-22.693689,-21.226225,-20.427963,-19.767271,-18.719626,-21.660325,-0.037602,ok
32,Unnamed,NISAR_L2_PR_GCOV_025_024_A_018_4005_DHDH_A_20260709T202900_20260709T202935_P05023_N_F_J_001,2026-07-09T20:29:00.000000Z,2026-07-09,ASCENDING,HHHH,shoreline,32863.807375,100.000000,333,333,1.000000,-19.586341,-16.240295,-14.553248,-12.955831,-10.377139,-6.918430,1.082593,-12.228428,-0.179566,ok
32,Unnamed,NISAR_L2_PR_GCOV_025_024_A_018_4005_DHDH_A_20260709T202900_20260709T202935_P05023_N_F_J_001,2026-07-09T20:29:00.000000Z,2026-07-09,ASCENDING,HVHV,shoreline,32863.807375,100.000000,333,333,1.000000,-25.490424,-22.689357,-21.686769,-20.030032,-16.936959,-12.325806,-5.160638,-18.915320,-0.037602,ok
32,Unnamed,NISAR_L2_PR_GCOV_025_024_A_018_4005_DHDH_A_20260709T202900_20260709T202935_P05023_N_F_J_001,2026-07-09T20:29:00.000000Z,2026-07-09,ASCENDING,HHHH,whole,36309.579932,100.000000,366,366,1.000000,-19.586341,-16.036959,-14.575555,-12.961155,-10.807159,-7.216503,1.082593,-12.305091,-0.179566,ok
32,Unnamed,NISAR_L2_PR_GCOV_025_024_A_018_4005_DHDH_A_20260709T202900_20260709T202935_P05023_N_F_J_001,2026-07-09T20:29:00.000000Z,2026-07-09,ASCENDING,HVHV,whole,36309.579932,100.000000,366,366,1.000000,-25.688470,-22.944231,-21.819977,-20.348537,-17.476502,-12.980216,-5.160638,-19.162820,-0.037602,ok
33,Unnamed,NISAR_L2_PR_GCOV_025_024_A_018_4005_DHDH_A_20260709T202900_20260709T202935_P05023_N_F_J_001,2026-07-09T20:29:00.000000Z,2026-07-09,ASCENDING,HHHH,shoreline,9956.188808,100.000000,98,98,1.000000,-18.255205,-14.870398,-13.003953,-10.826957,-8.723354,-6.975056,0.852998,-10.746373,-0.179566,ok
33,Unnamed,NISAR_L2_PR_GCOV_025_024_A_018_4005_DHDH_A_20260709T202900_20260709T202935_P05023_N_F_J_001,2026-07-09T20:29:00.000000Z,2026-07-09,ASCENDING,HVHV,shoreline,9956.188808,100.000000,98,98,1.000000,-24.819712,-21.522110,-20.148968,-18.234108,-14.719131,-12.937464,-7.036027,-17.570952,-0.037602,ok
33,Unnamed,NISAR_L2_PR_GCOV_025_024_A_018_4005_DHDH_A_20260709T202900_20260709T202935_P05023_N_F_J_001,2026-07-09T20:29:00.000000Z,2026-07-09,ASCENDING,HHHH,whole,9956.188808,100.000000,98,98,1.000000,-18.255205,-14.870398,-13.003953,-10.826957,-8.723354,-6.975056,0.852998,-10.746373,-0.179566,ok
33,Unnamed,NISAR_L2_PR_GCOV_025_024_A_018_4005_DHDH_A_20260709T202900_20260709T202935_P05023_N_F_J_001,2026-07-09T20:29:00.000000Z,2026-07-09,ASCENDING,HVHV,whole,9956.188808,100.000000,98,98,1.000000,-24.819712,-21.522110,-20.148968,-18.234108,-14.719131,-12.937464,-7.036027,-17.570952,-0.037602,ok
34,Unnamed,NISAR_L2_PR_GCOV_025_024_A_018_4005_DHDH_A_20260709T202900_20260709T202935_P05023_N_F_J_001,2026-07-09T20:29:00.000000Z,2026-07-09,ASCENDING,HHHH,shoreline,16977.653409,100.000000,170,170,1.000000,-21.267342,-16.448623,-14.927732,-13.028462,-10.347995,-8.221882,-1.775366,-12.526322,-0.179566,ok
34,Unnamed,NISAR_L2_PR_GCOV_025_024_A_018_4005_DHDH_A_20260709T202900_20260709T202935_P05023_N_F_J_001,2026-07-09T20:29:00.000000Z,2026-07-09,ASCENDING,HVHV,shoreline,16977.653409,100.000000,170,170,1.000000,-27.216002,-24.004484,-22.518697,-20.492778,-18.182897,-14.016807,-8.338865,-19.778909,-0.037602,ok
34,Unnamed,NISAR_L2_PR_GCOV_025_024_A_018_4005_DHDH_A_20260709T202900_20260709T202935_P05023_N_F_J_001,2026-07-09T20:29:00.000000Z,2026-07-09,ASCENDING,HHHH,whole,16977.653409,100.000000,170,170,1.000000,-21.267342,-16.448623,-14.927732,-13.028462,-10.347995,-8.221882,-1.775366,-12.526322,-0.179566,ok
34,Unnamed,NISAR_L2_PR_GCOV_025_024_A_018_4005_DHDH_A_20260709T202900_20260709T202935_P05023_N_F_J_001,2026-07-09T20:29:00.000000Z,2026-07-09,ASCENDING,HVHV,whole,16977.653409,100.000000,170,170,1.000000,-27.216002,-24.004484,-22.518697,-20.492778,-18.182897,-14.016807,-8.338865,-19.778909,-0.037602,ok
35,Unnamed,NISAR_L2_PR_GCOV_025_024_A_018_4005_DHDH_A_20260709T202900_20260709T202935_P05023_N_F_J_001,2026-07-09T20:29:00.000000Z,2026-07-09,ASCENDING,HHHH,core,163.178983,100.000000,2,2,1.000000,-12.834272,-12.747000,-12.616092,-12.397912,-12.179732,-12.048824,-11.961551,-12.397912,-0.179566,ok
35,Unnamed,NISAR_L2_PR_GCOV_025_024_A_018_4005_DHDH_A_20260709T202900_20260709T202935_P05023_N_F_J_001,2026-07-09T20:29:00.000000Z,2026-07-09,ASCENDING,HVHV,core,163.178983,100.000000,2,2,1.000000,-24.736988,-24.399827,-23.894086,-23.051183,-22.208280,-21.702538,-21.365377,-23.051183,-0.037602,ok
35,Unnamed,NISAR_L2_PR_GCOV_025_024_A_018_4005_DHDH_A_20260709T202900_20260709T202935_P05023_N_F_J_001,2026-07-09T20:29:00.000000Z,2026-07-09,ASCENDING,HHHH,shoreline,26376.921634,100.000000,266,266,1.000000,-17.157595,-13.933775,-12.503995,-10.566730,-8.560765,-5.853668,0.597206,-10.232038,-0.179566,ok
35,Unnamed,NISAR_L2_PR_GCOV_025_024_A_018_4005_DHDH_A_20260709T202900_20260709T202935_P05023_N_F_J_001,2026-07-09T20:29:00.000000Z,2026-07-09,ASCENDING,HVHV,shoreline,26376.921634,100.000000,266,266,1.000000,-26.401060,-23.392095,-21.754811,-19.921791,-16.059546,-11.751166,-1.038008,-18.574764,-0.037602,ok
35,Unnamed,NISAR_L2_PR_GCOV_025_024_A_018_4005_DHDH_A_20260709T202900_20260709T202935_P05023_N_F_J_001,2026-07-09T20:29:00.000000Z,2026-07-09,ASCENDING,HHHH,whole,26540.100617,100.000000,268,268,1.000000,-17.157595,-13.933386,-12.511861,-10.596395,-8.584678,-5.864904,0.597206,-10.248201,-0.179566,ok
35,Unnamed,NISAR_L2_PR_GCOV_025_024_A_018_4005_DHDH_A_20260709T202900_20260709T202935_P05023_N_F_J_001,2026-07-09T20:29:00.000000Z,2026-07-09,ASCENDING,HVHV,whole,26540.100617,100.000000,268,268,1.000000,-26.401060,-23.432090,-21.778295,-20.016324,-16.100863,-11.762064,-1.038008,-18.608170,-0.037602,ok
43,Unnamed,NISAR_L2_PR_GCOV_025_024_A_018_4005_DHDH_A_20260709T202900_20260709T202935_P05023_N_F_J_001,2026-07-09T20:29:00.000000Z,2026-07-09,ASCENDING,HHHH,shoreline,14166.390215,100.000000,143,143,1.000000,-19.710524,-17.180428,-15.100320,-13.199784,-11.450217,-8.193813,-2.806733,-12.939968,-0.179566,ok
43,Unnamed,NISAR_L2_PR_GCOV_025_024_A_018_4005_DHDH_A_20260709T202900_20260709T202935_P05023_N_F_J_001,2026-07-09T20:29:00.000000Z,2026-07-09,ASCENDING,HVHV,shoreline,14166.390215,100.000000,143,143,1.000000,-25.161588,-23.568225,-22.546931,-20.437515,-18.084469,-13.317183,-6.768881,-19.695287,-0.037602,ok
43,Unnamed,NISAR_L2_PR_GCOV_025_024_A_018_4005_DHDH_A_20260709T202900_20260709T202935_P05023_N_F_J_001,2026-07-09T20:29:00.000000Z,2026-07-09,ASCENDING,HHHH,whole,14166.390215,100.000000,143,143,1.000000,-19.710524,-17.180428,-15.100320,-13.199784,-11.450217,-8.193813,-2.806733,-12.939968,-0.179566,ok
43,Unnamed,NISAR_L2_PR_GCOV_025_024_A_018_4005_DHDH_A_20260709T202900_20260709T202935_P05023_N_F_J_001,2026-07-09T20:29:00.000000Z,2026-07-09,ASCENDING,HVHV,whole,14166.390215,100.000000,143,143,1.000000,-25.161588,-23.568225,-22.546931,-20.437515,-18.084469,-13.317183,-6.768881,-19.695287,-0.037602,ok
48,Unnamed,NISAR_L2_PR_GCOV_025_024_A_018_4005_DHDH_A_20260709T202900_20260709T202935_P05023_N_F_J_001,2026-07-09T20:29:00.000000Z,2026-07-09,ASCENDING,HHHH,shoreline,3435.845157,100.000000,35,35,1.000000,-18.781518,-16.411051,-15.037297,-13.026425,-10.859849,-8.604324,-6.822510,-12.793956,-0.179566,ok
48,Unnamed,NISAR_L2_PR_GCOV_025_024_A_018_4005_DHDH_A_20260709T202900_20260709T202935_P05023_N_F_J_001,2026-07-09T20:29:00.000000Z,2026-07-09,ASCENDING,HVHV,shoreline,3435.845157,100.000000,35,35,1.000000,-23.978550,-22.146914,-20.004255,-17.684814,-15.556256,-13.683073,-6.479530,-17.730803,-0.037602,ok
48,Unnamed,NISAR_L2_PR_GCOV_025_024_A_018_4005_DHDH_A_20260709T202900_20260709T202935_P05023_N_F_J_001,2026-07-09T20:29:00.000000Z,2026-07-09,ASCENDING,HHHH,whole,3435.845157,100.000000,35,35,1.000000,-18.781518,-16.411051,-15.037297,-13.026425,-10.859849,-8.604324,-6.822510,-12.793956,-0.179566,ok
48,Unnamed,NISAR_L2_PR_GCOV_025_024_A_018_4005_DHDH_A_20260709T202900_20260709T202935_P05023_N_F_J_001,2026-07-09T20:29:00.000000Z,2026-07-09,ASCENDING,HVHV,whole,3435.845157,100.000000,35,35,1.000000,-23.978550,-22.146914,-20.004255,-17.684814,-15.556256,-13.683073,-6.479530,-17.730803,-0.037602,ok
0,Unnamed,NISAR_L2_PR_GCOV_026_024_A_018_4005_DHDH_A_20260721T202900_20260721T202934_P05023_N_F_J_001,2026-07-21T20:29:00.000000Z,2026-07-21,ASCENDING,HHHH,shoreline,15668.030102,100.000000,155,155,1.000000,-21.538660,-17.558977,-16.394131,-14.781916,-12.887139,-9.855862,-3.504357,-14.356024,-0.568388,ok
0,Unnamed,NISAR_L2_PR_GCOV_026_024_A_018_4005_DHDH_A_20260721T202900_20260721T202934_P05023_N_F_J_001,2026-07-21T20:29:00.000000Z,2026-07-21,ASCENDING,HVHV,shoreline,15668.030102,100.000000,155,155,1.000000,-25.960398,-23.068172,-20.826626,-19.150131,-17.044317,-14.201131,-8.846091,-18.765563,-0.485758,ok
0,Unnamed,NISAR_L2_PR_GCOV_026_024_A_018_4005_DHDH_A_20260721T202900_20260721T202934_P05023_N_F_J_001,2026-07-21T20:29:00.000000Z,2026-07-21,ASCENDING,HHHH,whole,15668.030102,100.000000,155,155,1.000000,-21.538660,-17.558977,-16.394131,-14.781916,-12.887139,-9.855862,-3.504357,-14.356024,-0.568388,ok
0,Unnamed,NISAR_L2_PR_GCOV_026_024_A_018_4005_DHDH_A_20260721T202900_20260721T202934_P05023_N_F_J_001,2026-07-21T20:29:00.000000Z,2026-07-21,ASCENDING,HVHV,whole,15668.030102,100.000000,155,155,1.000000,-25.960398,-23.068172,-20.826626,-19.150131,-17.044317,-14.201131,-8.846091,-18.765563,-0.485758,ok
1,Unnamed,NISAR_L2_PR_GCOV_026_024_A_018_4005_DHDH_A_20260721T202900_20260721T202934_P05023_N_F_J_001,2026-07-21T20:29:00.000000Z,2026-07-21,ASCENDING,HHHH,shoreline,14315.224709,100.000000,141,141,1.000000,-20.663634,-17.507369,-15.493596,-12.964101,-10.082985,-7.660470,-2.274692,-12.806752,-0.568388,ok
1,Unnamed,NISAR_L2_PR_GCOV_026_024_A_018_4005_DHDH_A_20260721T202900_20260721T202934_P05023_N_F_J_001,2026-07-21T20:29:00.000000Z,2026-07-21,ASCENDING,HVHV,shoreline,14315.224709,100.000000,141,141,1.000000,-24.752812,-22.612107,-21.151076,-18.822380,-16.031988,-12.606489,-7.832372,-18.174949,-0.485758,ok
1,Unnamed,NISAR_L2_PR_GCOV_026_024_A_018_4005_DHDH_A_20260721T202900_20260721T202934_P05023_N_F_J_001,2026-07-21T20:29:00.000000Z,2026-07-21,ASCENDING,HHHH,whole,14315.224709,100.000000,141,141,1.000000,-20.663634,-17.507369,-15.493596,-12.964101,-10.082985,-7.660470,-2.274692,-12.806752,-0.568388,ok
1,Unnamed,NISAR_L2_PR_GCOV_026_024_A_018_4005_DHDH_A_20260721T202900_20260721T202934_P05023_N_F_J_001,2026-07-21T20:29:00.000000Z,2026-07-21,ASCENDING,HVHV,whole,14315.224709,100.000000,141,141,1.000000,-24.752812,-22.612107,-21.151076,-18.822380,-16.031988,-12.606489,-7.832372,-18.174949,-0.485758,ok
12,Unnamed,NISAR_L2_PR_GCOV_026_024_A_018_4005_DHDH_A_20260721T202900_20260721T202934_P05023_N_F_J_001,2026-07-21T20:29:00.000000Z,2026-07-21,ASCENDING,HHHH,shoreline,6395.508556,100.000000,63,63,1.000000,-19.677233,-16.718061,-14.269694,-11.535215,-8.181845,-4.153879,1.189820,-11.133572,-0.568388,ok
12,Unnamed,NISAR_L2_PR_GCOV_026_024_A_018_4005_DHDH_A_20260721T202900_20260721T202934_P05023_N_F_J_001,2026-07-21T20:29:00.000000Z,2026-07-21,ASCENDING,HVHV,shoreline,6395.508556,100.000000,63,63,1.000000,-22.476093,-20.786354,-19.219407,-17.093283,-13.560716,-10.367689,-6.951705,-16.086114,-0.485758,ok
12,Unnamed,NISAR_L2_PR_GCOV_026_024_A_018_4005_DHDH_A_20260721T202900_20260721T202934_P05023_N_F_J_001,2026-07-21T20:29:00.000000Z,2026-07-21,ASCENDING,HHHH,whole,6395.508556,100.000000,63,63,1.000000,-19.677233,-16.718061,-14.269694,-11.535215,-8.181845,-4.153879,1.189820,-11.133572,-0.568388,ok
12,Unnamed,NISAR_L2_PR_GCOV_026_024_A_018_4005_DHDH_A_20260721T202900_20260721T202934_P05023_N_F_J_001,2026-07-21T20:29:00.000000Z,2026-07-21,ASCENDING,HVHV,whole,6395.508556,100.000000,63,63,1.000000,-22.476093,-20.786354,-19.219407,-17.093283,-13.560716,-10.367689,-6.951705,-16.086114,-0.485758,ok
13,Unnamed,NISAR_L2_PR_GCOV_026_024_A_018_4005_DHDH_A_20260721T202900_20260721T202934_P05023_N_F_J_001,2026-07-21T20:29:00.000000Z,2026-07-21,ASCENDING,HHHH,shoreline,18329.633771,100.000000,177,177,1.000000,-26.745221,-19.758770,-18.126089,-15.890593,-12.813639,-10.581710,-5.159986,-15.493764,-0.568388,ok
13,Unnamed,NISAR_L2_PR_GCOV_026_024_A_018_4005_DHDH_A_20260721T202900_20260721T202934_P05023_N_F_J_001,2026-07-21T20:29:00.000000Z,2026-07-21,ASCENDING,HVHV,shoreline,18329.633771,100.000000,177,177,1.000000,-34.442226,-23.989894,-22.014098,-19.836717,-17.344411,-14.771822,-8.031897,-19.603957,-0.485758,ok
13,Unnamed,NISAR_L2_PR_GCOV_026_024_A_018_4005_DHDH_A_20260721T202900_20260721T202934_P05023_N_F_J_001,2026-07-21T20:29:00.000000Z,2026-07-21,ASCENDING,HHHH,whole,18329.633771,100.000000,177,177,1.000000,-26.745221,-19.758770,-18.126089,-15.890593,-12.813639,-10.581710,-5.159986,-15.493764,-0.568388,ok
13,Unnamed,NISAR_L2_PR_GCOV_026_024_A_018_4005_DHDH_A_20260721T202900_20260721T202934_P05023_N_F_J_001,2026-07-21T20:29:00.000000Z,2026-07-21,ASCENDING,HVHV,whole,18329.633771,100.000000,177,177,1.000000,-34.442226,-23.989894,-22.014098,-19.836717,-17.344411,-14.771822,-8.031897,-19.603957,-0.485758,ok
14,Unnamed,NISAR_L2_PR_GCOV_026_024_A_018_4005_DHDH_A_20260721T202900_20260721T202934_P05023_N_F_J_001,2026-07-21T20:29:00.000000Z,2026-07-21,ASCENDING,HHHH,shoreline,6151.446071,100.000000,63,63,1.000000,-19.371779,-16.626187,-14.199733,-11.458109,-6.753700,-3.506720,-0.784728,-10.530231,-0.568388,ok
14,Unnamed,NISAR_L2_PR_GCOV_026_024_A_018_4005_DHDH_A_20260721T202900_20260721T202934_P05023_N_F_J_001,2026-07-21T20:29:00.000000Z,2026-07-21,ASCENDING,HVHV,shoreline,6151.446071,100.000000,63,63,1.000000,-22.381452,-20.752505,-19.405916,-16.496845,-12.057328,-10.356557,-6.440814,-15.799706,-0.485758,ok
14,Unnamed,NISAR_L2_PR_GCOV_026_024_A_018_4005_DHDH_A_20260721T202900_20260721T202934_P05023_N_F_J_001,2026-07-21T20:29:00.000000Z,2026-07-21,ASCENDING,HHHH,whole,6151.446071,100.000000,63,63,1.000000,-19.371779,-16.626187,-14.199733,-11.458109,-6.753700,-3.506720,-0.784728,-10.530231,-0.568388,ok
14,Unnamed,NISAR_L2_PR_GCOV_026_024_A_018_4005_DHDH_A_20260721T202900_20260721T202934_P05023_N_F_J_001,2026-07-21T20:29:00.000000Z,2026-07-21,ASCENDING,HVHV,whole,6151.446071,100.000000,63,63,1.000000,-22.381452,-20.752505,-19.405916,-16.496845,-12.057328,-10.356557,-6.440814,-15.799706,-0.485758,ok
15,Unnamed,NISAR_L2_PR_GCOV_026_024_A_018_4005_DHDH_A_20260721T202900_20260721T202934_P05023_N_F_J_001,2026-07-21T20:29:00.000000Z,2026-07-21,ASCENDING,HHHH,shoreline,11176.661939,100.000000,112,112,1.000000,-22.036712,-15.728285,-13.870408,-10.722144,-7.849604,-3.771657,0.683211,-10.665212,-0.568388,ok
15,Unnamed,NISAR_L2_PR_GCOV_026_024_A_018_4005_DHDH_A_20260721T202900_20260721T202934_P05023_N_F_J_001,2026-07-21T20:29:00.000000Z,2026-07-21,ASCENDING,HVHV,shoreline,11176.661939,100.000000,112,112,1.000000,-26.688942,-20.554087,-18.438568,-16.083972,-13.548936,-11.573771,-9.430867,-16.081964,-0.485758,ok
15,Unnamed,NISAR_L2_PR_GCOV_026_024_A_018_4005_DHDH_A_20260721T202900_20260721T202934_P05023_N_F_J_001,2026-07-21T20:29:00.000000Z,2026-07-21,ASCENDING,HHHH,whole,11176.661939,100.000000,112,112,1.000000,-22.036712,-15.728285,-13.870408,-10.722144,-7.849604,-3.771657,0.683211,-10.665212,-0.568388,ok
15,Unnamed,NISAR_L2_PR_GCOV_026_024_A_018_4005_DHDH_A_20260721T202900_20260721T202934_P05023_N_F_J_001,2026-07-21T20:29:00.000000Z,2026-07-21,ASCENDING,HVHV,whole,11176.661939,100.000000,112,112,1.000000,-26.688942,-20.554087,-18.438568,-16.083972,-13.548936,-11.573771,-9.430867,-16.081964,-0.485758,ok
16,Unnamed,NISAR_L2_PR_GCOV_026_024_A_018_4005_DHDH_A_20260721T202900_20260721T202934_P05023_N_F_J_001,2026-07-21T20:29:00.000000Z,2026-07-21,ASCENDING,HHHH,shoreline,4542.975923,100.000000,45,45,1.000000,-18.913734,-17.355474,-15.171838,-13.263326,-8.910518,-5.642157,-4.092505,-12.112847,-0.568388,ok
16,Unnamed,NISAR_L2_PR_GCOV_026_024_A_018_4005_DHDH_A_20260721T202900_20260721T202934_P05023_N_F_J_001,2026-07-21T20:29:00.000000Z,2026-07-21,ASCENDING,HVHV,shoreline,4542.975923,100.000000,45,45,1.000000,-25.714881,-23.897979,-21.331338,-19.069114,-14.581464,-11.920785,-9.457104,-18.211053,-0.485758,ok
16,Unnamed,NISAR_L2_PR_GCOV_026_024_A_018_4005_DHDH_A_20260721T202900_20260721T202934_P05023_N_F_J_001,2026-07-21T20:29:00.000000Z,2026-07-21,ASCENDING,HHHH,whole,4542.975923,100.000000,45,45,1.000000,-18.913734,-17.355474,-15.171838,-13.263326,-8.910518,-5.642157,-4.092505,-12.112847,-0.568388,ok
16,Unnamed,NISAR_L2_PR_GCOV_026_024_A_018_4005_DHDH_A_20260721T202900_20260721T202934_P05023_N_F_J_001,2026-07-21T20:29:00.000000Z,2026-07-21,ASCENDING,HVHV,whole,4542.975923,100.000000,45,45,1.000000,-25.714881,-23.897979,-21.331338,-19.069114,-14.581464,-11.920785,-9.457104,-18.211053,-0.485758,ok
17,Unnamed,NISAR_L2_PR_GCOV_026_024_A_018_4005_DHDH_A_20260721T202900_20260721T202934_P05023_N_F_J_001,2026-07-21T20:29:00.000000Z,2026-07-21,ASCENDING,HHHH,shoreline,9008.570954,100.000000,90,90,1.000000,-17.537041,-15.413133,-14.628748,-12.264751,-8.816629,-3.777320,0.341479,-10.951944,-0.568388,ok
17,Unnamed,NISAR_L2_PR_GCOV_026_024_A_018_4005_DHDH_A_20260721T202900_20260721T202934_P05023_N_F_J_001,2026-07-21T20:29:00.000000Z,2026-07-21,ASCENDING,HVHV,shoreline,9008.570954,100.000000,90,90,1.000000,-26.619632,-23.209692,-21.844282,-19.837928,-14.679272,-8.643529,-5.300178,-18.062949,-0.485758,ok
17,Unnamed,NISAR_L2_PR_GCOV_026_024_A_018_4005_DHDH_A_20260721T202900_20260721T202934_P05023_N_F_J_001,2026-07-21T20:29:00.000000Z,2026-07-21,ASCENDING,HHHH,whole,9008.570954,100.000000,90,90,1.000000,-17.537041,-15.413133,-14.628748,-12.264751,-8.816629,-3.777320,0.341479,-10.951944,-0.568388,ok
17,Unnamed,NISAR_L2_PR_GCOV_026_024_A_018_4005_DHDH_A_20260721T202900_20260721T202934_P05023_N_F_J_001,2026-07-21T20:29:00.000000Z,2026-07-21,ASCENDING,HVHV,whole,9008.570954,100.000000,90,90,1.000000,-26.619632,-23.209692,-21.844282,-19.837928,-14.679272,-8.643529,-5.300178,-18.062949,-0.485758,ok
18,Unnamed,NISAR_L2_PR_GCOV_026_024_A_018_4005_DHDH_A_20260721T202900_20260721T202934_P05023_N_F_J_001,2026-07-21T20:29:00.000000Z,2026-07-21,ASCENDING,HHHH,core,118503.797474,100.000000,1184,1184,1.000000,-22.371609,-19.099128,-17.855721,-16.255994,-14.989017,-13.920904,-7.257987,-16.367613,-0.568388,ok
18,Unnamed,NISAR_L2_PR_GCOV_026_024_A_018_4005_DHDH_A_20260721T202900_20260721T202934_P05023_N_F_J_001,2026-07-21T20:29:00.000000Z,2026-07-21,ASCENDING,HVHV,core,118503.797474,100.000000,1184,1184,1.000000,-29.112007,-24.039291,-22.705212,-21.433150,-20.043307,-19.140614,-15.913363,-21.489522,-0.485758,ok
18,Unnamed,NISAR_L2_PR_GCOV_026_024_A_018_4005_DHDH_A_20260721T202900_20260721T202934_P05023_N_F_J_001,2026-07-21T20:29:00.000000Z,2026-07-21,ASCENDING,HHHH,shoreline,155455.397743,100.000000,1557,1557,1.000000,-24.341814,-18.681381,-17.186209,-15.464237,-13.102075,-8.350469,1.179529,-14.579060,-0.568388,ok
18,Unnamed,NISAR_L2_PR_GCOV_026_024_A_018_4005_DHDH_A_20260721T202900_20260721T202934_P05023_N_F_J_001,2026-07-21T20:29:00.000000Z,2026-07-21,ASCENDING,HVHV,shoreline,155455.397743,100.000000,1557,1557,1.000000,-28.582876,-23.612537,-22.282476,-20.548809,-18.549217,-15.084068,-5.982531,-20.006751,-0.485758,ok
18,Unnamed,NISAR_L2_PR_GCOV_026_024_A_018_4005_DHDH_A_20260721T202900_20260721T202934_P05023_N_F_J_001,2026-07-21T20:29:00.000000Z,2026-07-21,ASCENDING,HHHH,whole,273959.195218,100.000000,2741,2741,1.000000,-24.341814,-18.837724,-17.438223,-15.837577,-14.167089,-11.177326,1.179529,-15.351642,-0.568388,ok
18,Unnamed,NISAR_L2_PR_GCOV_026_024_A_018_4005_DHDH_A_20260721T202900_20260721T202934_P05023_N_F_J_001,2026-07-21T20:29:00.000000Z,2026-07-21,ASCENDING,HVHV,whole,273959.195218,100.000000,2741,2741,1.000000,-29.112007,-23.860282,-22.533188,-20.953201,-19.418034,-17.195102,-5.982531,-20.647247,-0.485758,ok
19,Unnamed,NISAR_L2_PR_GCOV_026_024_A_018_4005_DHDH_A_20260721T202900_20260721T202934_P05023_N_F_J_001,2026-07-21T20:29:00.000000Z,2026-07-21,ASCENDING,HHHH,core,5376.480528,100.000000,55,55,1.000000,-23.537545,-18.853968,-17.325545,-16.095740,-14.075011,-13.080720,-11.467680,-16.049718,-0.568388,ok
19,Unnamed,NISAR_L2_PR_GCOV_026_024_A_018_4005_DHDH_A_20260721T202900_20260721T202934_P05023_N_F_J_001,2026-07-21T20:29:00.000000Z,2026-07-21,ASCENDING,HVHV,core,5376.480528,100.000000,55,55,1.000000,-27.533328,-24.699488,-22.895480,-22.008997,-20.341663,-19.607457,-18.164087,-21.930125,-0.485758,ok
19,Unnamed,NISAR_L2_PR_GCOV_026_024_A_018_4005_DHDH_A_20260721T202900_20260721T202934_P05023_N_F_J_001,2026-07-21T20:29:00.000000Z,2026-07-21,ASCENDING,HHHH,shoreline,82008.590567,100.000000,820,820,1.000000,-22.102414,-18.226065,-16.629242,-14.591259,-11.093491,-6.505766,4.249370,-13.520538,-0.568388,ok
19,Unnamed,NISAR_L2_PR_GCOV_026_024_A_018_4005_DHDH_A_20260721T202900_20260721T202934_P05023_N_F_J_001,2026-07-21T20:29:00.000000Z,2026-07-21,ASCENDING,HVHV,shoreline,82008.590567,100.000000,820,820,1.000000,-28.939765,-23.176278,-21.703766,-19.753041,-16.783827,-12.504826,-4.962505,-18.877802,-0.485758,ok
19,Unnamed,NISAR_L2_PR_GCOV_026_024_A_018_4005_DHDH_A_20260721T202900_20260721T202934_P05023_N_F_J_001,2026-07-21T20:29:00.000000Z,2026-07-21,ASCENDING,HHHH,whole,87385.071095,100.000000,875,875,1.000000,-23.537545,-18.310781,-16.684705,-14.647621,-11.428731,-6.775018,4.249370,-13.679515,-0.568388,ok
19,Unnamed,NISAR_L2_PR_GCOV_026_024_A_018_4005_DHDH_A_20260721T202900_20260721T202934_P05023_N_F_J_001,2026-07-21T20:29:00.000000Z,2026-07-21,ASCENDING,HVHV,whole,87385.071095,100.000000,875,875,1.000000,-28.939765,-23.306455,-21.916965,-19.932707,-17.075637,-12.712278,-4.962505,-19.069662,-0.485758,ok
2,Unnamed,NISAR_L2_PR_GCOV_026_024_A_018_4005_DHDH_A_20260721T202900_20260721T202934_P05023_N_F_J_001,2026-07-21T20:29:00.000000Z,2026-07-21,ASCENDING,HHHH,core,3277.550963,100.000000,32,32,1.000000,-19.080326,-17.399725,-15.267853,-13.918122,-13.093892,-12.219801,-10.247981,-14.342119,-0.568388,ok
2,Unnamed,NISAR_L2_PR_GCOV_026_024_A_018_4005_DHDH_A_20260721T202900_20260721T202934_P05023_N_F_J_001,2026-07-21T20:29:00.000000Z,2026-07-21,ASCENDING,HVHV,core,3277.550963,100.000000,32,32,1.000000,-28.122006,-24.425068,-23.563753,-22.278693,-20.995802,-20.225486,-18.548327,-22.330475,-0.485758,ok
2,Unnamed,NISAR_L2_PR_GCOV_026_024_A_018_4005_DHDH_A_20260721T202900_20260721T202934_P05023_N_F_J_001,2026-07-21T20:29:00.000000Z,2026-07-21,ASCENDING,HHHH,shoreline,30352.017361,100.000000,299,299,1.000000,-20.224060,-17.099746,-15.453948,-13.613399,-11.974198,-9.644332,-2.221592,-13.519711,-0.568388,ok
2,Unnamed,NISAR_L2_PR_GCOV_026_024_A_018_4005_DHDH_A_20260721T202900_20260721T202934_P05023_N_F_J_001,2026-07-21T20:29:00.000000Z,2026-07-21,ASCENDING,HVHV,shoreline,30352.017361,100.000000,299,299,1.000000,-30.368151,-23.963927,-22.624832,-21.301300,-19.858312,-17.737926,-7.861434,-20.924132,-0.485758,ok
2,Unnamed,NISAR_L2_PR_GCOV_026_024_A_018_4005_DHDH_A_20260721T202900_20260721T202934_P05023_N_F_J_001,2026-07-21T20:29:00.000000Z,2026-07-21,ASCENDING,HHHH,whole,33629.568324,100.000000,331,331,1.000000,-20.224060,-17.133339,-15.443971,-13.680200,-12.246576,-9.770058,-2.221592,-13.599219,-0.568388,ok
2,Unnamed,NISAR_L2_PR_GCOV_026_024_A_018_4005_DHDH_A_20260721T202900_20260721T202934_P05023_N_F_J_001,2026-07-21T20:29:00.000000Z,2026-07-21,ASCENDING,HVHV,whole,33629.568324,100.000000,331,331,1.000000,-30.368151,-24.115227,-22.688387,-21.363251,-19.918435,-17.944964,-7.861434,-21.060093,-0.485758,ok
20,Unnamed,NISAR_L2_PR_GCOV_026_024_A_018_4005_DHDH_A_20260721T202900_20260721T202934_P05023_N_F_J_001,2026-07-21T20:29:00.000000Z,2026-07-21,ASCENDING,HHHH,core,2083.796132,100.000000,21,21,1.000000,-22.521052,-21.022157,-19.345161,-17.984950,-17.087931,-14.676945,-13.621497,-18.007068,-0.568388,ok
20,Unnamed,NISAR_L2_PR_GCOV_026_024_A_018_4005_DHDH_A_20260721T202900_20260721T202934_P05023_N_F_J_001,2026-07-21T20:29:00.000000Z,2026-07-21,ASCENDING,HVHV,core,2083.796132,100.000000,21,21,1.000000,-27.228838,-25.212566,-23.285962,-22.182111,-21.699001,-21.114920,-20.576744,-22.585393,-0.485758,ok
20,Unnamed,NISAR_L2_PR_GCOV_026_024_A_018_4005_DHDH_A_20260721T202900_20260721T202934_P05023_N_F_J_001,2026-07-21T20:29:00.000000Z,2026-07-21,ASCENDING,HHHH,shoreline,47295.150140,100.000000,474,474,1.000000,-22.992428,-18.995093,-17.579031,-16.356935,-14.452252,-11.993412,-1.937738,-15.750620,-0.568388,ok
20,Unnamed,NISAR_L2_PR_GCOV_026_024_A_018_4005_DHDH_A_20260721T202900_20260721T202934_P05023_N_F_J_001,2026-07-21T20:29:00.000000Z,2026-07-21,ASCENDING,HVHV,shoreline,47295.150140,100.000000,474,474,1.000000,-26.524584,-24.121144,-22.757108,-21.070197,-19.396605,-17.289175,-5.047790,-20.756463,-0.485758,ok
20,Unnamed,NISAR_L2_PR_GCOV_026_024_A_018_4005_DHDH_A_20260721T202900_20260721T202934_P05023_N_F_J_001,2026-07-21T20:29:00.000000Z,2026-07-21,ASCENDING,HHHH,whole,49378.946273,100.000000,495,495,1.000000,-22.992428,-19.064781,-17.698060,-16.407326,-14.499438,-12.148914,-1.937738,-15.846348,-0.568388,ok
20,Unnamed,NISAR_L2_PR_GCOV_026_024_A_018_4005_DHDH_A_20260721T202900_20260721T202934_P05023_N_F_J_001,2026-07-21T20:29:00.000000Z,2026-07-21,ASCENDING,HVHV,whole,49378.946273,100.000000,495,495,1.000000,-27.228838,-24.150909,-22.775689,-21.221216,-19.592900,-17.501118,-5.047790,-20.834054,-0.485758,ok
21,Unnamed,NISAR_L2_PR_GCOV_026_024_A_018_4005_DHDH_A_20260721T202900_20260721T202934_P05023_N_F_J_001,2026-07-21T20:29:00.000000Z,2026-07-21,ASCENDING,HHHH,core,2786.707526,100.000000,27,27,1.000000,-17.645018,-16.779185,-16.318658,-15.598148,-13.258482,-11.359000,-2.234266,-14.336695,-0.568388,ok
21,Unnamed,NISAR_L2_PR_GCOV_026_024_A_018_4005_DHDH_A_20260721T202900_20260721T202934_P05023_N_F_J_001,2026-07-21T20:29:00.000000Z,2026-07-21,ASCENDING,HVHV,core,2786.707526,100.000000,27,27,1.000000,-25.679176,-23.614447,-22.251027,-20.013849,-18.373498,-17.469947,-10.064618,-20.046692,-0.485758,ok
21,Unnamed,NISAR_L2_PR_GCOV_026_024_A_018_4005_DHDH_A_20260721T202900_20260721T202934_P05023_N_F_J_001,2026-07-21T20:29:00.000000Z,2026-07-21,ASCENDING,HHHH,shoreline,71791.547537,100.000000,716,716,1.000000,-22.824389,-17.206544,-15.577099,-13.539511,-9.188661,-5.527560,2.161670,-12.212655,-0.568388,ok
21,Unnamed,NISAR_L2_PR_GCOV_026_024_A_018_4005_DHDH_A_20260721T202900_20260721T202934_P05023_N_F_J_001,2026-07-21T20:29:00.000000Z,2026-07-21,ASCENDING,HVHV,shoreline,71791.547537,100.000000,716,716,1.000000,-28.366187,-22.923354,-21.334365,-19.167728,-15.175450,-10.877966,-1.791603,-17.950179,-0.485758,ok
21,Unnamed,NISAR_L2_PR_GCOV_026_024_A_018_4005_DHDH_A_20260721T202900_20260721T202934_P05023_N_F_J_001,2026-07-21T20:29:00.000000Z,2026-07-21,ASCENDING,HHHH,whole,74578.255063,100.000000,743,743,1.000000,-22.824389,-17.197561,-15.642016,-13.606552,-9.314296,-5.572736,2.161670,-12.289841,-0.568388,ok
21,Unnamed,NISAR_L2_PR_GCOV_026_024_A_018_4005_DHDH_A_20260721T202900_20260721T202934_P05023_N_F_J_001,2026-07-21T20:29:00.000000Z,2026-07-21,ASCENDING,HVHV,whole,74578.255063,100.000000,743,743,1.000000,-28.366187,-23.022276,-21.372869,-19.228048,-15.336249,-10.945692,-1.791603,-18.026365,-0.485758,ok
22,Unnamed,NISAR_L2_PR_GCOV_026_024_A_018_4005_DHDH_A_20260721T202900_20260721T202934_P05023_N_F_J_001,2026-07-21T20:29:00.000000Z,2026-07-21,ASCENDING,HHHH,core,7912.597630,100.000000,78,78,1.000000,-25.111244,-21.305737,-19.767906,-18.434249,-17.296709,-16.426957,-14.265998,-18.692546,-0.568388,ok
22,Unnamed,NISAR_L2_PR_GCOV_026_024_A_018_4005_DHDH_A_20260721T202900_20260721T202934_P05023_N_F_J_001,2026-07-21T20:29:00.000000Z,2026-07-21,ASCENDING,HVHV,core,7912.597630,100.000000,78,78,1.000000,-26.592322,-24.889837,-23.651436,-22.720686,-21.230056,-20.374884,-18.572372,-22.563844,-0.485758,ok
22,Unnamed,NISAR_L2_PR_GCOV_026_024_A_018_4005_DHDH_A_20260721T202900_20260721T202934_P05023_N_F_J_001,2026-07-21T20:29:00.000000Z,2026-07-21,ASCENDING,HHHH,shoreline,41207.491649,100.000000,409,409,1.000000,-24.197427,-20.359674,-19.215800,-17.898765,-16.133620,-14.554744,-1.761774,-17.402307,-0.568388,ok
22,Unnamed,NISAR_L2_PR_GCOV_026_024_A_018_4005_DHDH_A_20260721T202900_20260721T202934_P05023_N_F_J_001,2026-07-21T20:29:00.000000Z,2026-07-21,ASCENDING,HVHV,shoreline,41207.491649,100.000000,409,409,1.000000,-27.442458,-24.828505,-23.519403,-21.965229,-20.727559,-19.145451,-8.801987,-21.831095,-0.485758,ok
22,Unnamed,NISAR_L2_PR_GCOV_026_024_A_018_4005_DHDH_A_20260721T202900_20260721T202934_P05023_N_F_J_001,2026-07-21T20:29:00.000000Z,2026-07-21,ASCENDING,HHHH,whole,49120.089278,100.000000,487,487,1.000000,-25.111244,-20.614092,-19.339218,-18.011791,-16.479719,-14.904366,-1.761774,-17.608958,-0.568388,ok
22,Unnamed,NISAR_L2_PR_GCOV_026_024_A_018_4005_DHDH_A_20260721T202900_20260721T202934_P05023_N_F_J_001,2026-07-21T20:29:00.000000Z,2026-07-21,ASCENDING,HVHV,whole,49120.089278,100.000000,487,487,1.000000,-27.442458,-24.880158,-23.554325,-22.078327,-20.849714,-19.371092,-8.801987,-21.948455,-0.485758,ok
23,Unnamed,NISAR_L2_PR_GCOV_026_024_A_018_4005_DHDH_A_20260721T202900_20260721T202934_P05023_N_F_J_001,2026-07-21T20:29:00.000000Z,2026-07-21,ASCENDING,HHHH,core,3617.292935,100.000000,35,35,1.000000,-21.169437,-20.498244,-19.367377,-18.314326,-16.871778,-15.499693,-14.418118,-18.080889,-0.568388,ok
23,Unnamed,NISAR_L2_PR_GCOV_026_024_A_018_4005_DHDH_A_20260721T202900_20260721T202934_P05023_N_F_J_001,2026-07-21T20:29:00.000000Z,2026-07-21,ASCENDING,HVHV,core,3617.292935,100.000000,35,35,1.000000,-26.535878,-25.329994,-24.584565,-23.130776,-22.143586,-20.840126,-18.376256,-23.110282,-0.485758,ok
23,Unnamed,NISAR_L2_PR_GCOV_026_024_A_018_4005_DHDH_A_20260721T202900_20260721T202934_P05023_N_F_J_001,2026-07-21T20:29:00.000000Z,2026-07-21,ASCENDING,HHHH,shoreline,61852.370253,100.000000,624,624,1.000000,-24.419929,-20.531585,-19.183882,-17.716374,-16.113052,-13.616903,-2.433239,-17.249595,-0.568388,ok
23,Unnamed,NISAR_L2_PR_GCOV_026_024_A_018_4005_DHDH_A_20260721T202900_20260721T202934_P05023_N_F_J_001,2026-07-21T20:29:00.000000Z,2026-07-21,ASCENDING,HVHV,shoreline,61852.370253,100.000000,624,624,1.000000,-28.346551,-24.714698,-23.393320,-21.909163,-20.311070,-18.282272,-8.682749,-21.557037,-0.485758,ok
23,Unnamed,NISAR_L2_PR_GCOV_026_024_A_018_4005_DHDH_A_20260721T202900_20260721T202934_P05023_N_F_J_001,2026-07-21T20:29:00.000000Z,2026-07-21,ASCENDING,HHHH,whole,65469.663188,100.000000,659,659,1.000000,-24.419929,-20.536666,-19.188486,-17.743907,-16.141899,-13.947390,-2.433239,-17.293745,-0.568388,ok
23,Unnamed,NISAR_L2_PR_GCOV_026_024_A_018_4005_DHDH_A_20260721T202900_20260721T202934_P05023_N_F_J_001,2026-07-21T20:29:00.000000Z,2026-07-21,ASCENDING,HVHV,whole,65469.663188,100.000000,659,659,1.000000,-28.346551,-24.743304,-23.437559,-21.979865,-20.374081,-18.464075,-8.682749,-21.639531,-0.485758,ok
24,Unnamed,NISAR_L2_PR_GCOV_026_024_A_018_4005_DHDH_A_20260721T202900_20260721T202934_P05023_N_F_J_001,2026-07-21T20:29:00.000000Z,2026-07-21,ASCENDING,HHHH,shoreline,11788.240185,100.000000,122,122,1.000000,-19.415137,-16.680026,-14.844554,-10.770349,-8.062669,-5.425038,-1.341137,-11.154924,-0.568388,ok
24,Unnamed,NISAR_L2_PR_GCOV_026_024_A_018_4005_DHDH_A_20260721T202900_20260721T202934_P05023_N_F_J_001,2026-07-21T20:29:00.000000Z,2026-07-21,ASCENDING,HVHV,shoreline,11788.240185,100.000000,122,122,1.000000,-27.138868,-23.159814,-20.939194,-17.702457,-14.803738,-11.944813,-7.413985,-17.527939,-0.485758,ok
24,Unnamed,NISAR_L2_PR_GCOV_026_024_A_018_4005_DHDH_A_20260721T202900_20260721T202934_P05023_N_F_J_001,2026-07-21T20:29:00.000000Z,2026-07-21,ASCENDING,HHHH,whole,11788.240185,100.000000,122,122,1.000000,-19.415137,-16.680026,-14.844554,-10.770349,-8.062669,-5.425038,-1.341137,-11.154924,-0.568388,ok
24,Unnamed,NISAR_L2_PR_GCOV_026_024_A_018_4005_DHDH_A_20260721T202900_20260721T202934_P05023_N_F_J_001,2026-07-21T20:29:00.000000Z,2026-07-21,ASCENDING,HVHV,whole,11788.240185,100.000000,122,122,1.000000,-27.138868,-23.159814,-20.939194,-17.702457,-14.803738,-11.944813,-7.413985,-17.527939,-0.485758,ok
25,Unnamed,NISAR_L2_PR_GCOV_026_024_A_018_4005_DHDH_A_20260721T202900_20260721T202934_P05023_N_F_J_001,2026-07-21T20:29:00.000000Z,2026-07-21,ASCENDING,HHHH,shoreline,30021.819698,100.000000,299,299,1.000000,-21.775385,-17.107685,-15.839632,-14.031697,-12.027390,-10.271526,-2.702335,-13.839395,-0.568388,ok
25,Unnamed,NISAR_L2_PR_GCOV_026_024_A_018_4005_DHDH_A_20260721T202900_20260721T202934_P05023_N_F_J_001,2026-07-21T20:29:00.000000Z,2026-07-21,ASCENDING,HVHV,shoreline,30021.819698,100.000000,299,299,1.000000,-28.196170,-24.069182,-22.547035,-20.846583,-19.443259,-17.218234,-11.727929,-20.759687,-0.485758,ok
25,Unnamed,NISAR_L2_PR_GCOV_026_024_A_018_4005_DHDH_A_20260721T202900_20260721T202934_P05023_N_F_J_001,2026-07-21T20:29:00.000000Z,2026-07-21,ASCENDING,HHHH,whole,30021.819698,100.000000,299,299,1.000000,-21.775385,-17.107685,-15.839632,-14.031697,-12.027390,-10.271526,-2.702335,-13.839395,-0.568388,ok
25,Unnamed,NISAR_L2_PR_GCOV_026_024_A_018_4005_DHDH_A_20260721T202900_20260721T202934_P05023_N_F_J_001,2026-07-21T20:29:00.000000Z,2026-07-21,ASCENDING,HVHV,whole,30021.819698,100.000000,299,299,1.000000,-28.196170,-24.069182,-22.547035,-20.846583,-19.443259,-17.218234,-11.727929,-20.759687,-0.485758,ok
26,Unnamed,NISAR_L2_PR_GCOV_026_024_A_018_4005_DHDH_A_20260721T202900_20260721T202934_P05023_N_F_J_001,2026-07-21T20:29:00.000000Z,2026-07-21,ASCENDING,HHHH,shoreline,14439.595936,100.000000,144,144,1.000000,-20.543174,-16.798106,-15.322071,-12.636093,-8.383123,-6.509725,-0.129375,-12.036560,-0.568388,ok
26,Unnamed,NISAR_L2_PR_GCOV_026_024_A_018_4005_DHDH_A_20260721T202900_20260721T202934_P05023_N_F_J_001,2026-07-21T20:29:00.000000Z,2026-07-21,ASCENDING,HVHV,shoreline,14439.595936,100.000000,144,144,1.000000,-25.766674,-22.354419,-20.722837,-18.584086,-14.775041,-11.415559,-6.074544,-17.669072,-0.485758,ok
26,Unnamed,NISAR_L2_PR_GCOV_026_024_A_018_4005_DHDH_A_20260721T202900_20260721T202934_P05023_N_F_J_001,2026-07-21T20:29:00.000000Z,2026-07-21,ASCENDING,HHHH,whole,14439.595936,100.000000,144,144,1.000000,-20.543174,-16.798106,-15.322071,-12.636093,-8.383123,-6.509725,-0.129375,-12.036560,-0.568388,ok
26,Unnamed,NISAR_L2_PR_GCOV_026_024_A_018_4005_DHDH_A_20260721T202900_20260721T202934_P05023_N_F_J_001,2026-07-21T20:29:00.000000Z,2026-07-21,ASCENDING,HVHV,whole,14439.595936,100.000000,144,144,1.000000,-25.766674,-22.354419,-20.722837,-18.584086,-14.775041,-11.415559,-6.074544,-17.669072,-0.485758,ok
27,Unnamed,NISAR_L2_PR_GCOV_026_024_A_018_4005_DHDH_A_20260721T202900_20260721T202934_P05023_N_F_J_001,2026-07-21T20:29:00.000000Z,2026-07-21,ASCENDING,HHHH,core,4488.032286,100.000000,46,46,1.000000,-17.670257,-16.445218,-15.029743,-14.038825,-12.124474,-11.003478,-9.300632,-13.757170,-0.568388,ok
27,Unnamed,NISAR_L2_PR_GCOV_026_024_A_018_4005_DHDH_A_20260721T202900_20260721T202934_P05023_N_F_J_001,2026-07-21T20:29:00.000000Z,2026-07-21,ASCENDING,HVHV,core,4488.032286,100.000000,46,46,1.000000,-26.010469,-24.157349,-23.425165,-22.031945,-20.274711,-19.300213,-17.842138,-21.898764,-0.485758,ok
27,Unnamed,NISAR_L2_PR_GCOV_026_024_A_018_4005_DHDH_A_20260721T202900_20260721T202934_P05023_N_F_J_001,2026-07-21T20:29:00.000000Z,2026-07-21,ASCENDING,HHHH,shoreline,34066.736745,100.000000,345,345,1.000000,-21.659979,-16.600113,-14.867262,-12.926360,-9.538492,-6.038608,-0.020059,-12.070588,-0.568388,ok
27,Unnamed,NISAR_L2_PR_GCOV_026_024_A_018_4005_DHDH_A_20260721T202900_20260721T202934_P05023_N_F_J_001,2026-07-21T20:29:00.000000Z,2026-07-21,ASCENDING,HVHV,shoreline,34066.736745,100.000000,345,345,1.000000,-29.555749,-24.120276,-22.499504,-20.686859,-17.089096,-12.623497,-5.439827,-19.481122,-0.485758,ok
27,Unnamed,NISAR_L2_PR_GCOV_026_024_A_018_4005_DHDH_A_20260721T202900_20260721T202934_P05023_N_F_J_001,2026-07-21T20:29:00.000000Z,2026-07-21,ASCENDING,HHHH,whole,38554.769032,100.000000,391,391,1.000000,-21.659979,-16.602006,-14.879093,-13.072522,-10.298473,-6.396835,-0.020059,-12.269009,-0.568388,ok
27,Unnamed,NISAR_L2_PR_GCOV_026_024_A_018_4005_DHDH_A_20260721T202900_20260721T202934_P05023_N_F_J_001,2026-07-21T20:29:00.000000Z,2026-07-21,ASCENDING,HVHV,whole,38554.769032,100.000000,391,391,1.000000,-29.555749,-24.139667,-22.676860,-20.843564,-18.144945,-12.908117,-5.439827,-19.765550,-0.485758,ok
28,Unnamed,NISAR_L2_PR_GCOV_026_024_A_018_4005_DHDH_A_20260721T202900_20260721T202934_P05023_N_F_J_001,2026-07-21T20:29:00.000000Z,2026-07-21,ASCENDING,HHHH,shoreline,6322.670708,100.000000,64,64,1.000000,-20.287594,-14.398230,-12.795981,-10.532499,-7.375581,-3.837539,-1.141614,-10.141900,-0.568388,ok
28,Unnamed,NISAR_L2_PR_GCOV_026_024_A_018_4005_DHDH_A_20260721T202900_20260721T202934_P05023_N_F_J_001,2026-07-21T20:29:00.000000Z,2026-07-21,ASCENDING,HVHV,shoreline,6322.670708,100.000000,64,64,1.000000,-25.285033,-22.468376,-20.050117,-17.119844,-15.296673,-11.785432,-9.025337,-17.349958,-0.485758,ok
28,Unnamed,NISAR_L2_PR_GCOV_026_024_A_018_4005_DHDH_A_20260721T202900_20260721T202934_P05023_N_F_J_001,2026-07-21T20:29:00.000000Z,2026-07-21,ASCENDING,HHHH,whole,6322.670708,100.000000,64,64,1.000000,-20.287594,-14.398230,-12.795981,-10.532499,-7.375581,-3.837539,-1.141614,-10.141900,-0.568388,ok
28,Unnamed,NISAR_L2_PR_GCOV_026_024_A_018_4005_DHDH_A_20260721T202900_20260721T202934_P05023_N_F_J_001,2026-07-21T20:29:00.000000Z,2026-07-21,ASCENDING,HVHV,whole,6322.670708,100.000000,64,64,1.000000,-25.285033,-22.468376,-20.050117,-17.119844,-15.296673,-11.785432,-9.025337,-17.349958,-0.485758,ok
29,Unnamed,NISAR_L2_PR_GCOV_026_024_A_018_4005_DHDH_A_20260721T202900_20260721T202934_P05023_N_F_J_001,2026-07-21T20:29:00.000000Z,2026-07-21,ASCENDING,HHHH,shoreline,11156.619258,100.000000,110,110,1.000000,-18.774328,-16.905199,-15.476619,-13.720384,-10.320757,-4.639214,2.578903,-12.167749,-0.568388,ok
29,Unnamed,NISAR_L2_PR_GCOV_026_024_A_018_4005_DHDH_A_20260721T202900_20260721T202934_P05023_N_F_J_001,2026-07-21T20:29:00.000000Z,2026-07-21,ASCENDING,HVHV,shoreline,11156.619258,100.000000,110,110,1.000000,-24.193890,-22.259118,-20.972338,-19.249769,-15.454795,-9.550499,-5.080916,-17.663075,-0.485758,ok
29,Unnamed,NISAR_L2_PR_GCOV_026_024_A_018_4005_DHDH_A_20260721T202900_20260721T202934_P05023_N_F_J_001,2026-07-21T20:29:00.000000Z,2026-07-21,ASCENDING,HHHH,whole,11156.619258,100.000000,110,110,1.000000,-18.774328,-16.905199,-15.476619,-13.720384,-10.320757,-4.639214,2.578903,-12.167749,-0.568388,ok
29,Unnamed,NISAR_L2_PR_GCOV_026_024_A_018_4005_DHDH_A_20260721T202900_20260721T202934_P05023_N_F_J_001,2026-07-21T20:29:00.000000Z,2026-07-21,ASCENDING,HVHV,whole,11156.619258,100.000000,110,110,1.000000,-24.193890,-22.259118,-20.972338,-19.249769,-15.454795,-9.550499,-5.080916,-17.663075,-0.485758,ok
3,Unnamed,NISAR_L2_PR_GCOV_026_024_A_018_4005_DHDH_A_20260721T202900_20260721T202934_P05023_N_F_J_001,2026-07-21T20:29:00.000000Z,2026-07-21,ASCENDING,HHHH,shoreline,11434.168985,100.000000,113,113,1.000000,-22.248589,-19.552313,-18.412385,-16.507998,-14.289789,-9.799329,-2.864340,-15.585383,-0.568388,ok
3,Unnamed,NISAR_L2_PR_GCOV_026_024_A_018_4005_DHDH_A_20260721T202900_20260721T202934_P05023_N_F_J_001,2026-07-21T20:29:00.000000Z,2026-07-21,ASCENDING,HVHV,shoreline,11434.168985,100.000000,113,113,1.000000,-27.733403,-23.437029,-21.999388,-20.730498,-18.460967,-15.116602,-6.969560,-19.990258,-0.485758,ok
3,Unnamed,NISAR_L2_PR_GCOV_026_024_A_018_4005_DHDH_A_20260721T202900_20260721T202934_P05023_N_F_J_001,2026-07-21T20:29:00.000000Z,2026-07-21,ASCENDING,HHHH,whole,11434.168985,100.000000,113,113,1.000000,-22.248589,-19.552313,-18.412385,-16.507998,-14.289789,-9.799329,-2.864340,-15.585383,-0.568388,ok
3,Unnamed,NISAR_L2_PR_GCOV_026_024_A_018_4005_DHDH_A_20260721T202900_20260721T202934_P05023_N_F_J_001,2026-07-21T20:29:00.000000Z,2026-07-21,ASCENDING,HVHV,whole,11434.168985,100.000000,113,113,1.000000,-27.733403,-23.437029,-21.999388,-20.730498,-18.460967,-15.116602,-6.969560,-19.990258,-0.485758,ok
30,Unnamed,NISAR_L2_PR_GCOV_026_024_A_018_4005_DHDH_A_20260721T202900_20260721T202934_P05023_N_F_J_001,2026-07-21T20:29:00.000000Z,2026-07-21,ASCENDING,HHHH,shoreline,24517.632812,100.000000,241,241,1.000000,-19.068947,-13.459224,-10.963310,-8.643295,-6.603360,-4.956951,-0.308547,-8.899227,-0.568388,ok
30,Unnamed,NISAR_L2_PR_GCOV_026_024_A_018_4005_DHDH_A_20260721T202900_20260721T202934_P05023_N_F_J_001,2026-07-21T20:29:00.000000Z,2026-07-21,ASCENDING,HVHV,shoreline,24517.632812,100.000000,241,241,1.000000,-25.576313,-20.256287,-18.037152,-15.560619,-12.961889,-10.931372,-5.448067,-15.530508,-0.485758,ok
30,Unnamed,NISAR_L2_PR_GCOV_026_024_A_018_4005_DHDH_A_20260721T202900_20260721T202934_P05023_N_F_J_001,2026-07-21T20:29:00.000000Z,2026-07-21,ASCENDING,HHHH,whole,24517.632812,100.000000,241,241,1.000000,-19.068947,-13.459224,-10.963310,-8.643295,-6.603360,-4.956951,-0.308547,-8.899227,-0.568388,ok
30,Unnamed,NISAR_L2_PR_GCOV_026_024_A_018_4005_DHDH_A_20260721T202900_20260721T202934_P05023_N_F_J_001,2026-07-21T20:29:00.000000Z,2026-07-21,ASCENDING,HVHV,whole,24517.632812,100.000000,241,241,1.000000,-25.576313,-20.256287,-18.037152,-15.560619,-12.961889,-10.931372,-5.448067,-15.530508,-0.485758,ok
31,Unnamed,NISAR_L2_PR_GCOV_026_024_A_018_4005_DHDH_A_20260721T202900_20260721T202934_P05023_N_F_J_001,2026-07-21T20:29:00.000000Z,2026-07-21,ASCENDING,HHHH,core,1481.449039,100.000000,16,16,1.000000,-17.414750,-15.871494,-15.193682,-14.821612,-13.618535,-12.307956,-11.059976,-14.411981,-0.568388,ok
31,Unnamed,NISAR_L2_PR_GCOV_026_024_A_018_4005_DHDH_A_20260721T202900_20260721T202934_P05023_N_F_J_001,2026-07-21T20:29:00.000000Z,2026-07-21,ASCENDING,HVHV,core,1481.449039,100.000000,16,16,1.000000,-26.150775,-24.623666,-23.180976,-21.820693,-20.724472,-20.520424,-19.519225,-22.158040,-0.485758,ok
31,Unnamed,NISAR_L2_PR_GCOV_026_024_A_018_4005_DHDH_A_20260721T202900_20260721T202934_P05023_N_F_J_001,2026-07-21T20:29:00.000000Z,2026-07-21,ASCENDING,HHHH,shoreline,17270.036923,100.000000,174,174,1.000000,-21.125172,-16.098509,-14.743072,-12.980855,-11.241469,-8.973941,0.408827,-12.712696,-0.568388,ok
31,Unnamed,NISAR_L2_PR_GCOV_026_024_A_018_4005_DHDH_A_20260721T202900_20260721T202934_P05023_N_F_J_001,2026-07-21T20:29:00.000000Z,2026-07-21,ASCENDING,HVHV,shoreline,17270.036923,100.000000,174,174,1.000000,-26.813100,-23.559003,-22.072241,-20.597105,-19.093481,-15.312246,-5.314461,-19.946829,-0.485758,ok
31,Unnamed,NISAR_L2_PR_GCOV_026_024_A_018_4005_DHDH_A_20260721T202900_20260721T202934_P05023_N_F_J_001,2026-07-21T20:29:00.000000Z,2026-07-21,ASCENDING,HHHH,whole,18751.485962,100.000000,190,190,1.000000,-21.125172,-16.134342,-14.910131,-13.167412,-11.430617,-9.280922,0.408827,-12.855794,-0.568388,ok
31,Unnamed,NISAR_L2_PR_GCOV_026_024_A_018_4005_DHDH_A_20260721T202900_20260721T202934_P05023_N_F_J_001,2026-07-21T20:29:00.000000Z,2026-07-21,ASCENDING,HVHV,whole,18751.485962,100.000000,190,190,1.000000,-26.813100,-23.610762,-22.198857,-20.685037,-19.309249,-16.015842,-5.314461,-20.133036,-0.485758,ok
32,Unnamed,NISAR_L2_PR_GCOV_026_024_A_018_4005_DHDH_A_20260721T202900_20260721T202934_P05023_N_F_J_001,2026-07-21T20:29:00.000000Z,2026-07-21,ASCENDING,HHHH,core,3445.772556,100.000000,33,33,1.000000,-19.737147,-16.377749,-14.980905,-13.348492,-12.413210,-11.404304,-8.484525,-13.627311,-0.568388,ok
32,Unnamed,NISAR_L2_PR_GCOV_026_024_A_018_4005_DHDH_A_20260721T202900_20260721T202934_P05023_N_F_J_001,2026-07-21T20:29:00.000000Z,2026-07-21,ASCENDING,HVHV,core,3445.772556,100.000000,33,33,1.000000,-24.593047,-23.300790,-22.643157,-21.623899,-20.740494,-18.979542,-17.779591,-21.476385,-0.485758,ok
32,Unnamed,NISAR_L2_PR_GCOV_026_024_A_018_4005_DHDH_A_20260721T202900_20260721T202934_P05023_N_F_J_001,2026-07-21T20:29:00.000000Z,2026-07-21,ASCENDING,HHHH,shoreline,32863.807375,100.000000,333,333,1.000000,-20.345844,-16.398220,-15.015402,-13.099495,-10.762406,-7.253943,0.508874,-12.528556,-0.568388,ok
32,Unnamed,NISAR_L2_PR_GCOV_026_024_A_018_4005_DHDH_A_20260721T202900_20260721T202934_P05023_N_F_J_001,2026-07-21T20:29:00.000000Z,2026-07-21,ASCENDING,HVHV,shoreline,32863.807375,100.000000,333,333,1.000000,-28.083624,-23.599536,-21.972561,-20.123991,-17.657317,-13.100042,-6.178813,-19.350309,-0.485758,ok
32,Unnamed,NISAR_L2_PR_GCOV_026_024_A_018_4005_DHDH_A_20260721T202900_20260721T202934_P05023_N_F_J_001,2026-07-21T20:29:00.000000Z,2026-07-21,ASCENDING,HHHH,whole,36309.579932,100.000000,366,366,1.000000,-20.345844,-16.458143,-14.989144,-13.106758,-11.011972,-7.540283,0.508874,-12.627624,-0.568388,ok
32,Unnamed,NISAR_L2_PR_GCOV_026_024_A_018_4005_DHDH_A_20260721T202900_20260721T202934_P05023_N_F_J_001,2026-07-21T20:29:00.000000Z,2026-07-21,ASCENDING,HVHV,whole,36309.579932,100.000000,366,366,1.000000,-28.083624,-23.579690,-22.050865,-20.370752,-17.919831,-13.444174,-6.178813,-19.542004,-0.485758,ok
33,Unnamed,NISAR_L2_PR_GCOV_026_024_A_018_4005_DHDH_A_20260721T202900_20260721T202934_P05023_N_F_J_001,2026-07-21T20:29:00.000000Z,2026-07-21,ASCENDING,HHHH,shoreline,9956.188808,100.000000,98,98,1.000000,-18.927261,-15.124171,-13.850006,-11.503211,-9.393880,-7.483291,1.137659,-11.348576,-0.568388,ok
33,Unnamed,NISAR_L2_PR_GCOV_026_024_A_018_4005_DHDH_A_20260721T202900_20260721T202934_P05023_N_F_J_001,2026-07-21T20:29:00.000000Z,2026-07-21,ASCENDING,HVHV,shoreline,9956.188808,100.000000,98,98,1.000000,-27.119121,-21.973730,-20.247577,-17.893882,-15.596495,-13.594960,-6.587777,-17.896390,-0.485758,ok
33,Unnamed,NISAR_L2_PR_GCOV_026_024_A_018_4005_DHDH_A_20260721T202900_20260721T202934_P05023_N_F_J_001,2026-07-21T20:29:00.000000Z,2026-07-21,ASCENDING,HHHH,whole,9956.188808,100.000000,98,98,1.000000,-18.927261,-15.124171,-13.850006,-11.503211,-9.393880,-7.483291,1.137659,-11.348576,-0.568388,ok
33,Unnamed,NISAR_L2_PR_GCOV_026_024_A_018_4005_DHDH_A_20260721T202900_20260721T202934_P05023_N_F_J_001,2026-07-21T20:29:00.000000Z,2026-07-21,ASCENDING,HVHV,whole,9956.188808,100.000000,98,98,1.000000,-27.119121,-21.973730,-20.247577,-17.893882,-15.596495,-13.594960,-6.587777,-17.896390,-0.485758,ok
34,Unnamed,NISAR_L2_PR_GCOV_026_024_A_018_4005_DHDH_A_20260721T202900_20260721T202934_P05023_N_F_J_001,2026-07-21T20:29:00.000000Z,2026-07-21,ASCENDING,HHHH,shoreline,16977.653409,100.000000,170,170,1.000000,-19.517696,-17.060129,-15.207963,-13.337037,-10.644908,-8.561693,-3.142031,-12.963557,-0.568388,ok
34,Unnamed,NISAR_L2_PR_GCOV_026_024_A_018_4005_DHDH_A_20260721T202900_20260721T202934_P05023_N_F_J_001,2026-07-21T20:29:00.000000Z,2026-07-21,ASCENDING,HVHV,shoreline,16977.653409,100.000000,170,170,1.000000,-28.618229,-24.164826,-22.462159,-20.840335,-18.222511,-15.320420,-5.428769,-20.156012,-0.485758,ok
34,Unnamed,NISAR_L2_PR_GCOV_026_024_A_018_4005_DHDH_A_20260721T202900_20260721T202934_P05023_N_F_J_001,2026-07-21T20:29:00.000000Z,2026-07-21,ASCENDING,HHHH,whole,16977.653409,100.000000,170,170,1.000000,-19.517696,-17.060129,-15.207963,-13.337037,-10.644908,-8.561693,-3.142031,-12.963557,-0.568388,ok
34,Unnamed,NISAR_L2_PR_GCOV_026_024_A_018_4005_DHDH_A_20260721T202900_20260721T202934_P05023_N_F_J_001,2026-07-21T20:29:00.000000Z,2026-07-21,ASCENDING,HVHV,whole,16977.653409,100.000000,170,170,1.000000,-28.618229,-24.164826,-22.462159,-20.840335,-18.222511,-15.320420,-5.428769,-20.156012,-0.485758,ok
35,Unnamed,NISAR_L2_PR_GCOV_026_024_A_018_4005_DHDH_A_20260721T202900_20260721T202934_P05023_N_F_J_001,2026-07-21T20:29:00.000000Z,2026-07-21,ASCENDING,HHHH,core,163.178983,100.000000,2,2,1.000000,-17.537159,-16.751730,-15.573586,-13.610014,-11.646442,-10.468299,-9.682870,-13.610014,-0.568388,ok
35,Unnamed,NISAR_L2_PR_GCOV_026_024_A_018_4005_DHDH_A_20260721T202900_20260721T202934_P05023_N_F_J_001,2026-07-21T20:29:00.000000Z,2026-07-21,ASCENDING,HVHV,core,163.178983,100.000000,2,2,1.000000,-25.441850,-24.838572,-23.933657,-22.425464,-20.917271,-20.012355,-19.409078,-22.425464,-0.485758,ok
35,Unnamed,NISAR_L2_PR_GCOV_026_024_A_018_4005_DHDH_A_20260721T202900_20260721T202934_P05023_N_F_J_001,2026-07-21T20:29:00.000000Z,2026-07-21,ASCENDING,HHHH,shoreline,26376.921634,100.000000,266,266,1.000000,-19.280065,-14.618923,-13.167316,-11.136492,-8.750684,-5.644088,1.138526,-10.713660,-0.568388,ok
35,Unnamed,NISAR_L2_PR_GCOV_026_024_A_018_4005_DHDH_A_20260721T202900_20260721T202934_P05023_N_F_J_001,2026-07-21T20:29:00.000000Z,2026-07-21,ASCENDING,HVHV,shoreline,26376.921634,100.000000,266,266,1.000000,-27.452922,-23.410869,-22.150768,-19.934620,-17.224640,-12.302499,-3.049141,-18.925886,-0.485758,ok
35,Unnamed,NISAR_L2_PR_GCOV_026_024_A_018_4005_DHDH_A_20260721T202900_20260721T202934_P05023_N_F_J_001,2026-07-21T20:29:00.000000Z,2026-07-21,ASCENDING,HHHH,whole,26540.100617,100.000000,268,268,1.000000,-19.280065,-14.794064,-13.190967,-11.136492,-8.771172,-5.685490,1.138526,-10.735275,-0.568388,ok
35,Unnamed,NISAR_L2_PR_GCOV_026_024_A_018_4005_DHDH_A_20260721T202900_20260721T202934_P05023_N_F_J_001,2026-07-21T20:29:00.000000Z,2026-07-21,ASCENDING,HVHV,whole,26540.100617,100.000000,268,268,1.000000,-27.452922,-23.419307,-22.179416,-19.934620,-17.232325,-12.394355,-3.049141,-18.952002,-0.485758,ok
43,Unnamed,NISAR_L2_PR_GCOV_026_024_A_018_4005_DHDH_A_20260721T202900_20260721T202934_P05023_N_F_J_001,2026-07-21T20:29:00.000000Z,2026-07-21,ASCENDING,HHHH,shoreline,14166.390215,100.000000,143,143,1.000000,-20.470103,-18.029702,-16.987906,-15.033908,-11.555492,-7.894613,-0.151002,-13.964471,-0.568388,ok
43,Unnamed,NISAR_L2_PR_GCOV_026_024_A_018_4005_DHDH_A_20260721T202900_20260721T202934_P05023_N_F_J_001,2026-07-21T20:29:00.000000Z,2026-07-21,ASCENDING,HVHV,shoreline,14166.390215,100.000000,143,143,1.000000,-28.135296,-23.620937,-22.026389,-20.355835,-18.117570,-14.405905,-8.266743,-19.737075,-0.485758,ok
43,Unnamed,NISAR_L2_PR_GCOV_026_024_A_018_4005_DHDH_A_20260721T202900_20260721T202934_P05023_N_F_J_001,2026-07-21T20:29:00.000000Z,2026-07-21,ASCENDING,HHHH,whole,14166.390215,100.000000,143,143,1.000000,-20.470103,-18.029702,-16.987906,-15.033908,-11.555492,-7.894613,-0.151002,-13.964471,-0.568388,ok
43,Unnamed,NISAR_L2_PR_GCOV_026_024_A_018_4005_DHDH_A_20260721T202900_20260721T202934_P05023_N_F_J_001,2026-07-21T20:29:00.000000Z,2026-07-21,ASCENDING,HVHV,whole,14166.390215,100.000000,143,143,1.000000,-28.135296,-23.620937,-22.026389,-20.355835,-18.117570,-14.405905,-8.266743,-19.737075,-0.485758,ok
48,Unnamed,NISAR_L2_PR_GCOV_026_024_A_018_4005_DHDH_A_20260721T202900_20260721T202934_P05023_N_F_J_001,2026-07-21T20:29:00.000000Z,2026-07-21,ASCENDING,HHHH,shoreline,3435.845157,100.000000,35,35,1.000000,-19.185609,-17.699820,-15.746868,-14.040351,-10.917071,-9.376795,-7.100553,-13.676687,-0.568388,ok
48,Unnamed,NISAR_L2_PR_GCOV_026_024_A_018_4005_DHDH_A_20260721T202900_20260721T202934_P05023_N_F_J_001,2026-07-21T20:29:00.000000Z,2026-07-21,ASCENDING,HVHV,shoreline,3435.845157,100.000000,35,35,1.000000,-24.474816,-21.961223,-20.808156,-18.966422,-17.112389,-14.890517,-9.207398,-18.691663,-0.485758,ok
48,Unnamed,NISAR_L2_PR_GCOV_026_024_A_018_4005_DHDH_A_20260721T202900_20260721T202934_P05023_N_F_J_001,2026-07-21T20:29:00.000000Z,2026-07-21,ASCENDING,HHHH,whole,3435.845157,100.000000,35,35,1.000000,-19.185609,-17.699820,-15.746868,-14.040351,-10.917071,-9.376795,-7.100553,-13.676687,-0.568388,ok
48,Unnamed,NISAR_L2_PR_GCOV_026_024_A_018_4005_DHDH_A_20260721T202900_20260721T202934_P05023_N_F_J_001,2026-07-21T20:29:00.000000Z,2026-07-21,ASCENDING,HVHV,whole,3435.845157,100.000000,35,35,1.000000,-24.474816,-21.961223,-20.808156,-18.966422,-17.112389,-14.890517,-9.207398,-18.691663,-0.485758,ok
0,Unnamed,NISAR_L2_PR_GCOV_028_003_D_072_4005_DHDH_A_20260813T100217_20260813T100251_P05023_N_F_J_001,2026-08-13T10:02:17.000000Z,2026-08-13,DESCENDING,HHHH,shoreline,15668.030102,100.000000,155,155,1.000000,-23.695522,-19.471379,-17.193491,-15.193386,-12.060022,-9.571790,-5.038108,-14.755033,-0.751897,ok
0,Unnamed,NISAR_L2_PR_GCOV_028_003_D_072_4005_DHDH_A_20260813T100217_20260813T100251_P05023_N_F_J_001,2026-08-13T10:02:17.000000Z,2026-08-13,DESCENDING,HVHV,shoreline,15668.030102,100.000000,155,155,1.000000,-26.857505,-24.034178,-21.608276,-19.389826,-16.513297,-14.397695,-8.120726,-19.210309,-0.461133,ok
0,Unnamed,NISAR_L2_PR_GCOV_028_003_D_072_4005_DHDH_A_20260813T100217_20260813T100251_P05023_N_F_J_001,2026-08-13T10:02:17.000000Z,2026-08-13,DESCENDING,HHHH,whole,15668.030102,100.000000,155,155,1.000000,-23.695522,-19.471379,-17.193491,-15.193386,-12.060022,-9.571790,-5.038108,-14.755033,-0.751897,ok
0,Unnamed,NISAR_L2_PR_GCOV_028_003_D_072_4005_DHDH_A_20260813T100217_20260813T100251_P05023_N_F_J_001,2026-08-13T10:02:17.000000Z,2026-08-13,DESCENDING,HVHV,whole,15668.030102,100.000000,155,155,1.000000,-26.857505,-24.034178,-21.608276,-19.389826,-16.513297,-14.397695,-8.120726,-19.210309,-0.461133,ok
1,Unnamed,NISAR_L2_PR_GCOV_028_003_D_072_4005_DHDH_A_20260813T100217_20260813T100251_P05023_N_F_J_001,2026-08-13T10:02:17.000000Z,2026-08-13,DESCENDING,HHHH,shoreline,14315.224709,100.000000,141,141,1.000000,-20.597666,-17.879468,-15.649786,-13.700010,-9.540168,-6.335662,-3.399417,-12.704078,-0.751897,ok
1,Unnamed,NISAR_L2_PR_GCOV_028_003_D_072_4005_DHDH_A_20260813T100217_20260813T100251_P05023_N_F_J_001,2026-08-13T10:02:17.000000Z,2026-08-13,DESCENDING,HVHV,shoreline,14315.224709,100.000000,141,141,1.000000,-25.698410,-21.792913,-20.235687,-17.633534,-14.953153,-12.167981,-3.841682,-17.218488,-0.461133,ok
1,Unnamed,NISAR_L2_PR_GCOV_028_003_D_072_4005_DHDH_A_20260813T100217_20260813T100251_P05023_N_F_J_001,2026-08-13T10:02:17.000000Z,2026-08-13,DESCENDING,HHHH,whole,14315.224709,100.000000,141,141,1.000000,-20.597666,-17.879468,-15.649786,-13.700010,-9.540168,-6.335662,-3.399417,-12.704078,-0.751897,ok
1,Unnamed,NISAR_L2_PR_GCOV_028_003_D_072_4005_DHDH_A_20260813T100217_20260813T100251_P05023_N_F_J_001,2026-08-13T10:02:17.000000Z,2026-08-13,DESCENDING,HVHV,whole,14315.224709,100.000000,141,141,1.000000,-25.698410,-21.792913,-20.235687,-17.633534,-14.953153,-12.167981,-3.841682,-17.218488,-0.461133,ok
12,Unnamed,NISAR_L2_PR_GCOV_028_003_D_072_4005_DHDH_A_20260813T100217_20260813T100251_P05023_N_F_J_001,2026-08-13T10:02:17.000000Z,2026-08-13,DESCENDING,HHHH,shoreline,6395.508556,100.000000,63,63,1.000000,-19.529108,-16.374204,-14.366178,-12.301599,-7.892079,-5.176226,-3.312378,-11.272467,-0.751897,ok
12,Unnamed,NISAR_L2_PR_GCOV_028_003_D_072_4005_DHDH_A_20260813T100217_20260813T100251_P05023_N_F_J_001,2026-08-13T10:02:17.000000Z,2026-08-13,DESCENDING,HVHV,shoreline,6395.508556,100.000000,63,63,1.000000,-25.331964,-21.253514,-19.568906,-17.577574,-12.487144,-10.519080,-8.354262,-16.267111,-0.461133,ok
12,Unnamed,NISAR_L2_PR_GCOV_028_003_D_072_4005_DHDH_A_20260813T100217_20260813T100251_P05023_N_F_J_001,2026-08-13T10:02:17.000000Z,2026-08-13,DESCENDING,HHHH,whole,6395.508556,100.000000,63,63,1.000000,-19.529108,-16.374204,-14.366178,-12.301599,-7.892079,-5.176226,-3.312378,-11.272467,-0.751897,ok
12,Unnamed,NISAR_L2_PR_GCOV_028_003_D_072_4005_DHDH_A_20260813T100217_20260813T100251_P05023_N_F_J_001,2026-08-13T10:02:17.000000Z,2026-08-13,DESCENDING,HVHV,whole,6395.508556,100.000000,63,63,1.000000,-25.331964,-21.253514,-19.568906,-17.577574,-12.487144,-10.519080,-8.354262,-16.267111,-0.461133,ok
13,Unnamed,NISAR_L2_PR_GCOV_028_003_D_072_4005_DHDH_A_20260813T100217_20260813T100251_P05023_N_F_J_001,2026-08-13T10:02:17.000000Z,2026-08-13,DESCENDING,HHHH,shoreline,18329.633771,100.000000,177,177,1.000000,-20.589949,-17.605186,-15.710135,-10.443096,-4.407158,-2.111323,5.424899,-10.157920,-0.751897,ok
13,Unnamed,NISAR_L2_PR_GCOV_028_003_D_072_4005_DHDH_A_20260813T100217_20260813T100251_P05023_N_F_J_001,2026-08-13T10:02:17.000000Z,2026-08-13,DESCENDING,HVHV,shoreline,18329.633771,100.000000,177,177,1.000000,-25.768921,-21.720407,-20.118986,-15.160067,-10.146476,-7.292138,-2.294260,-14.960935,-0.461133,ok
13,Unnamed,NISAR_L2_PR_GCOV_028_003_D_072_4005_DHDH_A_20260813T100217_20260813T100251_P05023_N_F_J_001,2026-08-13T10:02:17.000000Z,2026-08-13,DESCENDING,HHHH,whole,18329.633771,100.000000,177,177,1.000000,-20.589949,-17.605186,-15.710135,-10.443096,-4.407158,-2.111323,5.424899,-10.157920,-0.751897,ok
13,Unnamed,NISAR_L2_PR_GCOV_028_003_D_072_4005_DHDH_A_20260813T100217_20260813T100251_P05023_N_F_J_001,2026-08-13T10:02:17.000000Z,2026-08-13,DESCENDING,HVHV,whole,18329.633771,100.000000,177,177,1.000000,-25.768921,-21.720407,-20.118986,-15.160067,-10.146476,-7.292138,-2.294260,-14.960935,-0.461133,ok
14,Unnamed,NISAR_L2_PR_GCOV_028_003_D_072_4005_DHDH_A_20260813T100217_20260813T100251_P05023_N_F_J_001,2026-08-13T10:02:17.000000Z,2026-08-13,DESCENDING,HHHH,shoreline,6151.446071,100.000000,63,63,1.000000,-21.489321,-18.369696,-16.835391,-13.391778,-10.402375,-7.504174,-5.010029,-13.359543,-0.751897,ok
14,Unnamed,NISAR_L2_PR_GCOV_028_003_D_072_4005_DHDH_A_20260813T100217_20260813T100251_P05023_N_F_J_001,2026-08-13T10:02:17.000000Z,2026-08-13,DESCENDING,HVHV,shoreline,6151.446071,100.000000,63,63,1.000000,-25.252768,-22.351955,-21.011129,-18.416625,-15.598402,-12.927493,-8.147570,-17.941996,-0.461133,ok
14,Unnamed,NISAR_L2_PR_GCOV_028_003_D_072_4005_DHDH_A_20260813T100217_20260813T100251_P05023_N_F_J_001,2026-08-13T10:02:17.000000Z,2026-08-13,DESCENDING,HHHH,whole,6151.446071,100.000000,63,63,1.000000,-21.489321,-18.369696,-16.835391,-13.391778,-10.402375,-7.504174,-5.010029,-13.359543,-0.751897,ok
14,Unnamed,NISAR_L2_PR_GCOV_028_003_D_072_4005_DHDH_A_20260813T100217_20260813T100251_P05023_N_F_J_001,2026-08-13T10:02:17.000000Z,2026-08-13,DESCENDING,HVHV,whole,6151.446071,100.000000,63,63,1.000000,-25.252768,-22.351955,-21.011129,-18.416625,-15.598402,-12.927493,-8.147570,-17.941996,-0.461133,ok
15,Unnamed,NISAR_L2_PR_GCOV_028_003_D_072_4005_DHDH_A_20260813T100217_20260813T100251_P05023_N_F_J_001,2026-08-13T10:02:17.000000Z,2026-08-13,DESCENDING,HHHH,shoreline,11176.661939,100.000000,112,112,1.000000,-21.543532,-16.828503,-15.833427,-13.432541,-9.064698,-6.339279,-1.352568,-12.236264,-0.751897,ok
15,Unnamed,NISAR_L2_PR_GCOV_028_003_D_072_4005_DHDH_A_20260813T100217_20260813T100251_P05023_N_F_J_001,2026-08-13T10:02:17.000000Z,2026-08-13,DESCENDING,HVHV,shoreline,11176.661939,100.000000,112,112,1.000000,-24.787205,-21.924342,-20.374383,-17.978500,-13.935986,-11.178891,-7.043359,-17.019625,-0.461133,ok
15,Unnamed,NISAR_L2_PR_GCOV_028_003_D_072_4005_DHDH_A_20260813T100217_20260813T100251_P05023_N_F_J_001,2026-08-13T10:02:17.000000Z,2026-08-13,DESCENDING,HHHH,whole,11176.661939,100.000000,112,112,1.000000,-21.543532,-16.828503,-15.833427,-13.432541,-9.064698,-6.339279,-1.352568,-12.236264,-0.751897,ok
15,Unnamed,NISAR_L2_PR_GCOV_028_003_D_072_4005_DHDH_A_20260813T100217_20260813T100251_P05023_N_F_J_001,2026-08-13T10:02:17.000000Z,2026-08-13,DESCENDING,HVHV,whole,11176.661939,100.000000,112,112,1.000000,-24.787205,-21.924342,-20.374383,-17.978500,-13.935986,-11.178891,-7.043359,-17.019625,-0.461133,ok
16,Unnamed,NISAR_L2_PR_GCOV_028_003_D_072_4005_DHDH_A_20260813T100217_20260813T100251_P05023_N_F_J_001,2026-08-13T10:02:17.000000Z,2026-08-13,DESCENDING,HHHH,shoreline,4542.975923,100.000000,45,45,1.000000,-18.003414,-16.555337,-15.124272,-12.674882,-11.197087,-8.775626,-7.248525,-12.723109,-0.751897,ok
16,Unnamed,NISAR_L2_PR_GCOV_028_003_D_072_4005_DHDH_A_20260813T100217_20260813T100251_P05023_N_F_J_001,2026-08-13T10:02:17.000000Z,2026-08-13,DESCENDING,HVHV,shoreline,4542.975923,100.000000,45,45,1.000000,-24.633597,-22.643704,-21.080325,-18.843591,-17.883410,-14.508194,-11.663850,-18.980857,-0.461133,ok
16,Unnamed,NISAR_L2_PR_GCOV_028_003_D_072_4005_DHDH_A_20260813T100217_20260813T100251_P05023_N_F_J_001,2026-08-13T10:02:17.000000Z,2026-08-13,DESCENDING,HHHH,whole,4542.975923,100.000000,45,45,1.000000,-18.003414,-16.555337,-15.124272,-12.674882,-11.197087,-8.775626,-7.248525,-12.723109,-0.751897,ok
16,Unnamed,NISAR_L2_PR_GCOV_028_003_D_072_4005_DHDH_A_20260813T100217_20260813T100251_P05023_N_F_J_001,2026-08-13T10:02:17.000000Z,2026-08-13,DESCENDING,HVHV,whole,4542.975923,100.000000,45,45,1.000000,-24.633597,-22.643704,-21.080325,-18.843591,-17.883410,-14.508194,-11.663850,-18.980857,-0.461133,ok
17,Unnamed,NISAR_L2_PR_GCOV_028_003_D_072_4005_DHDH_A_20260813T100217_20260813T100251_P05023_N_F_J_001,2026-08-13T10:02:17.000000Z,2026-08-13,DESCENDING,HHHH,shoreline,9008.570954,100.000000,90,90,1.000000,-20.731294,-18.288292,-16.706237,-14.538245,-11.548390,-9.130320,-3.422272,-13.961564,-0.751897,ok
17,Unnamed,NISAR_L2_PR_GCOV_028_003_D_072_4005_DHDH_A_20260813T100217_20260813T100251_P05023_N_F_J_001,2026-08-13T10:02:17.000000Z,2026-08-13,DESCENDING,HVHV,shoreline,9008.570954,100.000000,90,90,1.000000,-25.576033,-23.398149,-21.321679,-19.601071,-17.574568,-13.258724,-5.704617,-18.998231,-0.461133,ok
17,Unnamed,NISAR_L2_PR_GCOV_028_003_D_072_4005_DHDH_A_20260813T100217_20260813T100251_P05023_N_F_J_001,2026-08-13T10:02:17.000000Z,2026-08-13,DESCENDING,HHHH,whole,9008.570954,100.000000,90,90,1.000000,-20.731294,-18.288292,-16.706237,-14.538245,-11.548390,-9.130320,-3.422272,-13.961564,-0.751897,ok
17,Unnamed,NISAR_L2_PR_GCOV_028_003_D_072_4005_DHDH_A_20260813T100217_20260813T100251_P05023_N_F_J_001,2026-08-13T10:02:17.000000Z,2026-08-13,DESCENDING,HVHV,whole,9008.570954,100.000000,90,90,1.000000,-25.576033,-23.398149,-21.321679,-19.601071,-17.574568,-13.258724,-5.704617,-18.998231,-0.461133,ok
18,Unnamed,NISAR_L2_PR_GCOV_028_003_D_072_4005_DHDH_A_20260813T100217_20260813T100251_P05023_N_F_J_001,2026-08-13T10:02:17.000000Z,2026-08-13,DESCENDING,HHHH,core,118503.797474,100.000000,1184,1184,1.000000,-21.728268,-18.355280,-17.131868,-15.735893,-14.397670,-13.208632,-3.142543,-15.756263,-0.751897,ok
18,Unnamed,NISAR_L2_PR_GCOV_028_003_D_072_4005_DHDH_A_20260813T100217_20260813T100251_P05023_N_F_J_001,2026-08-13T10:02:17.000000Z,2026-08-13,DESCENDING,HVHV,core,118503.797474,100.000000,1184,1184,1.000000,-26.880731,-23.223298,-21.968598,-20.627623,-19.403738,-18.317305,-15.548194,-20.722486,-0.461133,ok
18,Unnamed,NISAR_L2_PR_GCOV_028_003_D_072_4005_DHDH_A_20260813T100217_20260813T100251_P05023_N_F_J_001,2026-08-13T10:02:17.000000Z,2026-08-13,DESCENDING,HHHH,shoreline,155455.397743,100.000000,1557,1557,1.000000,-22.807409,-17.045687,-15.417269,-13.302222,-10.015751,-6.292348,3.422564,-12.394059,-0.751897,ok
18,Unnamed,NISAR_L2_PR_GCOV_028_003_D_072_4005_DHDH_A_20260813T100217_20260813T100251_P05023_N_F_J_001,2026-08-13T10:02:17.000000Z,2026-08-13,DESCENDING,HVHV,shoreline,155455.397743,100.000000,1557,1557,1.000000,-26.371324,-22.285789,-20.710513,-18.783121,-16.403932,-13.125756,-3.755551,-18.219242,-0.461133,ok
18,Unnamed,NISAR_L2_PR_GCOV_028_003_D_072_4005_DHDH_A_20260813T100217_20260813T100251_P05023_N_F_J_001,2026-08-13T10:02:17.000000Z,2026-08-13,DESCENDING,HHHH,whole,273959.195218,100.000000,2741,2741,1.000000,-22.807409,-17.815320,-16.368833,-14.679621,-12.298856,-8.314354,3.422564,-13.846394,-0.751897,ok
18,Unnamed,NISAR_L2_PR_GCOV_028_003_D_072_4005_DHDH_A_20260813T100217_20260813T100251_P05023_N_F_J_001,2026-08-13T10:02:17.000000Z,2026-08-13,DESCENDING,HVHV,whole,273959.195218,100.000000,2741,2741,1.000000,-26.880731,-22.814629,-21.348501,-19.822828,-17.909181,-15.042100,-3.755551,-19.300541,-0.461133,ok
19,Unnamed,NISAR_L2_PR_GCOV_028_003_D_072_4005_DHDH_A_20260813T100217_20260813T100251_P05023_N_F_J_001,2026-08-13T10:02:17.000000Z,2026-08-13,DESCENDING,HHHH,core,5376.480528,100.000000,55,55,1.000000,-22.003697,-17.812359,-16.344137,-15.286922,-14.239366,-13.061365,-10.851531,-15.374105,-0.751897,ok
19,Unnamed,NISAR_L2_PR_GCOV_028_003_D_072_4005_DHDH_A_20260813T100217_20260813T100251_P05023_N_F_J_001,2026-08-13T10:02:17.000000Z,2026-08-13,DESCENDING,HVHV,core,5376.480528,100.000000,55,55,1.000000,-28.227854,-22.931602,-21.730152,-20.832262,-20.197216,-18.668899,-15.527034,-20.930465,-0.461133,ok
19,Unnamed,NISAR_L2_PR_GCOV_028_003_D_072_4005_DHDH_A_20260813T100217_20260813T100251_P05023_N_F_J_001,2026-08-13T10:02:17.000000Z,2026-08-13,DESCENDING,HHHH,shoreline,82008.590567,100.000000,820,820,1.000000,-21.812751,-16.785378,-15.078061,-12.123151,-8.034941,-4.654951,2.432690,-11.290983,-0.751897,ok
19,Unnamed,NISAR_L2_PR_GCOV_028_003_D_072_4005_DHDH_A_20260813T100217_20260813T100251_P05023_N_F_J_001,2026-08-13T10:02:17.000000Z,2026-08-13,DESCENDING,HVHV,shoreline,82008.590567,100.000000,820,820,1.000000,-25.486622,-21.697213,-20.094698,-17.781206,-14.345970,-10.457550,-2.240644,-16.877737,-0.461133,ok
19,Unnamed,NISAR_L2_PR_GCOV_028_003_D_072_4005_DHDH_A_20260813T100217_20260813T100251_P05023_N_F_J_001,2026-08-13T10:02:17.000000Z,2026-08-13,DESCENDING,HHHH,whole,87385.071095,100.000000,875,875,1.000000,-22.003697,-16.919443,-15.239194,-12.618621,-8.269523,-4.829512,2.432690,-11.547636,-0.751897,ok
19,Unnamed,NISAR_L2_PR_GCOV_028_003_D_072_4005_DHDH_A_20260813T100217_20260813T100251_P05023_N_F_J_001,2026-08-13T10:02:17.000000Z,2026-08-13,DESCENDING,HVHV,whole,87385.071095,100.000000,875,875,1.000000,-28.227854,-21.847091,-20.352671,-18.057825,-14.844573,-10.675082,-2.240644,-17.132480,-0.461133,ok
2,Unnamed,NISAR_L2_PR_GCOV_028_003_D_072_4005_DHDH_A_20260813T100217_20260813T100251_P05023_N_F_J_001,2026-08-13T10:02:17.000000Z,2026-08-13,DESCENDING,HHHH,core,3277.550963,100.000000,32,32,1.000000,-20.179911,-19.004421,-17.696843,-16.810566,-16.048539,-15.116378,-13.271764,-16.809803,-0.751897,ok
2,Unnamed,NISAR_L2_PR_GCOV_028_003_D_072_4005_DHDH_A_20260813T100217_20260813T100251_P05023_N_F_J_001,2026-08-13T10:02:17.000000Z,2026-08-13,DESCENDING,HVHV,core,3277.550963,100.000000,32,32,1.000000,-25.347410,-24.253427,-23.447095,-21.878097,-20.988005,-19.955647,-18.029647,-22.119894,-0.461133,ok
2,Unnamed,NISAR_L2_PR_GCOV_028_003_D_072_4005_DHDH_A_20260813T100217_20260813T100251_P05023_N_F_J_001,2026-08-13T10:02:17.000000Z,2026-08-13,DESCENDING,HHHH,shoreline,30352.017361,100.000000,299,299,1.000000,-22.493984,-19.187311,-18.287215,-16.983393,-15.465554,-13.778221,-0.663227,-16.609412,-0.751897,ok
2,Unnamed,NISAR_L2_PR_GCOV_028_003_D_072_4005_DHDH_A_20260813T100217_20260813T100251_P05023_N_F_J_001,2026-08-13T10:02:17.000000Z,2026-08-13,DESCENDING,HVHV,shoreline,30352.017361,100.000000,299,299,1.000000,-28.458135,-24.348281,-22.959916,-21.442991,-20.129439,-18.820580,-2.033308,-21.359759,-0.461133,ok
2,Unnamed,NISAR_L2_PR_GCOV_028_003_D_072_4005_DHDH_A_20260813T100217_20260813T100251_P05023_N_F_J_001,2026-08-13T10:02:17.000000Z,2026-08-13,DESCENDING,HHHH,whole,33629.568324,100.000000,331,331,1.000000,-22.493984,-19.168475,-18.229473,-16.960860,-15.529143,-13.869901,-0.663227,-16.628786,-0.751897,ok
2,Unnamed,NISAR_L2_PR_GCOV_028_003_D_072_4005_DHDH_A_20260813T100217_20260813T100251_P05023_N_F_J_001,2026-08-13T10:02:17.000000Z,2026-08-13,DESCENDING,HVHV,whole,33629.568324,100.000000,331,331,1.000000,-28.458135,-24.339669,-23.041036,-21.453252,-20.267038,-18.945863,-2.033308,-21.433246,-0.461133,ok
20,Unnamed,NISAR_L2_PR_GCOV_028_003_D_072_4005_DHDH_A_20260813T100217_20260813T100251_P05023_N_F_J_001,2026-08-13T10:02:17.000000Z,2026-08-13,DESCENDING,HHHH,core,2083.796132,100.000000,21,21,1.000000,-21.487680,-19.641620,-18.728116,-16.994781,-16.125296,-14.883043,-13.952206,-17.273436,-0.751897,ok
20,Unnamed,NISAR_L2_PR_GCOV_028_003_D_072_4005_DHDH_A_20260813T100217_20260813T100251_P05023_N_F_J_001,2026-08-13T10:02:17.000000Z,2026-08-13,DESCENDING,HVHV,core,2083.796132,100.000000,21,21,1.000000,-25.703893,-22.923324,-21.966572,-21.082516,-19.552303,-18.785313,-18.194487,-21.046888,-0.461133,ok
20,Unnamed,NISAR_L2_PR_GCOV_028_003_D_072_4005_DHDH_A_20260813T100217_20260813T100251_P05023_N_F_J_001,2026-08-13T10:02:17.000000Z,2026-08-13,DESCENDING,HHHH,shoreline,47295.150140,100.000000,474,474,1.000000,-22.554904,-18.239214,-16.821430,-15.324360,-13.480225,-8.866776,1.643503,-14.445700,-0.751897,ok
20,Unnamed,NISAR_L2_PR_GCOV_028_003_D_072_4005_DHDH_A_20260813T100217_20260813T100251_P05023_N_F_J_001,2026-08-13T10:02:17.000000Z,2026-08-13,DESCENDING,HVHV,shoreline,47295.150140,100.000000,474,474,1.000000,-27.788278,-23.197159,-21.730794,-20.117019,-18.325005,-14.405062,-4.757731,-19.466502,-0.461133,ok
20,Unnamed,NISAR_L2_PR_GCOV_028_003_D_072_4005_DHDH_A_20260813T100217_20260813T100251_P05023_N_F_J_001,2026-08-13T10:02:17.000000Z,2026-08-13,DESCENDING,HHHH,whole,49378.946273,100.000000,495,495,1.000000,-22.554904,-18.348404,-16.881642,-15.370839,-13.607883,-9.072470,1.643503,-14.565665,-0.751897,ok
20,Unnamed,NISAR_L2_PR_GCOV_028_003_D_072_4005_DHDH_A_20260813T100217_20260813T100251_P05023_N_F_J_001,2026-08-13T10:02:17.000000Z,2026-08-13,DESCENDING,HVHV,whole,49378.946273,100.000000,495,495,1.000000,-27.788278,-23.196090,-21.739020,-20.131989,-18.424600,-14.687521,-4.757731,-19.533549,-0.461133,ok
21,Unnamed,NISAR_L2_PR_GCOV_028_003_D_072_4005_DHDH_A_20260813T100217_20260813T100251_P05023_N_F_J_001,2026-08-13T10:02:17.000000Z,2026-08-13,DESCENDING,HHHH,core,2786.707526,100.000000,27,27,1.000000,-19.414820,-17.709984,-17.259537,-15.261392,-13.461671,-11.361941,-2.798268,-14.582703,-0.751897,ok
21,Unnamed,NISAR_L2_PR_GCOV_028_003_D_072_4005_DHDH_A_20260813T100217_20260813T100251_P05023_N_F_J_001,2026-08-13T10:02:17.000000Z,2026-08-13,DESCENDING,HVHV,core,2786.707526,100.000000,27,27,1.000000,-24.382169,-23.257827,-22.101225,-21.043368,-19.129581,-17.927170,-10.742901,-20.434745,-0.461133,ok
21,Unnamed,NISAR_L2_PR_GCOV_028_003_D_072_4005_DHDH_A_20260813T100217_20260813T100251_P05023_N_F_J_001,2026-08-13T10:02:17.000000Z,2026-08-13,DESCENDING,HHHH,shoreline,71791.547537,100.000000,716,716,1.000000,-22.501391,-18.272740,-16.610125,-14.568577,-10.587946,-6.514398,0.387848,-13.488170,-0.751897,ok
21,Unnamed,NISAR_L2_PR_GCOV_028_003_D_072_4005_DHDH_A_20260813T100217_20260813T100251_P05023_N_F_J_001,2026-08-13T10:02:17.000000Z,2026-08-13,DESCENDING,HVHV,shoreline,71791.547537,100.000000,716,716,1.000000,-26.672789,-22.762985,-21.390272,-19.497474,-16.361486,-12.796982,-5.436119,-18.616236,-0.461133,ok
21,Unnamed,NISAR_L2_PR_GCOV_028_003_D_072_4005_DHDH_A_20260813T100217_20260813T100251_P05023_N_F_J_001,2026-08-13T10:02:17.000000Z,2026-08-13,DESCENDING,HHHH,whole,74578.255063,100.000000,743,743,1.000000,-22.501391,-18.263116,-16.675908,-14.610823,-10.678853,-6.554842,0.387848,-13.527944,-0.751897,ok
21,Unnamed,NISAR_L2_PR_GCOV_028_003_D_072_4005_DHDH_A_20260813T100217_20260813T100251_P05023_N_F_J_001,2026-08-13T10:02:17.000000Z,2026-08-13,DESCENDING,HVHV,whole,74578.255063,100.000000,743,743,1.000000,-26.672789,-22.776304,-21.425059,-19.545816,-16.505159,-12.860149,-5.436119,-18.682319,-0.461133,ok
22,Unnamed,NISAR_L2_PR_GCOV_028_003_D_072_4005_DHDH_A_20260813T100217_20260813T100251_P05023_N_F_J_001,2026-08-13T10:02:17.000000Z,2026-08-13,DESCENDING,HHHH,core,7912.597630,100.000000,78,78,1.000000,-21.567939,-20.096025,-18.976400,-17.550485,-16.544621,-15.774578,-13.606029,-17.749992,-0.751897,ok
22,Unnamed,NISAR_L2_PR_GCOV_028_003_D_072_4005_DHDH_A_20260813T100217_20260813T100251_P05023_N_F_J_001,2026-08-13T10:02:17.000000Z,2026-08-13,DESCENDING,HVHV,core,7912.597630,100.000000,78,78,1.000000,-26.050528,-24.553067,-23.470482,-22.335400,-21.246176,-20.628548,-18.098835,-22.456859,-0.461133,ok
22,Unnamed,NISAR_L2_PR_GCOV_028_003_D_072_4005_DHDH_A_20260813T100217_20260813T100251_P05023_N_F_J_001,2026-08-13T10:02:17.000000Z,2026-08-13,DESCENDING,HHHH,shoreline,41207.491649,100.000000,409,409,1.000000,-23.175720,-19.031408,-17.758652,-16.408639,-14.917860,-13.005661,-0.740612,-16.075274,-0.751897,ok
22,Unnamed,NISAR_L2_PR_GCOV_028_003_D_072_4005_DHDH_A_20260813T100217_20260813T100251_P05023_N_F_J_001,2026-08-13T10:02:17.000000Z,2026-08-13,DESCENDING,HVHV,shoreline,41207.491649,100.000000,409,409,1.000000,-28.014822,-24.753608,-22.993150,-21.460492,-19.829693,-18.417917,-8.358687,-21.319081,-0.461133,ok
22,Unnamed,NISAR_L2_PR_GCOV_028_003_D_072_4005_DHDH_A_20260813T100217_20260813T100251_P05023_N_F_J_001,2026-08-13T10:02:17.000000Z,2026-08-13,DESCENDING,HHHH,whole,49120.089278,100.000000,487,487,1.000000,-23.175720,-19.195173,-17.937295,-16.552055,-15.166113,-13.423140,-0.740612,-16.343504,-0.751897,ok
22,Unnamed,NISAR_L2_PR_GCOV_028_003_D_072_4005_DHDH_A_20260813T100217_20260813T100251_P05023_N_F_J_001,2026-08-13T10:02:17.000000Z,2026-08-13,DESCENDING,HVHV,whole,49120.089278,100.000000,487,487,1.000000,-28.014822,-24.735479,-23.202481,-21.577681,-20.131193,-18.775951,-8.358687,-21.501312,-0.461133,ok
23,Unnamed,NISAR_L2_PR_GCOV_028_003_D_072_4005_DHDH_A_20260813T100217_20260813T100251_P05023_N_F_J_001,2026-08-13T10:02:17.000000Z,2026-08-13,DESCENDING,HHHH,core,3617.292935,100.000000,35,35,1.000000,-20.928704,-19.926962,-18.760981,-17.502589,-16.155521,-15.486257,-15.229033,-17.608947,-0.751897,ok
23,Unnamed,NISAR_L2_PR_GCOV_028_003_D_072_4005_DHDH_A_20260813T100217_20260813T100251_P05023_N_F_J_001,2026-08-13T10:02:17.000000Z,2026-08-13,DESCENDING,HVHV,core,3617.292935,100.000000,35,35,1.000000,-25.628599,-24.070142,-23.002766,-22.497847,-21.242400,-20.307292,-18.624637,-22.294512,-0.461133,ok
23,Unnamed,NISAR_L2_PR_GCOV_028_003_D_072_4005_DHDH_A_20260813T100217_20260813T100251_P05023_N_F_J_001,2026-08-13T10:02:17.000000Z,2026-08-13,DESCENDING,HHHH,shoreline,61852.370253,100.000000,624,624,1.000000,-23.789337,-20.095904,-18.606983,-17.163938,-15.766099,-14.016833,-4.116847,-16.985855,-0.751897,ok
23,Unnamed,NISAR_L2_PR_GCOV_028_003_D_072_4005_DHDH_A_20260813T100217_20260813T100251_P05023_N_F_J_001,2026-08-13T10:02:17.000000Z,2026-08-13,DESCENDING,HVHV,shoreline,61852.370253,100.000000,624,624,1.000000,-28.456865,-24.159815,-22.723455,-21.567172,-20.146283,-18.644816,-6.321293,-21.398970,-0.461133,ok
23,Unnamed,NISAR_L2_PR_GCOV_028_003_D_072_4005_DHDH_A_20260813T100217_20260813T100251_P05023_N_F_J_001,2026-08-13T10:02:17.000000Z,2026-08-13,DESCENDING,HHHH,whole,65469.663188,100.000000,659,659,1.000000,-23.789337,-20.105481,-18.610684,-17.189894,-15.774074,-14.170540,-4.116847,-17.018948,-0.751897,ok
23,Unnamed,NISAR_L2_PR_GCOV_028_003_D_072_4005_DHDH_A_20260813T100217_20260813T100251_P05023_N_F_J_001,2026-08-13T10:02:17.000000Z,2026-08-13,DESCENDING,HVHV,whole,65469.663188,100.000000,659,659,1.000000,-28.456865,-24.144944,-22.797839,-21.638031,-20.207447,-18.773040,-6.321293,-21.446533,-0.461133,ok
24,Unnamed,NISAR_L2_PR_GCOV_028_003_D_072_4005_DHDH_A_20260813T100217_20260813T100251_P05023_N_F_J_001,2026-08-13T10:02:17.000000Z,2026-08-13,DESCENDING,HHHH,shoreline,11788.240185,100.000000,122,122,1.000000,-21.943226,-16.753096,-15.257215,-11.557869,-7.584947,-4.554063,0.774537,-11.259503,-0.751897,ok
24,Unnamed,NISAR_L2_PR_GCOV_028_003_D_072_4005_DHDH_A_20260813T100217_20260813T100251_P05023_N_F_J_001,2026-08-13T10:02:17.000000Z,2026-08-13,DESCENDING,HVHV,shoreline,11788.240185,100.000000,122,122,1.000000,-27.325744,-21.874225,-19.944805,-16.918726,-13.913408,-11.242411,-8.390307,-16.744520,-0.461133,ok
24,Unnamed,NISAR_L2_PR_GCOV_028_003_D_072_4005_DHDH_A_20260813T100217_20260813T100251_P05023_N_F_J_001,2026-08-13T10:02:17.000000Z,2026-08-13,DESCENDING,HHHH,whole,11788.240185,100.000000,122,122,1.000000,-21.943226,-16.753096,-15.257215,-11.557869,-7.584947,-4.554063,0.774537,-11.259503,-0.751897,ok
24,Unnamed,NISAR_L2_PR_GCOV_028_003_D_072_4005_DHDH_A_20260813T100217_20260813T100251_P05023_N_F_J_001,2026-08-13T10:02:17.000000Z,2026-08-13,DESCENDING,HVHV,whole,11788.240185,100.000000,122,122,1.000000,-27.325744,-21.874225,-19.944805,-16.918726,-13.913408,-11.242411,-8.390307,-16.744520,-0.461133,ok
25,Unnamed,NISAR_L2_PR_GCOV_028_003_D_072_4005_DHDH_A_20260813T100217_20260813T100251_P05023_N_F_J_001,2026-08-13T10:02:17.000000Z,2026-08-13,DESCENDING,HHHH,shoreline,30021.819698,100.000000,299,299,1.000000,-20.244770,-18.525184,-17.364062,-15.783162,-12.746674,-9.314038,-1.340957,-14.812229,-0.751897,ok
25,Unnamed,NISAR_L2_PR_GCOV_028_003_D_072_4005_DHDH_A_20260813T100217_20260813T100251_P05023_N_F_J_001,2026-08-13T10:02:17.000000Z,2026-08-13,DESCENDING,HVHV,shoreline,30021.819698,100.000000,299,299,1.000000,-26.932921,-23.433957,-21.868871,-20.315396,-18.076102,-14.573952,-8.339656,-19.700113,-0.461133,ok
25,Unnamed,NISAR_L2_PR_GCOV_028_003_D_072_4005_DHDH_A_20260813T100217_20260813T100251_P05023_N_F_J_001,2026-08-13T10:02:17.000000Z,2026-08-13,DESCENDING,HHHH,whole,30021.819698,100.000000,299,299,1.000000,-20.244770,-18.525184,-17.364062,-15.783162,-12.746674,-9.314038,-1.340957,-14.812229,-0.751897,ok
25,Unnamed,NISAR_L2_PR_GCOV_028_003_D_072_4005_DHDH_A_20260813T100217_20260813T100251_P05023_N_F_J_001,2026-08-13T10:02:17.000000Z,2026-08-13,DESCENDING,HVHV,whole,30021.819698,100.000000,299,299,1.000000,-26.932921,-23.433957,-21.868871,-20.315396,-18.076102,-14.573952,-8.339656,-19.700113,-0.461133,ok
26,Unnamed,NISAR_L2_PR_GCOV_028_003_D_072_4005_DHDH_A_20260813T100217_20260813T100251_P05023_N_F_J_001,2026-08-13T10:02:17.000000Z,2026-08-13,DESCENDING,HHHH,shoreline,14439.595936,100.000000,144,144,1.000000,-21.050682,-17.505488,-15.973596,-13.979439,-10.407761,-6.654462,0.036164,-12.907979,-0.751897,ok
26,Unnamed,NISAR_L2_PR_GCOV_028_003_D_072_4005_DHDH_A_20260813T100217_20260813T100251_P05023_N_F_J_001,2026-08-13T10:02:17.000000Z,2026-08-13,DESCENDING,HVHV,shoreline,14439.595936,100.000000,144,144,1.000000,-25.984001,-22.886805,-20.926183,-18.364284,-15.543472,-11.905501,-8.275421,-17.907188,-0.461133,ok
26,Unnamed,NISAR_L2_PR_GCOV_028_003_D_072_4005_DHDH_A_20260813T100217_20260813T100251_P05023_N_F_J_001,2026-08-13T10:02:17.000000Z,2026-08-13,DESCENDING,HHHH,whole,14439.595936,100.000000,144,144,1.000000,-21.050682,-17.505488,-15.973596,-13.979439,-10.407761,-6.654462,0.036164,-12.907979,-0.751897,ok
26,Unnamed,NISAR_L2_PR_GCOV_028_003_D_072_4005_DHDH_A_20260813T100217_20260813T100251_P05023_N_F_J_001,2026-08-13T10:02:17.000000Z,2026-08-13,DESCENDING,HVHV,whole,14439.595936,100.000000,144,144,1.000000,-25.984001,-22.886805,-20.926183,-18.364284,-15.543472,-11.905501,-8.275421,-17.907188,-0.461133,ok
27,Unnamed,NISAR_L2_PR_GCOV_028_003_D_072_4005_DHDH_A_20260813T100217_20260813T100251_P05023_N_F_J_001,2026-08-13T10:02:17.000000Z,2026-08-13,DESCENDING,HHHH,core,4488.032286,100.000000,46,46,1.000000,-22.204587,-19.120981,-18.190051,-17.212915,-15.492394,-14.791026,-12.829978,-17.053666,-0.751897,ok
27,Unnamed,NISAR_L2_PR_GCOV_028_003_D_072_4005_DHDH_A_20260813T100217_20260813T100251_P05023_N_F_J_001,2026-08-13T10:02:17.000000Z,2026-08-13,DESCENDING,HVHV,core,4488.032286,100.000000,46,46,1.000000,-26.638154,-23.964473,-22.947501,-21.517386,-20.223950,-19.817748,-18.513407,-21.767537,-0.461133,ok
27,Unnamed,NISAR_L2_PR_GCOV_028_003_D_072_4005_DHDH_A_20260813T100217_20260813T100251_P05023_N_F_J_001,2026-08-13T10:02:17.000000Z,2026-08-13,DESCENDING,HHHH,shoreline,34066.736745,100.000000,345,345,1.000000,-22.406429,-19.034824,-17.584337,-15.604541,-11.825698,-8.182011,0.839309,-14.556562,-0.751897,ok
27,Unnamed,NISAR_L2_PR_GCOV_028_003_D_072_4005_DHDH_A_20260813T100217_20260813T100251_P05023_N_F_J_001,2026-08-13T10:02:17.000000Z,2026-08-13,DESCENDING,HVHV,shoreline,34066.736745,100.000000,345,345,1.000000,-26.207802,-23.789543,-22.384678,-20.800212,-17.726266,-13.331569,-8.044710,-19.645431,-0.461133,ok
27,Unnamed,NISAR_L2_PR_GCOV_028_003_D_072_4005_DHDH_A_20260813T100217_20260813T100251_P05023_N_F_J_001,2026-08-13T10:02:17.000000Z,2026-08-13,DESCENDING,HHHH,whole,38554.769032,100.000000,391,391,1.000000,-22.406429,-19.057263,-17.653134,-15.773995,-12.758957,-8.362776,0.839309,-14.850339,-0.751897,ok
27,Unnamed,NISAR_L2_PR_GCOV_028_003_D_072_4005_DHDH_A_20260813T100217_20260813T100251_P05023_N_F_J_001,2026-08-13T10:02:17.000000Z,2026-08-13,DESCENDING,HVHV,whole,38554.769032,100.000000,391,391,1.000000,-26.638154,-23.807276,-22.507474,-20.897018,-18.337475,-13.664474,-8.044710,-19.895091,-0.461133,ok
28,Unnamed,NISAR_L2_PR_GCOV_028_003_D_072_4005_DHDH_A_20260813T100217_20260813T100251_P05023_N_F_J_001,2026-08-13T10:02:17.000000Z,2026-08-13,DESCENDING,HHHH,shoreline,6322.670708,100.000000,64,64,1.000000,-20.051982,-16.474557,-14.453987,-11.690150,-9.613174,-7.367292,-1.931221,-11.859195,-0.751897,ok
28,Unnamed,NISAR_L2_PR_GCOV_028_003_D_072_4005_DHDH_A_20260813T100217_20260813T100251_P05023_N_F_J_001,2026-08-13T10:02:17.000000Z,2026-08-13,DESCENDING,HVHV,shoreline,6322.670708,100.000000,64,64,1.000000,-21.634333,-20.005228,-18.979134,-17.020127,-15.573540,-13.596654,-8.522203,-16.901191,-0.461133,ok
28,Unnamed,NISAR_L2_PR_GCOV_028_003_D_072_4005_DHDH_A_20260813T100217_20260813T100251_P05023_N_F_J_001,2026-08-13T10:02:17.000000Z,2026-08-13,DESCENDING,HHHH,whole,6322.670708,100.000000,64,64,1.000000,-20.051982,-16.474557,-14.453987,-11.690150,-9.613174,-7.367292,-1.931221,-11.859195,-0.751897,ok
28,Unnamed,NISAR_L2_PR_GCOV_028_003_D_072_4005_DHDH_A_20260813T100217_20260813T100251_P05023_N_F_J_001,2026-08-13T10:02:17.000000Z,2026-08-13,DESCENDING,HVHV,whole,6322.670708,100.000000,64,64,1.000000,-21.634333,-20.005228,-18.979134,-17.020127,-15.573540,-13.596654,-8.522203,-16.901191,-0.461133,ok
29,Unnamed,NISAR_L2_PR_GCOV_028_003_D_072_4005_DHDH_A_20260813T100217_20260813T100251_P05023_N_F_J_001,2026-08-13T10:02:17.000000Z,2026-08-13,DESCENDING,HHHH,shoreline,11156.619258,100.000000,110,110,1.000000,-20.953716,-18.217920,-16.174530,-13.639967,-10.663758,-7.817561,-4.125234,-13.244632,-0.751897,ok
29,Unnamed,NISAR_L2_PR_GCOV_028_003_D_072_4005_DHDH_A_20260813T100217_20260813T100251_P05023_N_F_J_001,2026-08-13T10:02:17.000000Z,2026-08-13,DESCENDING,HVHV,shoreline,11156.619258,100.000000,110,110,1.000000,-26.009642,-21.814690,-20.274119,-18.665166,-15.614041,-13.607623,-8.908842,-18.139876,-0.461133,ok
29,Unnamed,NISAR_L2_PR_GCOV_028_003_D_072_4005_DHDH_A_20260813T100217_20260813T100251_P05023_N_F_J_001,2026-08-13T10:02:17.000000Z,2026-08-13,DESCENDING,HHHH,whole,11156.619258,100.000000,110,110,1.000000,-20.953716,-18.217920,-16.174530,-13.639967,-10.663758,-7.817561,-4.125234,-13.244632,-0.751897,ok
29,Unnamed,NISAR_L2_PR_GCOV_028_003_D_072_4005_DHDH_A_20260813T100217_20260813T100251_P05023_N_F_J_001,2026-08-13T10:02:17.000000Z,2026-08-13,DESCENDING,HVHV,whole,11156.619258,100.000000,110,110,1.000000,-26.009642,-21.814690,-20.274119,-18.665166,-15.614041,-13.607623,-8.908842,-18.139876,-0.461133,ok
3,Unnamed,NISAR_L2_PR_GCOV_028_003_D_072_4005_DHDH_A_20260813T100217_20260813T100251_P05023_N_F_J_001,2026-08-13T10:02:17.000000Z,2026-08-13,DESCENDING,HHHH,shoreline,11434.168985,100.000000,113,113,1.000000,-24.926077,-18.598659,-17.242858,-14.778243,-10.704542,-7.899723,-0.653202,-13.775392,-0.751897,ok
3,Unnamed,NISAR_L2_PR_GCOV_028_003_D_072_4005_DHDH_A_20260813T100217_20260813T100251_P05023_N_F_J_001,2026-08-13T10:02:17.000000Z,2026-08-13,DESCENDING,HVHV,shoreline,11434.168985,100.000000,113,113,1.000000,-26.270247,-21.974094,-20.510151,-18.836060,-16.303716,-13.171590,-8.356134,-18.190411,-0.461133,ok
3,Unnamed,NISAR_L2_PR_GCOV_028_003_D_072_4005_DHDH_A_20260813T100217_20260813T100251_P05023_N_F_J_001,2026-08-13T10:02:17.000000Z,2026-08-13,DESCENDING,HHHH,whole,11434.168985,100.000000,113,113,1.000000,-24.926077,-18.598659,-17.242858,-14.778243,-10.704542,-7.899723,-0.653202,-13.775392,-0.751897,ok
3,Unnamed,NISAR_L2_PR_GCOV_028_003_D_072_4005_DHDH_A_20260813T100217_20260813T100251_P05023_N_F_J_001,2026-08-13T10:02:17.000000Z,2026-08-13,DESCENDING,HVHV,whole,11434.168985,100.000000,113,113,1.000000,-26.270247,-21.974094,-20.510151,-18.836060,-16.303716,-13.171590,-8.356134,-18.190411,-0.461133,ok
30,Unnamed,NISAR_L2_PR_GCOV_028_003_D_072_4005_DHDH_A_20260813T100217_20260813T100251_P05023_N_F_J_001,2026-08-13T10:02:17.000000Z,2026-08-13,DESCENDING,HHHH,shoreline,24517.632812,100.000000,241,241,1.000000,-17.749824,-13.621640,-11.568905,-9.061024,-6.200239,-4.112702,-0.042051,-8.948991,-0.751897,ok
30,Unnamed,NISAR_L2_PR_GCOV_028_003_D_072_4005_DHDH_A_20260813T100217_20260813T100251_P05023_N_F_J_001,2026-08-13T10:02:17.000000Z,2026-08-13,DESCENDING,HVHV,shoreline,24517.632812,100.000000,241,241,1.000000,-25.406289,-19.227138,-17.153399,-15.133582,-12.212421,-10.493797,-6.126722,-14.895555,-0.461133,ok
30,Unnamed,NISAR_L2_PR_GCOV_028_003_D_072_4005_DHDH_A_20260813T100217_20260813T100251_P05023_N_F_J_001,2026-08-13T10:02:17.000000Z,2026-08-13,DESCENDING,HHHH,whole,24517.632812,100.000000,241,241,1.000000,-17.749824,-13.621640,-11.568905,-9.061024,-6.200239,-4.112702,-0.042051,-8.948991,-0.751897,ok
30,Unnamed,NISAR_L2_PR_GCOV_028_003_D_072_4005_DHDH_A_20260813T100217_20260813T100251_P05023_N_F_J_001,2026-08-13T10:02:17.000000Z,2026-08-13,DESCENDING,HVHV,whole,24517.632812,100.000000,241,241,1.000000,-25.406289,-19.227138,-17.153399,-15.133582,-12.212421,-10.493797,-6.126722,-14.895555,-0.461133,ok
31,Unnamed,NISAR_L2_PR_GCOV_028_003_D_072_4005_DHDH_A_20260813T100217_20260813T100251_P05023_N_F_J_001,2026-08-13T10:02:17.000000Z,2026-08-13,DESCENDING,HHHH,core,1481.449039,100.000000,16,16,1.000000,-22.699614,-19.930805,-18.318884,-17.561059,-15.858243,-15.353883,-14.775195,-17.553245,-0.751897,ok
31,Unnamed,NISAR_L2_PR_GCOV_028_003_D_072_4005_DHDH_A_20260813T100217_20260813T100251_P05023_N_F_J_001,2026-08-13T10:02:17.000000Z,2026-08-13,DESCENDING,HVHV,core,1481.449039,100.000000,16,16,1.000000,-26.226545,-25.101921,-22.979496,-21.752833,-19.663585,-18.697738,-18.028265,-21.596073,-0.461133,ok
31,Unnamed,NISAR_L2_PR_GCOV_028_003_D_072_4005_DHDH_A_20260813T100217_20260813T100251_P05023_N_F_J_001,2026-08-13T10:02:17.000000Z,2026-08-13,DESCENDING,HHHH,shoreline,17270.036923,100.000000,174,174,1.000000,-23.357714,-19.805187,-17.784781,-16.081334,-14.107447,-11.112490,-2.395285,-15.685220,-0.751897,ok
31,Unnamed,NISAR_L2_PR_GCOV_028_003_D_072_4005_DHDH_A_20260813T100217_20260813T100251_P05023_N_F_J_001,2026-08-13T10:02:17.000000Z,2026-08-13,DESCENDING,HVHV,shoreline,17270.036923,100.000000,174,174,1.000000,-29.584176,-23.863628,-22.385398,-20.965997,-19.436823,-16.262551,-9.429414,-20.492950,-0.461133,ok
31,Unnamed,NISAR_L2_PR_GCOV_028_003_D_072_4005_DHDH_A_20260813T100217_20260813T100251_P05023_N_F_J_001,2026-08-13T10:02:17.000000Z,2026-08-13,DESCENDING,HHHH,whole,18751.485962,100.000000,190,190,1.000000,-23.357714,-19.946660,-17.861662,-16.130980,-14.338717,-11.576956,-2.395285,-15.842528,-0.751897,ok
31,Unnamed,NISAR_L2_PR_GCOV_028_003_D_072_4005_DHDH_A_20260813T100217_20260813T100251_P05023_N_F_J_001,2026-08-13T10:02:17.000000Z,2026-08-13,DESCENDING,HVHV,whole,18751.485962,100.000000,190,190,1.000000,-29.584176,-23.981270,-22.395205,-21.004449,-19.436823,-16.560060,-9.429414,-20.585844,-0.461133,ok
32,Unnamed,NISAR_L2_PR_GCOV_028_003_D_072_4005_DHDH_A_20260813T100217_20260813T100251_P05023_N_F_J_001,2026-08-13T10:02:17.000000Z,2026-08-13,DESCENDING,HHHH,core,3445.772556,100.000000,33,33,1.000000,-19.055638,-17.983607,-17.387885,-16.383667,-15.115218,-13.561337,-12.694286,-16.190101,-0.751897,ok
32,Unnamed,NISAR_L2_PR_GCOV_028_003_D_072_4005_DHDH_A_20260813T100217_20260813T100251_P05023_N_F_J_001,2026-08-13T10:02:17.000000Z,2026-08-13,DESCENDING,HVHV,core,3445.772556,100.000000,33,33,1.000000,-26.214726,-24.999062,-23.458536,-22.068563,-20.639153,-19.786563,-19.364930,-22.141643,-0.461133,ok
32,Unnamed,NISAR_L2_PR_GCOV_028_003_D_072_4005_DHDH_A_20260813T100217_20260813T100251_P05023_N_F_J_001,2026-08-13T10:02:17.000000Z,2026-08-13,DESCENDING,HHHH,shoreline,32863.807375,100.000000,333,333,1.000000,-21.110339,-17.918295,-16.464429,-14.645810,-12.249354,-8.556984,0.436064,-13.955433,-0.751897,ok
32,Unnamed,NISAR_L2_PR_GCOV_028_003_D_072_4005_DHDH_A_20260813T100217_20260813T100251_P05023_N_F_J_001,2026-08-13T10:02:17.000000Z,2026-08-13,DESCENDING,HVHV,shoreline,32863.807375,100.000000,333,333,1.000000,-26.681099,-22.998396,-21.929278,-20.115263,-17.572539,-12.349866,-4.881003,-18.953097,-0.461133,ok
32,Unnamed,NISAR_L2_PR_GCOV_028_003_D_072_4005_DHDH_A_20260813T100217_20260813T100251_P05023_N_F_J_001,2026-08-13T10:02:17.000000Z,2026-08-13,DESCENDING,HHHH,whole,36309.579932,100.000000,366,366,1.000000,-21.110339,-17.948724,-16.566734,-14.965128,-12.686612,-8.749723,0.436064,-14.156919,-0.751897,ok
32,Unnamed,NISAR_L2_PR_GCOV_028_003_D_072_4005_DHDH_A_20260813T100217_20260813T100251_P05023_N_F_J_001,2026-08-13T10:02:17.000000Z,2026-08-13,DESCENDING,HVHV,whole,36309.579932,100.000000,366,366,1.000000,-26.681099,-23.190676,-22.061983,-20.308276,-17.838071,-12.612276,-4.881003,-19.240589,-0.461133,ok
33,Unnamed,NISAR_L2_PR_GCOV_028_003_D_072_4005_DHDH_A_20260813T100217_20260813T100251_P05023_N_F_J_001,2026-08-13T10:02:17.000000Z,2026-08-13,DESCENDING,HHHH,shoreline,9956.188808,100.000000,98,98,1.000000,-21.231653,-16.445982,-15.032949,-12.193354,-10.215583,-5.825020,-2.832355,-12.152904,-0.751897,ok
33,Unnamed,NISAR_L2_PR_GCOV_028_003_D_072_4005_DHDH_A_20260813T100217_20260813T100251_P05023_N_F_J_001,2026-08-13T10:02:17.000000Z,2026-08-13,DESCENDING,HVHV,shoreline,9956.188808,100.000000,98,98,1.000000,-25.357131,-21.949920,-20.828032,-18.587494,-15.120924,-12.399164,-8.717382,-17.872970,-0.461133,ok
33,Unnamed,NISAR_L2_PR_GCOV_028_003_D_072_4005_DHDH_A_20260813T100217_20260813T100251_P05023_N_F_J_001,2026-08-13T10:02:17.000000Z,2026-08-13,DESCENDING,HHHH,whole,9956.188808,100.000000,98,98,1.000000,-21.231653,-16.445982,-15.032949,-12.193354,-10.215583,-5.825020,-2.832355,-12.152904,-0.751897,ok
33,Unnamed,NISAR_L2_PR_GCOV_028_003_D_072_4005_DHDH_A_20260813T100217_20260813T100251_P05023_N_F_J_001,2026-08-13T10:02:17.000000Z,2026-08-13,DESCENDING,HVHV,whole,9956.188808,100.000000,98,98,1.000000,-25.357131,-21.949920,-20.828032,-18.587494,-15.120924,-12.399164,-8.717382,-17.872970,-0.461133,ok
34,Unnamed,NISAR_L2_PR_GCOV_028_003_D_072_4005_DHDH_A_20260813T100217_20260813T100251_P05023_N_F_J_001,2026-08-13T10:02:17.000000Z,2026-08-13,DESCENDING,HHHH,shoreline,16977.653409,100.000000,170,170,1.000000,-21.703903,-19.192453,-17.707015,-16.043335,-12.650942,-8.745416,-1.455942,-14.885518,-0.751897,ok
34,Unnamed,NISAR_L2_PR_GCOV_028_003_D_072_4005_DHDH_A_20260813T100217_20260813T100251_P05023_N_F_J_001,2026-08-13T10:02:17.000000Z,2026-08-13,DESCENDING,HVHV,shoreline,16977.653409,100.000000,170,170,1.000000,-27.751528,-23.398159,-21.841696,-19.826301,-17.377926,-13.335417,-7.281267,-19.258882,-0.461133,ok
34,Unnamed,NISAR_L2_PR_GCOV_028_003_D_072_4005_DHDH_A_20260813T100217_20260813T100251_P05023_N_F_J_001,2026-08-13T10:02:17.000000Z,2026-08-13,DESCENDING,HHHH,whole,16977.653409,100.000000,170,170,1.000000,-21.703903,-19.192453,-17.707015,-16.043335,-12.650942,-8.745416,-1.455942,-14.885518,-0.751897,ok
34,Unnamed,NISAR_L2_PR_GCOV_028_003_D_072_4005_DHDH_A_20260813T100217_20260813T100251_P05023_N_F_J_001,2026-08-13T10:02:17.000000Z,2026-08-13,DESCENDING,HVHV,whole,16977.653409,100.000000,170,170,1.000000,-27.751528,-23.398159,-21.841696,-19.826301,-17.377926,-13.335417,-7.281267,-19.258882,-0.461133,ok
35,Unnamed,NISAR_L2_PR_GCOV_028_003_D_072_4005_DHDH_A_20260813T100217_20260813T100251_P05023_N_F_J_001,2026-08-13T10:02:17.000000Z,2026-08-13,DESCENDING,HHHH,core,163.178983,100.000000,2,2,1.000000,-15.863305,-15.858332,-15.850874,-15.838443,-15.826011,-15.818553,-15.813580,-15.838443,-0.751897,ok
35,Unnamed,NISAR_L2_PR_GCOV_028_003_D_072_4005_DHDH_A_20260813T100217_20260813T100251_P05023_N_F_J_001,2026-08-13T10:02:17.000000Z,2026-08-13,DESCENDING,HVHV,core,163.178983,100.000000,2,2,1.000000,-21.395435,-21.150494,-20.783083,-20.170730,-19.558378,-19.190966,-18.946025,-20.170730,-0.461133,ok
35,Unnamed,NISAR_L2_PR_GCOV_028_003_D_072_4005_DHDH_A_20260813T100217_20260813T100251_P05023_N_F_J_001,2026-08-13T10:02:17.000000Z,2026-08-13,DESCENDING,HHHH,shoreline,26376.921634,100.000000,266,266,1.000000,-21.083945,-18.807586,-17.281741,-14.947415,-9.957343,-6.633298,-0.157010,-13.511678,-0.751897,ok
35,Unnamed,NISAR_L2_PR_GCOV_028_003_D_072_4005_DHDH_A_20260813T100217_20260813T100251_P05023_N_F_J_001,2026-08-13T10:02:17.000000Z,2026-08-13,DESCENDING,HVHV,shoreline,26376.921634,100.000000,266,266,1.000000,-26.072635,-23.113936,-21.807756,-19.962837,-16.088075,-12.246590,-6.561840,-18.730641,-0.461133,ok
35,Unnamed,NISAR_L2_PR_GCOV_028_003_D_072_4005_DHDH_A_20260813T100217_20260813T100251_P05023_N_F_J_001,2026-08-13T10:02:17.000000Z,2026-08-13,DESCENDING,HHHH,whole,26540.100617,100.000000,268,268,1.000000,-21.083945,-18.799820,-17.266706,-14.969770,-10.036577,-6.641784,-0.157010,-13.529042,-0.751897,ok
35,Unnamed,NISAR_L2_PR_GCOV_028_003_D_072_4005_DHDH_A_20260813T100217_20260813T100251_P05023_N_F_J_001,2026-08-13T10:02:17.000000Z,2026-08-13,DESCENDING,HVHV,whole,26540.100617,100.000000,268,268,1.000000,-26.072635,-23.095728,-21.788644,-19.962837,-16.155201,-12.294468,-6.561840,-18.741388,-0.461133,ok
43,Unnamed,NISAR_L2_PR_GCOV_028_003_D_072_4005_DHDH_A_20260813T100217_20260813T100251_P05023_N_F_J_001,2026-08-13T10:02:17.000000Z,2026-08-13,DESCENDING,HHHH,shoreline,14166.390215,100.000000,143,143,1.000000,-22.566902,-18.963097,-17.704806,-15.461760,-12.947258,-9.845696,-1.937531,-14.937623,-0.751897,ok
43,Unnamed,NISAR_L2_PR_GCOV_028_003_D_072_4005_DHDH_A_20260813T100217_20260813T100251_P05023_N_F_J_001,2026-08-13T10:02:17.000000Z,2026-08-13,DESCENDING,HVHV,shoreline,14166.390215,100.000000,143,143,1.000000,-25.182155,-22.377715,-21.404483,-19.784035,-17.046036,-14.424236,-8.022220,-19.025219,-0.461133,ok
43,Unnamed,NISAR_L2_PR_GCOV_028_003_D_072_4005_DHDH_A_20260813T100217_20260813T100251_P05023_N_F_J_001,2026-08-13T10:02:17.000000Z,2026-08-13,DESCENDING,HHHH,whole,14166.390215,100.000000,143,143,1.000000,-22.566902,-18.963097,-17.704806,-15.461760,-12.947258,-9.845696,-1.937531,-14.937623,-0.751897,ok
43,Unnamed,NISAR_L2_PR_GCOV_028_003_D_072_4005_DHDH_A_20260813T100217_20260813T100251_P05023_N_F_J_001,2026-08-13T10:02:17.000000Z,2026-08-13,DESCENDING,HVHV,whole,14166.390215,100.000000,143,143,1.000000,-25.182155,-22.377715,-21.404483,-19.784035,-17.046036,-14.424236,-8.022220,-19.025219,-0.461133,ok
48,Unnamed,NISAR_L2_PR_GCOV_028_003_D_072_4005_DHDH_A_20260813T100217_20260813T100251_P05023_N_F_J_001,2026-08-13T10:02:17.000000Z,2026-08-13,DESCENDING,HHHH,shoreline,3435.845157,100.000000,35,35,1.000000,-19.756831,-16.480480,-15.139712,-13.365854,-10.128005,-8.527923,-5.761179,-12.754894,-0.751897,ok
48,Unnamed,NISAR_L2_PR_GCOV_028_003_D_072_4005_DHDH_A_20260813T100217_20260813T100251_P05023_N_F_J_001,2026-08-13T10:02:17.000000Z,2026-08-13,DESCENDING,HVHV,shoreline,3435.845157,100.000000,35,35,1.000000,-24.329486,-20.878847,-19.876716,-19.177590,-16.270263,-13.255204,-8.852319,-17.945203,-0.461133,ok
48,Unnamed,NISAR_L2_PR_GCOV_028_003_D_072_4005_DHDH_A_20260813T100217_20260813T100251_P05023_N_F_J_001,2026-08-13T10:02:17.000000Z,2026-08-13,DESCENDING,HHHH,whole,3435.845157,100.000000,35,35,1.000000,-19.756831,-16.480480,-15.139712,-13.365854,-10.128005,-8.527923,-5.761179,-12.754894,-0.751897,ok
48,Unnamed,NISAR_L2_PR_GCOV_028_003_D_072_4005_DHDH_A_20260813T100217_20260813T100251_P05023_N_F_J_001,2026-08-13T10:02:17.000000Z,2026-08-13,DESCENDING,HVHV,whole,3435.845157,100.000000,35,35,1.000000,-24.329486,-20.878847,-19.876716,-19.177590,-16.270263,-13.255204,-8.852319,-17.945203,-0.461133,ok
0,Unnamed,NISAR_L2_PR_GCOV_028_024_A_018_4005_DHDH_A_20260814T202858_20260814T202933_P05023_N_F_J_001,2026-08-14T20:28:58.000000Z,2026-08-14,ASCENDING,HHHH,shoreline,15668.030102,100.000000,155,155,1.000000,-19.094845,-16.952660,-15.553703,-13.956839,-11.865202,-8.954921,-3.740354,-13.444325,0.044844,ok
0,Unnamed,NISAR_L2_PR_GCOV_028_024_A_018_4005_DHDH_A_20260814T202858_20260814T202933_P05023_N_F_J_001,2026-08-14T20:28:58.000000Z,2026-08-14,ASCENDING,HVHV,shoreline,15668.030102,100.000000,155,155,1.000000,-25.151023,-21.993922,-20.195345,-18.214518,-15.868139,-14.271233,-9.146778,-18.055559,0.000000,ok
0,Unnamed,NISAR_L2_PR_GCOV_028_024_A_018_4005_DHDH_A_20260814T202858_20260814T202933_P05023_N_F_J_001,2026-08-14T20:28:58.000000Z,2026-08-14,ASCENDING,HHHH,whole,15668.030102,100.000000,155,155,1.000000,-19.094845,-16.952660,-15.553703,-13.956839,-11.865202,-8.954921,-3.740354,-13.444325,0.044844,ok
0,Unnamed,NISAR_L2_PR_GCOV_028_024_A_018_4005_DHDH_A_20260814T202858_20260814T202933_P05023_N_F_J_001,2026-08-14T20:28:58.000000Z,2026-08-14,ASCENDING,HVHV,whole,15668.030102,100.000000,155,155,1.000000,-25.151023,-21.993922,-20.195345,-18.214518,-15.868139,-14.271233,-9.146778,-18.055559,0.000000,ok
1,Unnamed,NISAR_L2_PR_GCOV_028_024_A_018_4005_DHDH_A_20260814T202858_20260814T202933_P05023_N_F_J_001,2026-08-14T20:28:58.000000Z,2026-08-14,ASCENDING,HHHH,shoreline,14315.224709,100.000000,141,141,1.000000,-19.338487,-16.399365,-14.731575,-13.181866,-9.740579,-7.795567,-2.304443,-12.202546,0.044844,ok
1,Unnamed,NISAR_L2_PR_GCOV_028_024_A_018_4005_DHDH_A_20260814T202858_20260814T202933_P05023_N_F_J_001,2026-08-14T20:28:58.000000Z,2026-08-14,ASCENDING,HVHV,shoreline,14315.224709,100.000000,141,141,1.000000,-27.789017,-22.235316,-19.961861,-18.230919,-15.627067,-12.915850,-6.940920,-17.807049,0.000000,ok
1,Unnamed,NISAR_L2_PR_GCOV_028_024_A_018_4005_DHDH_A_20260814T202858_20260814T202933_P05023_N_F_J_001,2026-08-14T20:28:58.000000Z,2026-08-14,ASCENDING,HHHH,whole,14315.224709,100.000000,141,141,1.000000,-19.338487,-16.399365,-14.731575,-13.181866,-9.740579,-7.795567,-2.304443,-12.202546,0.044844,ok
1,Unnamed,NISAR_L2_PR_GCOV_028_024_A_018_4005_DHDH_A_20260814T202858_20260814T202933_P05023_N_F_J_001,2026-08-14T20:28:58.000000Z,2026-08-14,ASCENDING,HVHV,whole,14315.224709,100.000000,141,141,1.000000,-27.789017,-22.235316,-19.961861,-18.230919,-15.627067,-12.915850,-6.940920,-17.807049,0.000000,ok
12,Unnamed,NISAR_L2_PR_GCOV_028_024_A_018_4005_DHDH_A_20260814T202858_20260814T202933_P05023_N_F_J_001,2026-08-14T20:28:58.000000Z,2026-08-14,ASCENDING,HHHH,shoreline,6395.508556,100.000000,63,63,1.000000,-17.922445,-16.446455,-14.189478,-12.222255,-8.242042,-4.575358,0.495887,-11.066905,0.044844,ok
12,Unnamed,NISAR_L2_PR_GCOV_028_024_A_018_4005_DHDH_A_20260814T202858_20260814T202933_P05023_N_F_J_001,2026-08-14T20:28:58.000000Z,2026-08-14,ASCENDING,HVHV,shoreline,6395.508556,100.000000,63,63,1.000000,-22.461514,-21.046862,-19.299581,-16.677857,-13.039987,-11.269343,-8.469825,-16.224975,0.000000,ok
12,Unnamed,NISAR_L2_PR_GCOV_028_024_A_018_4005_DHDH_A_20260814T202858_20260814T202933_P05023_N_F_J_001,2026-08-14T20:28:58.000000Z,2026-08-14,ASCENDING,HHHH,whole,6395.508556,100.000000,63,63,1.000000,-17.922445,-16.446455,-14.189478,-12.222255,-8.242042,-4.575358,0.495887,-11.066905,0.044844,ok
12,Unnamed,NISAR_L2_PR_GCOV_028_024_A_018_4005_DHDH_A_20260814T202858_20260814T202933_P05023_N_F_J_001,2026-08-14T20:28:58.000000Z,2026-08-14,ASCENDING,HVHV,whole,6395.508556,100.000000,63,63,1.000000,-22.461514,-21.046862,-19.299581,-16.677857,-13.039987,-11.269343,-8.469825,-16.224975,0.000000,ok
13,Unnamed,NISAR_L2_PR_GCOV_028_024_A_018_4005_DHDH_A_20260814T202858_20260814T202933_P05023_N_F_J_001,2026-08-14T20:28:58.000000Z,2026-08-14,ASCENDING,HHHH,shoreline,18329.633771,100.000000,177,177,1.000000,-24.582253,-18.946686,-17.794084,-15.690552,-12.382384,-10.310516,-6.580420,-15.182980,0.044844,ok
13,Unnamed,NISAR_L2_PR_GCOV_028_024_A_018_4005_DHDH_A_20260814T202858_20260814T202933_P05023_N_F_J_001,2026-08-14T20:28:58.000000Z,2026-08-14,ASCENDING,HVHV,shoreline,18329.633771,100.000000,177,177,1.000000,-29.204125,-23.943604,-22.232371,-19.914750,-16.810441,-13.940953,-8.133265,-19.424281,0.000000,ok
13,Unnamed,NISAR_L2_PR_GCOV_028_024_A_018_4005_DHDH_A_20260814T202858_20260814T202933_P05023_N_F_J_001,2026-08-14T20:28:58.000000Z,2026-08-14,ASCENDING,HHHH,whole,18329.633771,100.000000,177,177,1.000000,-24.582253,-18.946686,-17.794084,-15.690552,-12.382384,-10.310516,-6.580420,-15.182980,0.044844,ok
13,Unnamed,NISAR_L2_PR_GCOV_028_024_A_018_4005_DHDH_A_20260814T202858_20260814T202933_P05023_N_F_J_001,2026-08-14T20:28:58.000000Z,2026-08-14,ASCENDING,HVHV,whole,18329.633771,100.000000,177,177,1.000000,-29.204125,-23.943604,-22.232371,-19.914750,-16.810441,-13.940953,-8.133265,-19.424281,0.000000,ok
14,Unnamed,NISAR_L2_PR_GCOV_028_024_A_018_4005_DHDH_A_20260814T202858_20260814T202933_P05023_N_F_J_001,2026-08-14T20:28:58.000000Z,2026-08-14,ASCENDING,HHHH,shoreline,6151.446071,100.000000,63,63,1.000000,-19.384970,-16.250253,-13.761327,-10.215129,-5.858235,-3.080943,-1.629925,-10.048157,0.044844,ok
14,Unnamed,NISAR_L2_PR_GCOV_028_024_A_018_4005_DHDH_A_20260814T202858_20260814T202933_P05023_N_F_J_001,2026-08-14T20:28:58.000000Z,2026-08-14,ASCENDING,HVHV,shoreline,6151.446071,100.000000,63,63,1.000000,-21.649786,-20.010701,-18.949039,-16.529459,-12.928016,-10.019634,-5.911642,-15.545976,0.000000,ok
14,Unnamed,NISAR_L2_PR_GCOV_028_024_A_018_4005_DHDH_A_20260814T202858_20260814T202933_P05023_N_F_J_001,2026-08-14T20:28:58.000000Z,2026-08-14,ASCENDING,HHHH,whole,6151.446071,100.000000,63,63,1.000000,-19.384970,-16.250253,-13.761327,-10.215129,-5.858235,-3.080943,-1.629925,-10.048157,0.044844,ok
14,Unnamed,NISAR_L2_PR_GCOV_028_024_A_018_4005_DHDH_A_20260814T202858_20260814T202933_P05023_N_F_J_001,2026-08-14T20:28:58.000000Z,2026-08-14,ASCENDING,HVHV,whole,6151.446071,100.000000,63,63,1.000000,-21.649786,-20.010701,-18.949039,-16.529459,-12.928016,-10.019634,-5.911642,-15.545976,0.000000,ok
15,Unnamed,NISAR_L2_PR_GCOV_028_024_A_018_4005_DHDH_A_20260814T202858_20260814T202933_P05023_N_F_J_001,2026-08-14T20:28:58.000000Z,2026-08-14,ASCENDING,HHHH,shoreline,11176.661939,100.000000,112,112,1.000000,-18.944238,-15.975858,-14.040296,-10.985919,-8.202666,-4.611435,0.654408,-10.654662,0.044844,ok
15,Unnamed,NISAR_L2_PR_GCOV_028_024_A_018_4005_DHDH_A_20260814T202858_20260814T202933_P05023_N_F_J_001,2026-08-14T20:28:58.000000Z,2026-08-14,ASCENDING,HVHV,shoreline,11176.661939,100.000000,112,112,1.000000,-23.993392,-20.755614,-19.384521,-16.539481,-14.273537,-11.870424,-7.916865,-16.534744,0.000000,ok
15,Unnamed,NISAR_L2_PR_GCOV_028_024_A_018_4005_DHDH_A_20260814T202858_20260814T202933_P05023_N_F_J_001,2026-08-14T20:28:58.000000Z,2026-08-14,ASCENDING,HHHH,whole,11176.661939,100.000000,112,112,1.000000,-18.944238,-15.975858,-14.040296,-10.985919,-8.202666,-4.611435,0.654408,-10.654662,0.044844,ok
15,Unnamed,NISAR_L2_PR_GCOV_028_024_A_018_4005_DHDH_A_20260814T202858_20260814T202933_P05023_N_F_J_001,2026-08-14T20:28:58.000000Z,2026-08-14,ASCENDING,HVHV,whole,11176.661939,100.000000,112,112,1.000000,-23.993392,-20.755614,-19.384521,-16.539481,-14.273537,-11.870424,-7.916865,-16.534744,0.000000,ok
16,Unnamed,NISAR_L2_PR_GCOV_028_024_A_018_4005_DHDH_A_20260814T202858_20260814T202933_P05023_N_F_J_001,2026-08-14T20:28:58.000000Z,2026-08-14,ASCENDING,HHHH,shoreline,4542.975923,100.000000,45,45,1.000000,-17.044251,-16.543794,-14.688816,-12.449567,-8.495583,-5.143435,-2.261286,-11.257186,0.044844,ok
16,Unnamed,NISAR_L2_PR_GCOV_028_024_A_018_4005_DHDH_A_20260814T202858_20260814T202933_P05023_N_F_J_001,2026-08-14T20:28:58.000000Z,2026-08-14,ASCENDING,HVHV,shoreline,4542.975923,100.000000,45,45,1.000000,-25.308655,-22.848761,-20.357914,-18.462057,-13.231003,-10.670992,-8.302962,-17.324262,0.000000,ok
16,Unnamed,NISAR_L2_PR_GCOV_028_024_A_018_4005_DHDH_A_20260814T202858_20260814T202933_P05023_N_F_J_001,2026-08-14T20:28:58.000000Z,2026-08-14,ASCENDING,HHHH,whole,4542.975923,100.000000,45,45,1.000000,-17.044251,-16.543794,-14.688816,-12.449567,-8.495583,-5.143435,-2.261286,-11.257186,0.044844,ok
16,Unnamed,NISAR_L2_PR_GCOV_028_024_A_018_4005_DHDH_A_20260814T202858_20260814T202933_P05023_N_F_J_001,2026-08-14T20:28:58.000000Z,2026-08-14,ASCENDING,HVHV,whole,4542.975923,100.000000,45,45,1.000000,-25.308655,-22.848761,-20.357914,-18.462057,-13.231003,-10.670992,-8.302962,-17.324262,0.000000,ok
17,Unnamed,NISAR_L2_PR_GCOV_028_024_A_018_4005_DHDH_A_20260814T202858_20260814T202933_P05023_N_F_J_001,2026-08-14T20:28:58.000000Z,2026-08-14,ASCENDING,HHHH,shoreline,9008.570954,100.000000,90,90,1.000000,-19.065564,-15.674457,-14.364406,-12.487440,-8.630461,-3.594188,1.324756,-11.059449,0.044844,ok
17,Unnamed,NISAR_L2_PR_GCOV_028_024_A_018_4005_DHDH_A_20260814T202858_20260814T202933_P05023_N_F_J_001,2026-08-14T20:28:58.000000Z,2026-08-14,ASCENDING,HVHV,shoreline,9008.570954,100.000000,90,90,1.000000,-25.663984,-22.311095,-21.415905,-19.658180,-16.587664,-9.737114,-4.960636,-17.888997,0.000000,ok
17,Unnamed,NISAR_L2_PR_GCOV_028_024_A_018_4005_DHDH_A_20260814T202858_20260814T202933_P05023_N_F_J_001,2026-08-14T20:28:58.000000Z,2026-08-14,ASCENDING,HHHH,whole,9008.570954,100.000000,90,90,1.000000,-19.065564,-15.674457,-14.364406,-12.487440,-8.630461,-3.594188,1.324756,-11.059449,0.044844,ok
17,Unnamed,NISAR_L2_PR_GCOV_028_024_A_018_4005_DHDH_A_20260814T202858_20260814T202933_P05023_N_F_J_001,2026-08-14T20:28:58.000000Z,2026-08-14,ASCENDING,HVHV,whole,9008.570954,100.000000,90,90,1.000000,-25.663984,-22.311095,-21.415905,-19.658180,-16.587664,-9.737114,-4.960636,-17.888997,0.000000,ok
18,Unnamed,NISAR_L2_PR_GCOV_028_024_A_018_4005_DHDH_A_20260814T202858_20260814T202933_P05023_N_F_J_001,2026-08-14T20:28:58.000000Z,2026-08-14,ASCENDING,HHHH,core,118503.797474,100.000000,1184,1184,1.000000,-24.425735,-18.951316,-17.557290,-16.128628,-14.595627,-13.326398,-3.232311,-16.075495,0.044844,ok
18,Unnamed,NISAR_L2_PR_GCOV_028_024_A_018_4005_DHDH_A_20260814T202858_20260814T202933_P05023_N_F_J_001,2026-08-14T20:28:58.000000Z,2026-08-14,ASCENDING,HVHV,core,118503.797474,100.000000,1184,1184,1.000000,-28.425272,-23.851620,-22.668780,-21.302471,-19.966431,-18.990635,-13.983082,-21.336104,0.000000,ok
18,Unnamed,NISAR_L2_PR_GCOV_028_024_A_018_4005_DHDH_A_20260814T202858_20260814T202933_P05023_N_F_J_001,2026-08-14T20:28:58.000000Z,2026-08-14,ASCENDING,HHHH,shoreline,155455.397743,100.000000,1557,1557,1.000000,-24.486474,-17.569615,-15.995639,-13.678895,-9.791401,-5.273016,7.326754,-12.527092,0.044844,ok
18,Unnamed,NISAR_L2_PR_GCOV_028_024_A_018_4005_DHDH_A_20260814T202858_20260814T202933_P05023_N_F_J_001,2026-08-14T20:28:58.000000Z,2026-08-14,ASCENDING,HVHV,shoreline,155455.397743,100.000000,1557,1557,1.000000,-31.213224,-23.101449,-21.604005,-19.548335,-16.992138,-13.645927,-5.318857,-18.968991,0.000000,ok
18,Unnamed,NISAR_L2_PR_GCOV_028_024_A_018_4005_DHDH_A_20260814T202858_20260814T202933_P05023_N_F_J_001,2026-08-14T20:28:58.000000Z,2026-08-14,ASCENDING,HHHH,whole,273959.195218,100.000000,2741,2741,1.000000,-24.486474,-18.363132,-16.848863,-14.992264,-12.519655,-7.808201,7.326754,-14.059857,0.044844,ok
18,Unnamed,NISAR_L2_PR_GCOV_028_024_A_018_4005_DHDH_A_20260814T202858_20260814T202933_P05023_N_F_J_001,2026-08-14T20:28:58.000000Z,2026-08-14,ASCENDING,HVHV,whole,273959.195218,100.000000,2741,2741,1.000000,-31.213224,-23.528494,-22.161879,-20.510617,-18.591570,-15.582057,-5.318857,-19.991487,0.000000,ok
19,Unnamed,NISAR_L2_PR_GCOV_028_024_A_018_4005_DHDH_A_20260814T202858_20260814T202933_P05023_N_F_J_001,2026-08-14T20:28:58.000000Z,2026-08-14,ASCENDING,HHHH,core,5376.480528,100.000000,55,55,1.000000,-21.302173,-19.170999,-17.718635,-16.058730,-14.358325,-13.090820,-9.589477,-16.050680,0.044844,ok
19,Unnamed,NISAR_L2_PR_GCOV_028_024_A_018_4005_DHDH_A_20260814T202858_20260814T202933_P05023_N_F_J_001,2026-08-14T20:28:58.000000Z,2026-08-14,ASCENDING,HVHV,core,5376.480528,100.000000,55,55,1.000000,-23.562636,-22.774107,-22.228743,-21.254399,-20.578934,-19.754326,-18.015593,-21.273498,0.000000,ok
19,Unnamed,NISAR_L2_PR_GCOV_028_024_A_018_4005_DHDH_A_20260814T202858_20260814T202933_P05023_N_F_J_001,2026-08-14T20:28:58.000000Z,2026-08-14,ASCENDING,HHHH,shoreline,82008.590567,100.000000,820,820,1.000000,-22.863753,-16.952425,-15.326560,-12.441828,-8.203996,-4.960417,4.287563,-11.501040,0.044844,ok
19,Unnamed,NISAR_L2_PR_GCOV_028_024_A_018_4005_DHDH_A_20260814T202858_20260814T202933_P05023_N_F_J_001,2026-08-14T20:28:58.000000Z,2026-08-14,ASCENDING,HVHV,shoreline,82008.590567,100.000000,820,820,1.000000,-30.238421,-22.435416,-21.020503,-18.719259,-15.455947,-11.948384,-5.018386,-17.967944,0.000000,ok
19,Unnamed,NISAR_L2_PR_GCOV_028_024_A_018_4005_DHDH_A_20260814T202858_20260814T202933_P05023_N_F_J_001,2026-08-14T20:28:58.000000Z,2026-08-14,ASCENDING,HHHH,whole,87385.071095,100.000000,875,875,1.000000,-22.863753,-17.253422,-15.599343,-12.714203,-8.459328,-5.064323,4.287563,-11.787018,0.044844,ok
19,Unnamed,NISAR_L2_PR_GCOV_028_024_A_018_4005_DHDH_A_20260814T202858_20260814T202933_P05023_N_F_J_001,2026-08-14T20:28:58.000000Z,2026-08-14,ASCENDING,HVHV,whole,87385.071095,100.000000,875,875,1.000000,-30.238421,-22.518235,-21.172710,-19.050851,-15.710372,-12.152817,-5.018386,-18.175722,0.000000,ok
2,Unnamed,NISAR_L2_PR_GCOV_028_024_A_018_4005_DHDH_A_20260814T202858_20260814T202933_P05023_N_F_J_001,2026-08-14T20:28:58.000000Z,2026-08-14,ASCENDING,HHHH,core,3277.550963,100.000000,32,32,1.000000,-17.667109,-16.003934,-15.135949,-13.665101,-12.909908,-12.022297,-11.183032,-13.988573,0.044844,ok
2,Unnamed,NISAR_L2_PR_GCOV_028_024_A_018_4005_DHDH_A_20260814T202858_20260814T202933_P05023_N_F_J_001,2026-08-14T20:28:58.000000Z,2026-08-14,ASCENDING,HVHV,core,3277.550963,100.000000,32,32,1.000000,-26.356867,-23.767342,-22.804479,-21.958809,-20.781696,-19.715472,-18.215170,-21.907974,0.000000,ok
2,Unnamed,NISAR_L2_PR_GCOV_028_024_A_018_4005_DHDH_A_20260814T202858_20260814T202933_P05023_N_F_J_001,2026-08-14T20:28:58.000000Z,2026-08-14,ASCENDING,HHHH,shoreline,30352.017361,100.000000,299,299,1.000000,-19.012863,-16.015303,-14.502999,-13.221601,-11.570019,-9.810685,-3.962807,-12.943553,0.044844,ok
2,Unnamed,NISAR_L2_PR_GCOV_028_024_A_018_4005_DHDH_A_20260814T202858_20260814T202933_P05023_N_F_J_001,2026-08-14T20:28:58.000000Z,2026-08-14,ASCENDING,HVHV,shoreline,30352.017361,100.000000,299,299,1.000000,-28.251889,-23.831665,-22.826363,-21.254226,-19.802276,-17.493639,-6.101838,-20.829846,0.000000,ok
2,Unnamed,NISAR_L2_PR_GCOV_028_024_A_018_4005_DHDH_A_20260814T202858_20260814T202933_P05023_N_F_J_001,2026-08-14T20:28:58.000000Z,2026-08-14,ASCENDING,HHHH,whole,33629.568324,100.000000,331,331,1.000000,-19.012863,-16.008589,-14.673756,-13.257097,-11.698655,-9.985181,-3.962807,-13.044582,0.044844,ok
2,Unnamed,NISAR_L2_PR_GCOV_028_024_A_018_4005_DHDH_A_20260814T202858_20260814T202933_P05023_N_F_J_001,2026-08-14T20:28:58.000000Z,2026-08-14,ASCENDING,HVHV,whole,33629.568324,100.000000,331,331,1.000000,-28.251889,-23.831540,-22.826363,-21.431710,-19.867620,-17.811127,-6.101838,-20.934076,0.000000,ok
20,Unnamed,NISAR_L2_PR_GCOV_028_024_A_018_4005_DHDH_A_20260814T202858_20260814T202933_P05023_N_F_J_001,2026-08-14T20:28:58.000000Z,2026-08-14,ASCENDING,HHHH,core,2083.796132,100.000000,21,21,1.000000,-19.603319,-19.289374,-18.457228,-17.463266,-16.709970,-15.966949,-14.810973,-17.527576,0.044844,ok
20,Unnamed,NISAR_L2_PR_GCOV_028_024_A_018_4005_DHDH_A_20260814T202858_20260814T202933_P05023_N_F_J_001,2026-08-14T20:28:58.000000Z,2026-08-14,ASCENDING,HVHV,core,2083.796132,100.000000,21,21,1.000000,-25.714929,-24.497725,-23.825602,-22.797440,-20.730498,-19.323176,-16.507257,-22.286108,0.000000,ok
20,Unnamed,NISAR_L2_PR_GCOV_028_024_A_018_4005_DHDH_A_20260814T202858_20260814T202933_P05023_N_F_J_001,2026-08-14T20:28:58.000000Z,2026-08-14,ASCENDING,HHHH,shoreline,47295.150140,100.000000,474,474,1.000000,-23.998654,-19.273196,-17.695113,-16.122094,-14.418548,-11.411095,-1.869888,-15.664213,0.044844,ok
20,Unnamed,NISAR_L2_PR_GCOV_028_024_A_018_4005_DHDH_A_20260814T202858_20260814T202933_P05023_N_F_J_001,2026-08-14T20:28:58.000000Z,2026-08-14,ASCENDING,HVHV,shoreline,47295.150140,100.000000,474,474,1.000000,-28.796747,-24.174292,-22.870329,-21.263012,-19.444323,-17.338314,-8.248165,-20.836676,0.000000,ok
20,Unnamed,NISAR_L2_PR_GCOV_028_024_A_018_4005_DHDH_A_20260814T202858_20260814T202933_P05023_N_F_J_001,2026-08-14T20:28:58.000000Z,2026-08-14,ASCENDING,HHHH,whole,49378.946273,100.000000,495,495,1.000000,-23.998654,-19.285580,-17.731392,-16.156551,-14.549177,-11.497657,-1.869888,-15.743265,0.044844,ok
20,Unnamed,NISAR_L2_PR_GCOV_028_024_A_018_4005_DHDH_A_20260814T202858_20260814T202933_P05023_N_F_J_001,2026-08-14T20:28:58.000000Z,2026-08-14,ASCENDING,HVHV,whole,49378.946273,100.000000,495,495,1.000000,-28.796747,-24.247753,-22.935698,-21.308326,-19.486338,-17.389712,-8.248165,-20.898167,0.000000,ok
21,Unnamed,NISAR_L2_PR_GCOV_028_024_A_018_4005_DHDH_A_20260814T202858_20260814T202933_P05023_N_F_J_001,2026-08-14T20:28:58.000000Z,2026-08-14,ASCENDING,HHHH,core,2786.707526,100.000000,27,27,1.000000,-19.452446,-18.148093,-15.782445,-13.750990,-11.887451,-8.085220,-2.490595,-13.349206,0.044844,ok
21,Unnamed,NISAR_L2_PR_GCOV_028_024_A_018_4005_DHDH_A_20260814T202858_20260814T202933_P05023_N_F_J_001,2026-08-14T20:28:58.000000Z,2026-08-14,ASCENDING,HVHV,core,2786.707526,100.000000,27,27,1.000000,-24.600246,-22.321765,-21.385771,-20.068203,-18.693561,-14.764428,-9.609646,-19.357421,0.000000,ok
21,Unnamed,NISAR_L2_PR_GCOV_028_024_A_018_4005_DHDH_A_20260814T202858_20260814T202933_P05023_N_F_J_001,2026-08-14T20:28:58.000000Z,2026-08-14,ASCENDING,HHHH,shoreline,71791.547537,100.000000,716,716,1.000000,-22.069480,-17.054164,-15.284071,-13.093859,-8.555575,-4.973753,2.883996,-11.874679,0.044844,ok
21,Unnamed,NISAR_L2_PR_GCOV_028_024_A_018_4005_DHDH_A_20260814T202858_20260814T202933_P05023_N_F_J_001,2026-08-14T20:28:58.000000Z,2026-08-14,ASCENDING,HVHV,shoreline,71791.547537,100.000000,716,716,1.000000,-27.725001,-22.549430,-21.130084,-18.662772,-14.365984,-10.447196,-4.823430,-17.631041,0.000000,ok
21,Unnamed,NISAR_L2_PR_GCOV_028_024_A_018_4005_DHDH_A_20260814T202858_20260814T202933_P05023_N_F_J_001,2026-08-14T20:28:58.000000Z,2026-08-14,ASCENDING,HHHH,whole,74578.255063,100.000000,743,743,1.000000,-22.069480,-17.076034,-15.324389,-13.164837,-8.620174,-5.116289,2.883996,-11.928262,0.044844,ok
21,Unnamed,NISAR_L2_PR_GCOV_028_024_A_018_4005_DHDH_A_20260814T202858_20260814T202933_P05023_N_F_J_001,2026-08-14T20:28:58.000000Z,2026-08-14,ASCENDING,HVHV,whole,74578.255063,100.000000,743,743,1.000000,-27.725001,-22.549779,-21.167574,-18.741502,-14.498527,-10.550852,-4.823430,-17.693777,0.000000,ok
22,Unnamed,NISAR_L2_PR_GCOV_028_024_A_018_4005_DHDH_A_20260814T202858_20260814T202933_P05023_N_F_J_001,2026-08-14T20:28:58.000000Z,2026-08-14,ASCENDING,HHHH,core,7912.597630,100.000000,78,78,1.000000,-23.112610,-21.275444,-19.824990,-18.869001,-17.718361,-16.734140,-14.160607,-18.894172,0.044844,ok
22,Unnamed,NISAR_L2_PR_GCOV_028_024_A_018_4005_DHDH_A_20260814T202858_20260814T202933_P05023_N_F_J_001,2026-08-14T20:28:58.000000Z,2026-08-14,ASCENDING,HVHV,core,7912.597630,100.000000,78,78,1.000000,-28.759430,-25.206911,-24.325973,-22.884614,-21.549035,-20.778299,-18.878841,-23.046401,0.000000,ok
22,Unnamed,NISAR_L2_PR_GCOV_028_024_A_018_4005_DHDH_A_20260814T202858_20260814T202933_P05023_N_F_J_001,2026-08-14T20:28:58.000000Z,2026-08-14,ASCENDING,HHHH,shoreline,41207.491649,100.000000,409,409,1.000000,-25.655170,-20.839356,-19.437002,-18.055774,-16.465852,-14.520344,1.771150,-17.558035,0.044844,ok
22,Unnamed,NISAR_L2_PR_GCOV_028_024_A_018_4005_DHDH_A_20260814T202858_20260814T202933_P05023_N_F_J_001,2026-08-14T20:28:58.000000Z,2026-08-14,ASCENDING,HVHV,shoreline,41207.491649,100.000000,409,409,1.000000,-27.800078,-24.243534,-22.975087,-21.588677,-20.176729,-18.770697,-8.419452,-21.414888,0.000000,ok
22,Unnamed,NISAR_L2_PR_GCOV_028_024_A_018_4005_DHDH_A_20260814T202858_20260814T202933_P05023_N_F_J_001,2026-08-14T20:28:58.000000Z,2026-08-14,ASCENDING,HHHH,whole,49120.089278,100.000000,487,487,1.000000,-25.655170,-20.863622,-19.569529,-18.233814,-16.710170,-14.852483,1.771150,-17.772037,0.044844,ok
22,Unnamed,NISAR_L2_PR_GCOV_028_024_A_018_4005_DHDH_A_20260814T202858_20260814T202933_P05023_N_F_J_001,2026-08-14T20:28:58.000000Z,2026-08-14,ASCENDING,HVHV,whole,49120.089278,100.000000,487,487,1.000000,-28.759430,-24.487511,-23.254549,-21.858217,-20.395861,-19.047831,-8.419452,-21.676198,0.000000,ok
23,Unnamed,NISAR_L2_PR_GCOV_028_024_A_018_4005_DHDH_A_20260814T202858_20260814T202933_P05023_N_F_J_001,2026-08-14T20:28:58.000000Z,2026-08-14,ASCENDING,HHHH,core,3617.292935,100.000000,35,35,1.000000,-22.465759,-20.208251,-19.624003,-18.129554,-16.774334,-16.190675,-15.704086,-18.288161,0.044844,ok
23,Unnamed,NISAR_L2_PR_GCOV_028_024_A_018_4005_DHDH_A_20260814T202858_20260814T202933_P05023_N_F_J_001,2026-08-14T20:28:58.000000Z,2026-08-14,ASCENDING,HVHV,core,3617.292935,100.000000,35,35,1.000000,-26.576053,-24.863984,-23.825956,-21.567865,-20.830021,-19.784044,-18.973855,-22.154806,0.000000,ok
23,Unnamed,NISAR_L2_PR_GCOV_028_024_A_018_4005_DHDH_A_20260814T202858_20260814T202933_P05023_N_F_J_001,2026-08-14T20:28:58.000000Z,2026-08-14,ASCENDING,HHHH,shoreline,61852.370253,100.000000,624,624,1.000000,-23.819048,-20.293767,-19.065866,-17.518472,-15.642527,-12.955339,-2.003354,-16.889532,0.044844,ok
23,Unnamed,NISAR_L2_PR_GCOV_028_024_A_018_4005_DHDH_A_20260814T202858_20260814T202933_P05023_N_F_J_001,2026-08-14T20:28:58.000000Z,2026-08-14,ASCENDING,HVHV,shoreline,61852.370253,100.000000,624,624,1.000000,-27.685703,-24.540855,-23.122260,-21.648480,-20.114389,-18.015337,-9.874215,-21.297071,0.000000,ok
23,Unnamed,NISAR_L2_PR_GCOV_028_024_A_018_4005_DHDH_A_20260814T202858_20260814T202933_P05023_N_F_J_001,2026-08-14T20:28:58.000000Z,2026-08-14,ASCENDING,HHHH,whole,65469.663188,100.000000,659,659,1.000000,-23.819048,-20.296643,-19.074597,-17.559296,-15.798976,-13.195025,-2.003354,-16.963814,0.044844,ok
23,Unnamed,NISAR_L2_PR_GCOV_028_024_A_018_4005_DHDH_A_20260814T202858_20260814T202933_P05023_N_F_J_001,2026-08-14T20:28:58.000000Z,2026-08-14,ASCENDING,HVHV,whole,65469.663188,100.000000,659,659,1.000000,-27.685703,-24.639352,-23.151536,-21.647326,-20.160772,-18.108101,-9.874215,-21.342626,0.000000,ok
24,Unnamed,NISAR_L2_PR_GCOV_028_024_A_018_4005_DHDH_A_20260814T202858_20260814T202933_P05023_N_F_J_001,2026-08-14T20:28:58.000000Z,2026-08-14,ASCENDING,HHHH,shoreline,11788.240185,100.000000,122,122,1.000000,-19.219735,-15.812197,-14.101795,-11.543515,-8.885197,-5.173869,1.181296,-10.945017,0.044844,ok
24,Unnamed,NISAR_L2_PR_GCOV_028_024_A_018_4005_DHDH_A_20260814T202858_20260814T202933_P05023_N_F_J_001,2026-08-14T20:28:58.000000Z,2026-08-14,ASCENDING,HVHV,shoreline,11788.240185,100.000000,122,122,1.000000,-25.467664,-21.756738,-20.119731,-17.414303,-14.853470,-11.403043,-8.212397,-17.122360,0.000000,ok
24,Unnamed,NISAR_L2_PR_GCOV_028_024_A_018_4005_DHDH_A_20260814T202858_20260814T202933_P05023_N_F_J_001,2026-08-14T20:28:58.000000Z,2026-08-14,ASCENDING,HHHH,whole,11788.240185,100.000000,122,122,1.000000,-19.219735,-15.812197,-14.101795,-11.543515,-8.885197,-5.173869,1.181296,-10.945017,0.044844,ok
24,Unnamed,NISAR_L2_PR_GCOV_028_024_A_018_4005_DHDH_A_20260814T202858_20260814T202933_P05023_N_F_J_001,2026-08-14T20:28:58.000000Z,2026-08-14,ASCENDING,HVHV,whole,11788.240185,100.000000,122,122,1.000000,-25.467664,-21.756738,-20.119731,-17.414303,-14.853470,-11.403043,-8.212397,-17.122360,0.000000,ok
25,Unnamed,NISAR_L2_PR_GCOV_028_024_A_018_4005_DHDH_A_20260814T202858_20260814T202933_P05023_N_F_J_001,2026-08-14T20:28:58.000000Z,2026-08-14,ASCENDING,HHHH,shoreline,30021.819698,100.000000,299,299,1.000000,-19.126526,-16.400700,-15.256648,-13.550799,-11.895950,-10.204489,-3.784164,-13.324856,0.044844,ok
25,Unnamed,NISAR_L2_PR_GCOV_028_024_A_018_4005_DHDH_A_20260814T202858_20260814T202933_P05023_N_F_J_001,2026-08-14T20:28:58.000000Z,2026-08-14,ASCENDING,HVHV,shoreline,30021.819698,100.000000,299,299,1.000000,-27.312862,-23.269025,-22.090279,-20.640773,-19.015759,-17.211172,-8.902275,-20.351851,0.000000,ok
25,Unnamed,NISAR_L2_PR_GCOV_028_024_A_018_4005_DHDH_A_20260814T202858_20260814T202933_P05023_N_F_J_001,2026-08-14T20:28:58.000000Z,2026-08-14,ASCENDING,HHHH,whole,30021.819698,100.000000,299,299,1.000000,-19.126526,-16.400700,-15.256648,-13.550799,-11.895950,-10.204489,-3.784164,-13.324856,0.044844,ok
25,Unnamed,NISAR_L2_PR_GCOV_028_024_A_018_4005_DHDH_A_20260814T202858_20260814T202933_P05023_N_F_J_001,2026-08-14T20:28:58.000000Z,2026-08-14,ASCENDING,HVHV,whole,30021.819698,100.000000,299,299,1.000000,-27.312862,-23.269025,-22.090279,-20.640773,-19.015759,-17.211172,-8.902275,-20.351851,0.000000,ok
26,Unnamed,NISAR_L2_PR_GCOV_028_024_A_018_4005_DHDH_A_20260814T202858_20260814T202933_P05023_N_F_J_001,2026-08-14T20:28:58.000000Z,2026-08-14,ASCENDING,HHHH,shoreline,14439.595936,100.000000,144,144,1.000000,-18.776476,-15.759980,-14.258619,-12.253052,-8.560997,-6.847345,-0.034196,-11.537345,0.044844,ok
26,Unnamed,NISAR_L2_PR_GCOV_028_024_A_018_4005_DHDH_A_20260814T202858_20260814T202933_P05023_N_F_J_001,2026-08-14T20:28:58.000000Z,2026-08-14,ASCENDING,HVHV,shoreline,14439.595936,100.000000,144,144,1.000000,-25.422634,-22.452842,-20.832258,-18.182519,-14.212177,-11.664275,-8.140493,-17.518792,0.000000,ok
26,Unnamed,NISAR_L2_PR_GCOV_028_024_A_018_4005_DHDH_A_20260814T202858_20260814T202933_P05023_N_F_J_001,2026-08-14T20:28:58.000000Z,2026-08-14,ASCENDING,HHHH,whole,14439.595936,100.000000,144,144,1.000000,-18.776476,-15.759980,-14.258619,-12.253052,-8.560997,-6.847345,-0.034196,-11.537345,0.044844,ok
26,Unnamed,NISAR_L2_PR_GCOV_028_024_A_018_4005_DHDH_A_20260814T202858_20260814T202933_P05023_N_F_J_001,2026-08-14T20:28:58.000000Z,2026-08-14,ASCENDING,HVHV,whole,14439.595936,100.000000,144,144,1.000000,-25.422634,-22.452842,-20.832258,-18.182519,-14.212177,-11.664275,-8.140493,-17.518792,0.000000,ok
27,Unnamed,NISAR_L2_PR_GCOV_028_024_A_018_4005_DHDH_A_20260814T202858_20260814T202933_P05023_N_F_J_001,2026-08-14T20:28:58.000000Z,2026-08-14,ASCENDING,HHHH,core,4488.032286,100.000000,46,46,1.000000,-21.141066,-16.243160,-14.716730,-13.865117,-12.843169,-11.389436,-9.564153,-13.854544,0.044844,ok
27,Unnamed,NISAR_L2_PR_GCOV_028_024_A_018_4005_DHDH_A_20260814T202858_20260814T202933_P05023_N_F_J_001,2026-08-14T20:28:58.000000Z,2026-08-14,ASCENDING,HVHV,core,4488.032286,100.000000,46,46,1.000000,-26.424292,-24.103710,-23.157307,-21.880702,-20.903390,-19.450198,-18.588165,-21.953826,0.000000,ok
27,Unnamed,NISAR_L2_PR_GCOV_028_024_A_018_4005_DHDH_A_20260814T202858_20260814T202933_P05023_N_F_J_001,2026-08-14T20:28:58.000000Z,2026-08-14,ASCENDING,HHHH,shoreline,34066.736745,100.000000,345,345,1.000000,-18.850101,-16.201300,-14.286843,-12.214455,-9.400059,-5.234295,1.468639,-11.482763,0.044844,ok
27,Unnamed,NISAR_L2_PR_GCOV_028_024_A_018_4005_DHDH_A_20260814T202858_20260814T202933_P05023_N_F_J_001,2026-08-14T20:28:58.000000Z,2026-08-14,ASCENDING,HVHV,shoreline,34066.736745,100.000000,345,345,1.000000,-29.527390,-24.244347,-22.615367,-20.365004,-16.802450,-11.466919,-2.588765,-19.193317,0.000000,ok
27,Unnamed,NISAR_L2_PR_GCOV_028_024_A_018_4005_DHDH_A_20260814T202858_20260814T202933_P05023_N_F_J_001,2026-08-14T20:28:58.000000Z,2026-08-14,ASCENDING,HHHH,whole,38554.769032,100.000000,391,391,1.000000,-21.141066,-16.207791,-14.358391,-12.490786,-9.776282,-5.715784,1.468639,-11.761796,0.044844,ok
27,Unnamed,NISAR_L2_PR_GCOV_028_024_A_018_4005_DHDH_A_20260814T202858_20260814T202933_P05023_N_F_J_001,2026-08-14T20:28:58.000000Z,2026-08-14,ASCENDING,HVHV,whole,38554.769032,100.000000,391,391,1.000000,-29.527390,-24.143361,-22.702148,-20.689892,-17.722287,-12.014246,-2.588765,-19.518083,0.000000,ok
28,Unnamed,NISAR_L2_PR_GCOV_028_024_A_018_4005_DHDH_A_20260814T202858_20260814T202933_P05023_N_F_J_001,2026-08-14T20:28:58.000000Z,2026-08-14,ASCENDING,HHHH,shoreline,6322.670708,100.000000,64,64,1.000000,-20.075466,-16.635510,-13.486049,-9.517538,-7.287132,-4.296149,-1.225948,-10.102769,0.044844,ok
28,Unnamed,NISAR_L2_PR_GCOV_028_024_A_018_4005_DHDH_A_20260814T202858_20260814T202933_P05023_N_F_J_001,2026-08-14T20:28:58.000000Z,2026-08-14,ASCENDING,HVHV,shoreline,6322.670708,100.000000,64,64,1.000000,-28.134370,-22.692225,-20.283849,-16.339050,-13.758272,-11.847539,-7.691320,-16.955440,0.000000,ok
28,Unnamed,NISAR_L2_PR_GCOV_028_024_A_018_4005_DHDH_A_20260814T202858_20260814T202933_P05023_N_F_J_001,2026-08-14T20:28:58.000000Z,2026-08-14,ASCENDING,HHHH,whole,6322.670708,100.000000,64,64,1.000000,-20.075466,-16.635510,-13.486049,-9.517538,-7.287132,-4.296149,-1.225948,-10.102769,0.044844,ok
28,Unnamed,NISAR_L2_PR_GCOV_028_024_A_018_4005_DHDH_A_20260814T202858_20260814T202933_P05023_N_F_J_001,2026-08-14T20:28:58.000000Z,2026-08-14,ASCENDING,HVHV,whole,6322.670708,100.000000,64,64,1.000000,-28.134370,-22.692225,-20.283849,-16.339050,-13.758272,-11.847539,-7.691320,-16.955440,0.000000,ok
29,Unnamed,NISAR_L2_PR_GCOV_028_024_A_018_4005_DHDH_A_20260814T202858_20260814T202933_P05023_N_F_J_001,2026-08-14T20:28:58.000000Z,2026-08-14,ASCENDING,HHHH,shoreline,11156.619258,100.000000,110,110,1.000000,-19.570367,-16.215522,-14.703630,-12.301224,-9.988592,-4.911256,1.966734,-11.383526,0.044844,ok
29,Unnamed,NISAR_L2_PR_GCOV_028_024_A_018_4005_DHDH_A_20260814T202858_20260814T202933_P05023_N_F_J_001,2026-08-14T20:28:58.000000Z,2026-08-14,ASCENDING,HVHV,shoreline,11156.619258,100.000000,110,110,1.000000,-25.974257,-22.401194,-21.062289,-19.064137,-15.064298,-10.576397,-5.791687,-17.706758,0.000000,ok
29,Unnamed,NISAR_L2_PR_GCOV_028_024_A_018_4005_DHDH_A_20260814T202858_20260814T202933_P05023_N_F_J_001,2026-08-14T20:28:58.000000Z,2026-08-14,ASCENDING,HHHH,whole,11156.619258,100.000000,110,110,1.000000,-19.570367,-16.215522,-14.703630,-12.301224,-9.988592,-4.911256,1.966734,-11.383526,0.044844,ok
29,Unnamed,NISAR_L2_PR_GCOV_028_024_A_018_4005_DHDH_A_20260814T202858_20260814T202933_P05023_N_F_J_001,2026-08-14T20:28:58.000000Z,2026-08-14,ASCENDING,HVHV,whole,11156.619258,100.000000,110,110,1.000000,-25.974257,-22.401194,-21.062289,-19.064137,-15.064298,-10.576397,-5.791687,-17.706758,0.000000,ok
3,Unnamed,NISAR_L2_PR_GCOV_028_024_A_018_4005_DHDH_A_20260814T202858_20260814T202933_P05023_N_F_J_001,2026-08-14T20:28:58.000000Z,2026-08-14,ASCENDING,HHHH,shoreline,11434.168985,100.000000,113,113,1.000000,-21.532171,-19.831446,-18.706614,-16.670972,-13.399019,-8.313130,-1.995216,-15.259582,0.044844,ok
3,Unnamed,NISAR_L2_PR_GCOV_028_024_A_018_4005_DHDH_A_20260814T202858_20260814T202933_P05023_N_F_J_001,2026-08-14T20:28:58.000000Z,2026-08-14,ASCENDING,HVHV,shoreline,11434.168985,100.000000,113,113,1.000000,-26.600538,-23.156177,-22.183523,-20.537193,-19.122421,-15.137051,-10.467150,-20.097163,0.000000,ok
3,Unnamed,NISAR_L2_PR_GCOV_028_024_A_018_4005_DHDH_A_20260814T202858_20260814T202933_P05023_N_F_J_001,2026-08-14T20:28:58.000000Z,2026-08-14,ASCENDING,HHHH,whole,11434.168985,100.000000,113,113,1.000000,-21.532171,-19.831446,-18.706614,-16.670972,-13.399019,-8.313130,-1.995216,-15.259582,0.044844,ok
3,Unnamed,NISAR_L2_PR_GCOV_028_024_A_018_4005_DHDH_A_20260814T202858_20260814T202933_P05023_N_F_J_001,2026-08-14T20:28:58.000000Z,2026-08-14,ASCENDING,HVHV,whole,11434.168985,100.000000,113,113,1.000000,-26.600538,-23.156177,-22.183523,-20.537193,-19.122421,-15.137051,-10.467150,-20.097163,0.000000,ok
30,Unnamed,NISAR_L2_PR_GCOV_028_024_A_018_4005_DHDH_A_20260814T202858_20260814T202933_P05023_N_F_J_001,2026-08-14T20:28:58.000000Z,2026-08-14,ASCENDING,HHHH,shoreline,24517.632812,100.000000,241,241,1.000000,-16.580797,-11.725956,-9.720804,-7.977274,-6.043589,-3.821546,1.358378,-7.923488,0.044844,ok
30,Unnamed,NISAR_L2_PR_GCOV_028_024_A_018_4005_DHDH_A_20260814T202858_20260814T202933_P05023_N_F_J_001,2026-08-14T20:28:58.000000Z,2026-08-14,ASCENDING,HVHV,shoreline,24517.632812,100.000000,241,241,1.000000,-23.699585,-19.880366,-17.733204,-14.907527,-12.647403,-10.294580,-5.206380,-15.051312,0.000000,ok
30,Unnamed,NISAR_L2_PR_GCOV_028_024_A_018_4005_DHDH_A_20260814T202858_20260814T202933_P05023_N_F_J_001,2026-08-14T20:28:58.000000Z,2026-08-14,ASCENDING,HHHH,whole,24517.632812,100.000000,241,241,1.000000,-16.580797,-11.725956,-9.720804,-7.977274,-6.043589,-3.821546,1.358378,-7.923488,0.044844,ok
30,Unnamed,NISAR_L2_PR_GCOV_028_024_A_018_4005_DHDH_A_20260814T202858_20260814T202933_P05023_N_F_J_001,2026-08-14T20:28:58.000000Z,2026-08-14,ASCENDING,HVHV,whole,24517.632812,100.000000,241,241,1.000000,-23.699585,-19.880366,-17.733204,-14.907527,-12.647403,-10.294580,-5.206380,-15.051312,0.000000,ok
31,Unnamed,NISAR_L2_PR_GCOV_028_024_A_018_4005_DHDH_A_20260814T202858_20260814T202933_P05023_N_F_J_001,2026-08-14T20:28:58.000000Z,2026-08-14,ASCENDING,HHHH,core,1481.449039,100.000000,16,16,1.000000,-18.704385,-17.683225,-15.119571,-13.842260,-12.822492,-11.446334,-10.946848,-14.205092,0.044844,ok
31,Unnamed,NISAR_L2_PR_GCOV_028_024_A_018_4005_DHDH_A_20260814T202858_20260814T202933_P05023_N_F_J_001,2026-08-14T20:28:58.000000Z,2026-08-14,ASCENDING,HVHV,core,1481.449039,100.000000,16,16,1.000000,-26.105401,-24.010401,-23.053350,-21.555764,-20.509319,-20.075567,-17.494091,-21.738476,0.000000,ok
31,Unnamed,NISAR_L2_PR_GCOV_028_024_A_018_4005_DHDH_A_20260814T202858_20260814T202933_P05023_N_F_J_001,2026-08-14T20:28:58.000000Z,2026-08-14,ASCENDING,HHHH,shoreline,17270.036923,100.000000,174,174,1.000000,-17.934140,-15.908351,-14.440153,-12.700281,-10.912399,-7.948428,1.222549,-12.112771,0.044844,ok
31,Unnamed,NISAR_L2_PR_GCOV_028_024_A_018_4005_DHDH_A_20260814T202858_20260814T202933_P05023_N_F_J_001,2026-08-14T20:28:58.000000Z,2026-08-14,ASCENDING,HVHV,shoreline,17270.036923,100.000000,174,174,1.000000,-26.961310,-22.897307,-21.618936,-20.295989,-18.110017,-15.007294,-6.230805,-19.598300,0.000000,ok
31,Unnamed,NISAR_L2_PR_GCOV_028_024_A_018_4005_DHDH_A_20260814T202858_20260814T202933_P05023_N_F_J_001,2026-08-14T20:28:58.000000Z,2026-08-14,ASCENDING,HHHH,whole,18751.485962,100.000000,190,190,1.000000,-18.704385,-15.941290,-14.477096,-12.786847,-10.981876,-8.840313,1.222549,-12.288966,0.044844,ok
31,Unnamed,NISAR_L2_PR_GCOV_028_024_A_018_4005_DHDH_A_20260814T202858_20260814T202933_P05023_N_F_J_001,2026-08-14T20:28:58.000000Z,2026-08-14,ASCENDING,HVHV,whole,18751.485962,100.000000,190,190,1.000000,-26.961310,-23.049394,-21.711824,-20.388040,-18.456028,-15.685531,-6.230805,-19.778525,0.000000,ok
32,Unnamed,NISAR_L2_PR_GCOV_028_024_A_018_4005_DHDH_A_20260814T202858_20260814T202933_P05023_N_F_J_001,2026-08-14T20:28:58.000000Z,2026-08-14,ASCENDING,HHHH,core,3445.772556,100.000000,33,33,1.000000,-19.293111,-17.055877,-15.526553,-13.945677,-11.971779,-10.992669,-9.650534,-13.969105,0.044844,ok
32,Unnamed,NISAR_L2_PR_GCOV_028_024_A_018_4005_DHDH_A_20260814T202858_20260814T202933_P05023_N_F_J_001,2026-08-14T20:28:58.000000Z,2026-08-14,ASCENDING,HVHV,core,3445.772556,100.000000,33,33,1.000000,-24.473547,-23.958093,-23.122693,-21.517682,-20.597191,-19.986289,-18.768710,-21.727077,0.000000,ok
32,Unnamed,NISAR_L2_PR_GCOV_028_024_A_018_4005_DHDH_A_20260814T202858_20260814T202933_P05023_N_F_J_001,2026-08-14T20:28:58.000000Z,2026-08-14,ASCENDING,HHHH,shoreline,32863.807375,100.000000,333,333,1.000000,-20.664660,-16.626821,-15.013036,-13.016293,-10.601149,-7.144532,2.214921,-12.400691,0.044844,ok
32,Unnamed,NISAR_L2_PR_GCOV_028_024_A_018_4005_DHDH_A_20260814T202858_20260814T202933_P05023_N_F_J_001,2026-08-14T20:28:58.000000Z,2026-08-14,ASCENDING,HVHV,shoreline,32863.807375,100.000000,333,333,1.000000,-28.245360,-23.126515,-22.045037,-20.266569,-17.817324,-12.646634,-3.650965,-19.271467,0.000000,ok
32,Unnamed,NISAR_L2_PR_GCOV_028_024_A_018_4005_DHDH_A_20260814T202858_20260814T202933_P05023_N_F_J_001,2026-08-14T20:28:58.000000Z,2026-08-14,ASCENDING,HHHH,whole,36309.579932,100.000000,366,366,1.000000,-20.664660,-16.651033,-15.067924,-13.083835,-10.807103,-7.740423,2.214921,-12.542106,0.044844,ok
32,Unnamed,NISAR_L2_PR_GCOV_028_024_A_018_4005_DHDH_A_20260814T202858_20260814T202933_P05023_N_F_J_001,2026-08-14T20:28:58.000000Z,2026-08-14,ASCENDING,HVHV,whole,36309.579932,100.000000,366,366,1.000000,-28.245360,-23.252277,-22.097670,-20.476802,-18.180912,-13.491234,-3.650965,-19.492875,0.000000,ok
33,Unnamed,NISAR_L2_PR_GCOV_028_024_A_018_4005_DHDH_A_20260814T202858_20260814T202933_P05023_N_F_J_001,2026-08-14T20:28:58.000000Z,2026-08-14,ASCENDING,HHHH,shoreline,9956.188808,100.000000,98,98,1.000000,-20.664720,-14.352055,-13.076192,-10.966220,-8.946258,-6.817334,-1.473956,-10.715574,0.044844,ok
33,Unnamed,NISAR_L2_PR_GCOV_028_024_A_018_4005_DHDH_A_20260814T202858_20260814T202933_P05023_N_F_J_001,2026-08-14T20:28:58.000000Z,2026-08-14,ASCENDING,HVHV,shoreline,9956.188808,100.000000,98,98,1.000000,-24.189439,-22.260640,-20.841909,-18.495751,-14.959552,-12.606674,-7.543682,-17.704136,0.000000,ok
33,Unnamed,NISAR_L2_PR_GCOV_028_024_A_018_4005_DHDH_A_20260814T202858_20260814T202933_P05023_N_F_J_001,2026-08-14T20:28:58.000000Z,2026-08-14,ASCENDING,HHHH,whole,9956.188808,100.000000,98,98,1.000000,-20.664720,-14.352055,-13.076192,-10.966220,-8.946258,-6.817334,-1.473956,-10.715574,0.044844,ok
33,Unnamed,NISAR_L2_PR_GCOV_028_024_A_018_4005_DHDH_A_20260814T202858_20260814T202933_P05023_N_F_J_001,2026-08-14T20:28:58.000000Z,2026-08-14,ASCENDING,HVHV,whole,9956.188808,100.000000,98,98,1.000000,-24.189439,-22.260640,-20.841909,-18.495751,-14.959552,-12.606674,-7.543682,-17.704136,0.000000,ok
34,Unnamed,NISAR_L2_PR_GCOV_028_024_A_018_4005_DHDH_A_20260814T202858_20260814T202933_P05023_N_F_J_001,2026-08-14T20:28:58.000000Z,2026-08-14,ASCENDING,HHHH,shoreline,16977.653409,100.000000,170,170,1.000000,-20.483913,-16.955105,-15.241677,-13.283057,-11.079343,-9.103796,-2.443056,-13.033161,0.044844,ok
34,Unnamed,NISAR_L2_PR_GCOV_028_024_A_018_4005_DHDH_A_20260814T202858_20260814T202933_P05023_N_F_J_001,2026-08-14T20:28:58.000000Z,2026-08-14,ASCENDING,HVHV,shoreline,16977.653409,100.000000,170,170,1.000000,-27.441525,-24.200597,-22.498814,-20.533501,-18.283622,-14.963158,-7.994101,-19.990949,0.000000,ok
34,Unnamed,NISAR_L2_PR_GCOV_028_024_A_018_4005_DHDH_A_20260814T202858_20260814T202933_P05023_N_F_J_001,2026-08-14T20:28:58.000000Z,2026-08-14,ASCENDING,HHHH,whole,16977.653409,100.000000,170,170,1.000000,-20.483913,-16.955105,-15.241677,-13.283057,-11.079343,-9.103796,-2.443056,-13.033161,0.044844,ok
34,Unnamed,NISAR_L2_PR_GCOV_028_024_A_018_4005_DHDH_A_20260814T202858_20260814T202933_P05023_N_F_J_001,2026-08-14T20:28:58.000000Z,2026-08-14,ASCENDING,HVHV,whole,16977.653409,100.000000,170,170,1.000000,-27.441525,-24.200597,-22.498814,-20.533501,-18.283622,-14.963158,-7.994101,-19.990949,0.000000,ok
35,Unnamed,NISAR_L2_PR_GCOV_028_024_A_018_4005_DHDH_A_20260814T202858_20260814T202933_P05023_N_F_J_001,2026-08-14T20:28:58.000000Z,2026-08-14,ASCENDING,HHHH,core,163.178983,100.000000,2,2,1.000000,-9.752378,-9.705690,-9.635658,-9.518938,-9.402218,-9.332186,-9.285498,-9.518938,0.044844,ok
35,Unnamed,NISAR_L2_PR_GCOV_028_024_A_018_4005_DHDH_A_20260814T202858_20260814T202933_P05023_N_F_J_001,2026-08-14T20:28:58.000000Z,2026-08-14,ASCENDING,HVHV,core,163.178983,100.000000,2,2,1.000000,-25.520495,-25.130384,-24.545218,-23.569941,-22.594664,-22.009498,-21.619387,-23.569941,0.000000,ok
35,Unnamed,NISAR_L2_PR_GCOV_028_024_A_018_4005_DHDH_A_20260814T202858_20260814T202933_P05023_N_F_J_001,2026-08-14T20:28:58.000000Z,2026-08-14,ASCENDING,HHHH,shoreline,26376.921634,100.000000,266,266,1.000000,-19.630241,-14.732215,-12.800219,-11.104620,-8.669496,-5.841465,0.523055,-10.661954,0.044844,ok
35,Unnamed,NISAR_L2_PR_GCOV_028_024_A_018_4005_DHDH_A_20260814T202858_20260814T202933_P05023_N_F_J_001,2026-08-14T20:28:58.000000Z,2026-08-14,ASCENDING,HVHV,shoreline,26376.921634,100.000000,266,266,1.000000,-26.380257,-23.383156,-22.134308,-20.218245,-16.078127,-11.912795,-2.415405,-18.829042,0.000000,ok
35,Unnamed,NISAR_L2_PR_GCOV_028_024_A_018_4005_DHDH_A_20260814T202858_20260814T202933_P05023_N_F_J_001,2026-08-14T20:28:58.000000Z,2026-08-14,ASCENDING,HHHH,whole,26540.100617,100.000000,268,268,1.000000,-19.630241,-14.723460,-12.752693,-11.066193,-8.754808,-5.846501,0.523055,-10.653424,0.044844,ok
35,Unnamed,NISAR_L2_PR_GCOV_028_024_A_018_4005_DHDH_A_20260814T202858_20260814T202933_P05023_N_F_J_001,2026-08-14T20:28:58.000000Z,2026-08-14,ASCENDING,HVHV,whole,26540.100617,100.000000,268,268,1.000000,-26.380257,-23.425457,-22.139216,-20.253437,-16.112573,-11.921867,-2.415405,-18.864422,0.000000,ok
43,Unnamed,NISAR_L2_PR_GCOV_028_024_A_018_4005_DHDH_A_20260814T202858_20260814T202933_P05023_N_F_J_001,2026-08-14T20:28:58.000000Z,2026-08-14,ASCENDING,HHHH,shoreline,14166.390215,100.000000,143,143,1.000000,-21.056092,-17.393747,-16.320795,-14.604780,-11.944490,-8.256749,-0.565138,-13.698551,0.044844,ok
43,Unnamed,NISAR_L2_PR_GCOV_028_024_A_018_4005_DHDH_A_20260814T202858_20260814T202933_P05023_N_F_J_001,2026-08-14T20:28:58.000000Z,2026-08-14,ASCENDING,HVHV,shoreline,14166.390215,100.000000,143,143,1.000000,-26.731906,-22.995552,-21.528957,-20.021127,-18.155805,-14.023381,-8.971861,-19.425079,0.000000,ok
43,Unnamed,NISAR_L2_PR_GCOV_028_024_A_018_4005_DHDH_A_20260814T202858_20260814T202933_P05023_N_F_J_001,2026-08-14T20:28:58.000000Z,2026-08-14,ASCENDING,HHHH,whole,14166.390215,100.000000,143,143,1.000000,-21.056092,-17.393747,-16.320795,-14.604780,-11.944490,-8.256749,-0.565138,-13.698551,0.044844,ok
43,Unnamed,NISAR_L2_PR_GCOV_028_024_A_018_4005_DHDH_A_20260814T202858_20260814T202933_P05023_N_F_J_001,2026-08-14T20:28:58.000000Z,2026-08-14,ASCENDING,HVHV,whole,14166.390215,100.000000,143,143,1.000000,-26.731906,-22.995552,-21.528957,-20.021127,-18.155805,-14.023381,-8.971861,-19.425079,0.000000,ok
48,Unnamed,NISAR_L2_PR_GCOV_028_024_A_018_4005_DHDH_A_20260814T202858_20260814T202933_P05023_N_F_J_001,2026-08-14T20:28:58.000000Z,2026-08-14,ASCENDING,HHHH,shoreline,3435.845157,100.000000,35,35,1.000000,-19.997934,-17.220572,-15.919937,-12.673617,-9.649558,-8.445353,-4.770881,-12.878026,0.044844,ok
48,Unnamed,NISAR_L2_PR_GCOV_028_024_A_018_4005_DHDH_A_20260814T202858_20260814T202933_P05023_N_F_J_001,2026-08-14T20:28:58.000000Z,2026-08-14,ASCENDING,HVHV,shoreline,3435.845157,100.000000,35,35,1.000000,-23.178464,-22.539061,-21.441189,-19.069908,-15.674356,-13.995140,-12.599287,-18.482595,0.000000,ok
48,Unnamed,NISAR_L2_PR_GCOV_028_024_A_018_4005_DHDH_A_20260814T202858_20260814T202933_P05023_N_F_J_001,2026-08-14T20:28:58.000000Z,2026-08-14,ASCENDING,HHHH,whole,3435.845157,100.000000,35,35,1.000000,-19.997934,-17.220572,-15.919937,-12.673617,-9.649558,-8.445353,-4.770881,-12.878026,0.044844,ok
48,Unnamed,NISAR_L2_PR_GCOV_028_024_A_018_4005_DHDH_A_20260814T202858_20260814T202933_P05023_N_F_J_001,2026-08-14T20:28:58.000000Z,2026-08-14,ASCENDING,HVHV,whole,3435.845157,100.000000,35,35,1.000000,-23.178464,-22.539061,-21.441189,-19.069908,-15.674356,-13.995140,-12.599287,-18.482595,0.000000,ok
0,Unnamed,NISAR_L2_PR_GCOV_029_003_D_072_4005_DHDH_A_20260825T100216_20260825T100251_P05023_N_F_J_001,2026-08-25T10:02:16.000000Z,2026-08-25,DESCENDING,HHHH,shoreline,15668.030102,100.000000,155,155,1.000000,-21.245734,-19.047732,-17.236601,-14.528738,-11.674962,-9.066900,-4.440743,-14.260742,-0.309992,ok
0,Unnamed,NISAR_L2_PR_GCOV_029_003_D_072_4005_DHDH_A_20260825T100216_20260825T100251_P05023_N_F_J_001,2026-08-25T10:02:16.000000Z,2026-08-25,DESCENDING,HVHV,shoreline,15668.030102,100.000000,155,155,1.000000,-28.163103,-22.658023,-21.080641,-19.029434,-16.116208,-14.304357,-7.812904,-18.603739,-0.422505,ok
0,Unnamed,NISAR_L2_PR_GCOV_029_003_D_072_4005_DHDH_A_20260825T100216_20260825T100251_P05023_N_F_J_001,2026-08-25T10:02:16.000000Z,2026-08-25,DESCENDING,HHHH,whole,15668.030102,100.000000,155,155,1.000000,-21.245734,-19.047732,-17.236601,-14.528738,-11.674962,-9.066900,-4.440743,-14.260742,-0.309992,ok
0,Unnamed,NISAR_L2_PR_GCOV_029_003_D_072_4005_DHDH_A_20260825T100216_20260825T100251_P05023_N_F_J_001,2026-08-25T10:02:16.000000Z,2026-08-25,DESCENDING,HVHV,whole,15668.030102,100.000000,155,155,1.000000,-28.163103,-22.658023,-21.080641,-19.029434,-16.116208,-14.304357,-7.812904,-18.603739,-0.422505,ok
1,Unnamed,NISAR_L2_PR_GCOV_029_003_D_072_4005_DHDH_A_20260825T100216_20260825T100251_P05023_N_F_J_001,2026-08-25T10:02:16.000000Z,2026-08-25,DESCENDING,HHHH,shoreline,14315.224709,100.000000,141,141,1.000000,-22.435539,-17.385956,-15.159999,-12.085460,-8.436236,-6.055030,-0.032260,-11.702891,-0.309992,ok
1,Unnamed,NISAR_L2_PR_GCOV_029_003_D_072_4005_DHDH_A_20260825T100216_20260825T100251_P05023_N_F_J_001,2026-08-25T10:02:16.000000Z,2026-08-25,DESCENDING,HVHV,shoreline,14315.224709,100.000000,141,141,1.000000,-24.477319,-21.717375,-19.938522,-17.298532,-14.552894,-12.126389,-6.931388,-17.139405,-0.422505,ok
1,Unnamed,NISAR_L2_PR_GCOV_029_003_D_072_4005_DHDH_A_20260825T100216_20260825T100251_P05023_N_F_J_001,2026-08-25T10:02:16.000000Z,2026-08-25,DESCENDING,HHHH,whole,14315.224709,100.000000,141,141,1.000000,-22.435539,-17.385956,-15.159999,-12.085460,-8.436236,-6.055030,-0.032260,-11.702891,-0.309992,ok
1,Unnamed,NISAR_L2_PR_GCOV_029_003_D_072_4005_DHDH_A_20260825T100216_20260825T100251_P05023_N_F_J_001,2026-08-25T10:02:16.000000Z,2026-08-25,DESCENDING,HVHV,whole,14315.224709,100.000000,141,141,1.000000,-24.477319,-21.717375,-19.938522,-17.298532,-14.552894,-12.126389,-6.931388,-17.139405,-0.422505,ok
12,Unnamed,NISAR_L2_PR_GCOV_029_003_D_072_4005_DHDH_A_20260825T100216_20260825T100251_P05023_N_F_J_001,2026-08-25T10:02:16.000000Z,2026-08-25,DESCENDING,HHHH,shoreline,6395.508556,100.000000,63,63,1.000000,-18.751626,-17.076934,-15.574159,-12.433761,-8.367087,-6.280468,-0.886988,-11.912202,-0.309992,ok
12,Unnamed,NISAR_L2_PR_GCOV_029_003_D_072_4005_DHDH_A_20260825T100216_20260825T100251_P05023_N_F_J_001,2026-08-25T10:02:16.000000Z,2026-08-25,DESCENDING,HVHV,shoreline,6395.508556,100.000000,63,63,1.000000,-24.100529,-21.237554,-20.105365,-17.577278,-14.054769,-11.859333,-7.570396,-16.959097,-0.422505,ok
12,Unnamed,NISAR_L2_PR_GCOV_029_003_D_072_4005_DHDH_A_20260825T100216_20260825T100251_P05023_N_F_J_001,2026-08-25T10:02:16.000000Z,2026-08-25,DESCENDING,HHHH,whole,6395.508556,100.000000,63,63,1.000000,-18.751626,-17.076934,-15.574159,-12.433761,-8.367087,-6.280468,-0.886988,-11.912202,-0.309992,ok
12,Unnamed,NISAR_L2_PR_GCOV_029_003_D_072_4005_DHDH_A_20260825T100216_20260825T100251_P05023_N_F_J_001,2026-08-25T10:02:16.000000Z,2026-08-25,DESCENDING,HVHV,whole,6395.508556,100.000000,63,63,1.000000,-24.100529,-21.237554,-20.105365,-17.577278,-14.054769,-11.859333,-7.570396,-16.959097,-0.422505,ok
13,Unnamed,NISAR_L2_PR_GCOV_029_003_D_072_4005_DHDH_A_20260825T100216_20260825T100251_P05023_N_F_J_001,2026-08-25T10:02:16.000000Z,2026-08-25,DESCENDING,HHHH,shoreline,18329.633771,100.000000,177,177,1.000000,-20.462149,-17.783943,-15.813936,-10.624471,-5.854757,-3.419980,2.760302,-10.729508,-0.309992,ok
13,Unnamed,NISAR_L2_PR_GCOV_029_003_D_072_4005_DHDH_A_20260825T100216_20260825T100251_P05023_N_F_J_001,2026-08-25T10:02:16.000000Z,2026-08-25,DESCENDING,HVHV,shoreline,18329.633771,100.000000,177,177,1.000000,-26.508218,-21.970323,-19.788175,-15.268945,-10.362211,-7.900837,-1.406604,-15.002556,-0.422505,ok
13,Unnamed,NISAR_L2_PR_GCOV_029_003_D_072_4005_DHDH_A_20260825T100216_20260825T100251_P05023_N_F_J_001,2026-08-25T10:02:16.000000Z,2026-08-25,DESCENDING,HHHH,whole,18329.633771,100.000000,177,177,1.000000,-20.462149,-17.783943,-15.813936,-10.624471,-5.854757,-3.419980,2.760302,-10.729508,-0.309992,ok
13,Unnamed,NISAR_L2_PR_GCOV_029_003_D_072_4005_DHDH_A_20260825T100216_20260825T100251_P05023_N_F_J_001,2026-08-25T10:02:16.000000Z,2026-08-25,DESCENDING,HVHV,whole,18329.633771,100.000000,177,177,1.000000,-26.508218,-21.970323,-19.788175,-15.268945,-10.362211,-7.900837,-1.406604,-15.002556,-0.422505,ok
14,Unnamed,NISAR_L2_PR_GCOV_029_003_D_072_4005_DHDH_A_20260825T100216_20260825T100251_P05023_N_F_J_001,2026-08-25T10:02:16.000000Z,2026-08-25,DESCENDING,HHHH,shoreline,6151.446071,100.000000,63,63,1.000000,-19.647583,-18.211061,-16.252828,-13.539930,-11.204881,-8.570675,-3.444003,-13.298739,-0.309992,ok
14,Unnamed,NISAR_L2_PR_GCOV_029_003_D_072_4005_DHDH_A_20260825T100216_20260825T100251_P05023_N_F_J_001,2026-08-25T10:02:16.000000Z,2026-08-25,DESCENDING,HVHV,shoreline,6151.446071,100.000000,63,63,1.000000,-25.994846,-22.792220,-21.124073,-18.397826,-15.436842,-13.261485,-8.674988,-18.250827,-0.422505,ok
14,Unnamed,NISAR_L2_PR_GCOV_029_003_D_072_4005_DHDH_A_20260825T100216_20260825T100251_P05023_N_F_J_001,2026-08-25T10:02:16.000000Z,2026-08-25,DESCENDING,HHHH,whole,6151.446071,100.000000,63,63,1.000000,-19.647583,-18.211061,-16.252828,-13.539930,-11.204881,-8.570675,-3.444003,-13.298739,-0.309992,ok
14,Unnamed,NISAR_L2_PR_GCOV_029_003_D_072_4005_DHDH_A_20260825T100216_20260825T100251_P05023_N_F_J_001,2026-08-25T10:02:16.000000Z,2026-08-25,DESCENDING,HVHV,whole,6151.446071,100.000000,63,63,1.000000,-25.994846,-22.792220,-21.124073,-18.397826,-15.436842,-13.261485,-8.674988,-18.250827,-0.422505,ok
15,Unnamed,NISAR_L2_PR_GCOV_029_003_D_072_4005_DHDH_A_20260825T100216_20260825T100251_P05023_N_F_J_001,2026-08-25T10:02:16.000000Z,2026-08-25,DESCENDING,HHHH,shoreline,11176.661939,100.000000,112,112,1.000000,-23.587813,-18.158011,-16.070374,-12.067306,-8.828730,-6.449130,-2.819081,-12.290992,-0.309992,ok
15,Unnamed,NISAR_L2_PR_GCOV_029_003_D_072_4005_DHDH_A_20260825T100216_20260825T100251_P05023_N_F_J_001,2026-08-25T10:02:16.000000Z,2026-08-25,DESCENDING,HVHV,shoreline,11176.661939,100.000000,112,112,1.000000,-27.055879,-22.659879,-20.647677,-17.223181,-13.931158,-10.376955,-6.540724,-17.037088,-0.422505,ok
15,Unnamed,NISAR_L2_PR_GCOV_029_003_D_072_4005_DHDH_A_20260825T100216_20260825T100251_P05023_N_F_J_001,2026-08-25T10:02:16.000000Z,2026-08-25,DESCENDING,HHHH,whole,11176.661939,100.000000,112,112,1.000000,-23.587813,-18.158011,-16.070374,-12.067306,-8.828730,-6.449130,-2.819081,-12.290992,-0.309992,ok
15,Unnamed,NISAR_L2_PR_GCOV_029_003_D_072_4005_DHDH_A_20260825T100216_20260825T100251_P05023_N_F_J_001,2026-08-25T10:02:16.000000Z,2026-08-25,DESCENDING,HVHV,whole,11176.661939,100.000000,112,112,1.000000,-27.055879,-22.659879,-20.647677,-17.223181,-13.931158,-10.376955,-6.540724,-17.037088,-0.422505,ok
16,Unnamed,NISAR_L2_PR_GCOV_029_003_D_072_4005_DHDH_A_20260825T100216_20260825T100251_P05023_N_F_J_001,2026-08-25T10:02:16.000000Z,2026-08-25,DESCENDING,HHHH,shoreline,4542.975923,100.000000,45,45,1.000000,-19.380299,-17.277643,-15.918376,-13.832253,-10.934144,-8.969732,-7.496603,-13.448399,-0.309992,ok
16,Unnamed,NISAR_L2_PR_GCOV_029_003_D_072_4005_DHDH_A_20260825T100216_20260825T100251_P05023_N_F_J_001,2026-08-25T10:02:16.000000Z,2026-08-25,DESCENDING,HVHV,shoreline,4542.975923,100.000000,45,45,1.000000,-23.745946,-21.506601,-19.879157,-18.497737,-16.529086,-13.497576,-11.733173,-17.962956,-0.422505,ok
16,Unnamed,NISAR_L2_PR_GCOV_029_003_D_072_4005_DHDH_A_20260825T100216_20260825T100251_P05023_N_F_J_001,2026-08-25T10:02:16.000000Z,2026-08-25,DESCENDING,HHHH,whole,4542.975923,100.000000,45,45,1.000000,-19.380299,-17.277643,-15.918376,-13.832253,-10.934144,-8.969732,-7.496603,-13.448399,-0.309992,ok
16,Unnamed,NISAR_L2_PR_GCOV_029_003_D_072_4005_DHDH_A_20260825T100216_20260825T100251_P05023_N_F_J_001,2026-08-25T10:02:16.000000Z,2026-08-25,DESCENDING,HVHV,whole,4542.975923,100.000000,45,45,1.000000,-23.745946,-21.506601,-19.879157,-18.497737,-16.529086,-13.497576,-11.733173,-17.962956,-0.422505,ok
17,Unnamed,NISAR_L2_PR_GCOV_029_003_D_072_4005_DHDH_A_20260825T100216_20260825T100251_P05023_N_F_J_001,2026-08-25T10:02:16.000000Z,2026-08-25,DESCENDING,HHHH,shoreline,9008.570954,100.000000,90,90,1.000000,-21.336089,-17.017163,-15.180645,-12.730039,-9.964125,-7.349014,0.340805,-12.347747,-0.309992,ok
17,Unnamed,NISAR_L2_PR_GCOV_029_003_D_072_4005_DHDH_A_20260825T100216_20260825T100251_P05023_N_F_J_001,2026-08-25T10:02:16.000000Z,2026-08-25,DESCENDING,HVHV,shoreline,9008.570954,100.000000,90,90,1.000000,-25.616789,-21.476766,-19.884198,-18.338250,-15.585779,-13.509232,-3.138992,-17.680302,-0.422505,ok
17,Unnamed,NISAR_L2_PR_GCOV_029_003_D_072_4005_DHDH_A_20260825T100216_20260825T100251_P05023_N_F_J_001,2026-08-25T10:02:16.000000Z,2026-08-25,DESCENDING,HHHH,whole,9008.570954,100.000000,90,90,1.000000,-21.336089,-17.017163,-15.180645,-12.730039,-9.964125,-7.349014,0.340805,-12.347747,-0.309992,ok
17,Unnamed,NISAR_L2_PR_GCOV_029_003_D_072_4005_DHDH_A_20260825T100216_20260825T100251_P05023_N_F_J_001,2026-08-25T10:02:16.000000Z,2026-08-25,DESCENDING,HVHV,whole,9008.570954,100.000000,90,90,1.000000,-25.616789,-21.476766,-19.884198,-18.338250,-15.585779,-13.509232,-3.138992,-17.680302,-0.422505,ok
18,Unnamed,NISAR_L2_PR_GCOV_029_003_D_072_4005_DHDH_A_20260825T100216_20260825T100251_P05023_N_F_J_001,2026-08-25T10:02:16.000000Z,2026-08-25,DESCENDING,HHHH,core,118503.797474,100.000000,1184,1184,1.000000,-22.913946,-18.762693,-17.377641,-15.950902,-14.476311,-12.931068,-1.821790,-15.766568,-0.309992,ok
18,Unnamed,NISAR_L2_PR_GCOV_029_003_D_072_4005_DHDH_A_20260825T100216_20260825T100251_P05023_N_F_J_001,2026-08-25T10:02:16.000000Z,2026-08-25,DESCENDING,HVHV,core,118503.797474,100.000000,1184,1184,1.000000,-27.497501,-23.404561,-22.204125,-20.851998,-19.505748,-18.229590,-12.548531,-20.816711,-0.422505,ok
18,Unnamed,NISAR_L2_PR_GCOV_029_003_D_072_4005_DHDH_A_20260825T100216_20260825T100251_P05023_N_F_J_001,2026-08-25T10:02:16.000000Z,2026-08-25,DESCENDING,HHHH,shoreline,155455.397743,100.000000,1557,1557,1.000000,-22.341813,-17.041305,-15.035096,-12.279806,-9.196128,-5.917537,7.870325,-11.861841,-0.309992,ok
18,Unnamed,NISAR_L2_PR_GCOV_029_003_D_072_4005_DHDH_A_20260825T100216_20260825T100251_P05023_N_F_J_001,2026-08-25T10:02:16.000000Z,2026-08-25,DESCENDING,HVHV,shoreline,155455.397743,100.000000,1557,1557,1.000000,-27.378858,-21.918645,-20.382608,-18.501915,-16.249765,-13.578259,-4.737958,-18.105645,-0.422505,ok
18,Unnamed,NISAR_L2_PR_GCOV_029_003_D_072_4005_DHDH_A_20260825T100216_20260825T100251_P05023_N_F_J_001,2026-08-25T10:02:16.000000Z,2026-08-25,DESCENDING,HHHH,whole,273959.195218,100.000000,2741,2741,1.000000,-22.913946,-18.042097,-16.464980,-14.409363,-11.317916,-7.498838,7.870325,-13.548524,-0.309992,ok
18,Unnamed,NISAR_L2_PR_GCOV_029_003_D_072_4005_DHDH_A_20260825T100216_20260825T100251_P05023_N_F_J_001,2026-08-25T10:02:16.000000Z,2026-08-25,DESCENDING,HVHV,whole,273959.195218,100.000000,2741,2741,1.000000,-27.497501,-22.881358,-21.407589,-19.715516,-17.598847,-15.344529,-4.737958,-19.276715,-0.422505,ok
19,Unnamed,NISAR_L2_PR_GCOV_029_003_D_072_4005_DHDH_A_20260825T100216_20260825T100251_P05023_N_F_J_001,2026-08-25T10:02:16.000000Z,2026-08-25,DESCENDING,HHHH,core,5376.480528,100.000000,55,55,1.000000,-20.494227,-17.934974,-16.824376,-15.748907,-14.611480,-13.393862,-9.261253,-15.584115,-0.309992,ok
19,Unnamed,NISAR_L2_PR_GCOV_029_003_D_072_4005_DHDH_A_20260825T100216_20260825T100251_P05023_N_F_J_001,2026-08-25T10:02:16.000000Z,2026-08-25,DESCENDING,HVHV,core,5376.480528,100.000000,55,55,1.000000,-24.308457,-22.560615,-21.917933,-20.860383,-19.565269,-19.029884,-17.625436,-20.828593,-0.422505,ok
19,Unnamed,NISAR_L2_PR_GCOV_029_003_D_072_4005_DHDH_A_20260825T100216_20260825T100251_P05023_N_F_J_001,2026-08-25T10:02:16.000000Z,2026-08-25,DESCENDING,HHHH,shoreline,82008.590567,100.000000,820,820,1.000000,-21.078201,-16.577171,-14.271872,-10.976671,-8.204132,-5.167318,5.398749,-11.018142,-0.309992,ok
19,Unnamed,NISAR_L2_PR_GCOV_029_003_D_072_4005_DHDH_A_20260825T100216_20260825T100251_P05023_N_F_J_001,2026-08-25T10:02:16.000000Z,2026-08-25,DESCENDING,HVHV,shoreline,82008.590567,100.000000,820,820,1.000000,-26.392986,-21.374671,-19.715819,-17.430996,-14.469932,-10.647611,-2.752440,-16.753646,-0.422505,ok
19,Unnamed,NISAR_L2_PR_GCOV_029_003_D_072_4005_DHDH_A_20260825T100216_20260825T100251_P05023_N_F_J_001,2026-08-25T10:02:16.000000Z,2026-08-25,DESCENDING,HHHH,whole,87385.071095,100.000000,875,875,1.000000,-21.078201,-16.714254,-14.726145,-11.270767,-8.358893,-5.249295,5.398749,-11.305146,-0.309992,ok
19,Unnamed,NISAR_L2_PR_GCOV_029_003_D_072_4005_DHDH_A_20260825T100216_20260825T100251_P05023_N_F_J_001,2026-08-25T10:02:16.000000Z,2026-08-25,DESCENDING,HVHV,whole,87385.071095,100.000000,875,875,1.000000,-26.392986,-21.578205,-20.001613,-17.790846,-14.674727,-11.048920,-2.752440,-17.009785,-0.422505,ok
2,Unnamed,NISAR_L2_PR_GCOV_029_003_D_072_4005_DHDH_A_20260825T100216_20260825T100251_P05023_N_F_J_001,2026-08-25T10:02:16.000000Z,2026-08-25,DESCENDING,HHHH,core,3277.550963,100.000000,32,32,1.000000,-20.999158,-18.974512,-17.886915,-16.714640,-14.994542,-14.433016,-13.010408,-16.562056,-0.309992,ok
2,Unnamed,NISAR_L2_PR_GCOV_029_003_D_072_4005_DHDH_A_20260825T100216_20260825T100251_P05023_N_F_J_001,2026-08-25T10:02:16.000000Z,2026-08-25,DESCENDING,HVHV,core,3277.550963,100.000000,32,32,1.000000,-29.406616,-23.641231,-22.447622,-21.125224,-19.886059,-19.267236,-16.983186,-21.441149,-0.422505,ok
2,Unnamed,NISAR_L2_PR_GCOV_029_003_D_072_4005_DHDH_A_20260825T100216_20260825T100251_P05023_N_F_J_001,2026-08-25T10:02:16.000000Z,2026-08-25,DESCENDING,HHHH,shoreline,30352.017361,100.000000,299,299,1.000000,-23.088138,-19.136248,-18.137323,-16.488304,-14.916802,-12.979987,-1.437726,-16.205971,-0.309992,ok
2,Unnamed,NISAR_L2_PR_GCOV_029_003_D_072_4005_DHDH_A_20260825T100216_20260825T100251_P05023_N_F_J_001,2026-08-25T10:02:16.000000Z,2026-08-25,DESCENDING,HVHV,shoreline,30352.017361,100.000000,299,299,1.000000,-26.921502,-23.728849,-22.599069,-21.147568,-19.909752,-18.463118,-0.079516,-21.038933,-0.422505,ok
2,Unnamed,NISAR_L2_PR_GCOV_029_003_D_072_4005_DHDH_A_20260825T100216_20260825T100251_P05023_N_F_J_001,2026-08-25T10:02:16.000000Z,2026-08-25,DESCENDING,HHHH,whole,33629.568324,100.000000,331,331,1.000000,-23.088138,-19.120856,-18.128916,-16.496522,-14.931840,-13.152495,-1.437726,-16.240396,-0.309992,ok
2,Unnamed,NISAR_L2_PR_GCOV_029_003_D_072_4005_DHDH_A_20260825T100216_20260825T100251_P05023_N_F_J_001,2026-08-25T10:02:16.000000Z,2026-08-25,DESCENDING,HVHV,whole,33629.568324,100.000000,331,331,1.000000,-29.406616,-23.716974,-22.573428,-21.147568,-19.906357,-18.501768,-0.079516,-21.077818,-0.422505,ok
20,Unnamed,NISAR_L2_PR_GCOV_029_003_D_072_4005_DHDH_A_20260825T100216_20260825T100251_P05023_N_F_J_001,2026-08-25T10:02:16.000000Z,2026-08-25,DESCENDING,HHHH,core,2083.796132,100.000000,21,21,1.000000,-24.646368,-20.194289,-18.386492,-17.827421,-16.142897,-14.460883,-12.177475,-17.535332,-0.309992,ok
20,Unnamed,NISAR_L2_PR_GCOV_029_003_D_072_4005_DHDH_A_20260825T100216_20260825T100251_P05023_N_F_J_001,2026-08-25T10:02:16.000000Z,2026-08-25,DESCENDING,HVHV,core,2083.796132,100.000000,21,21,1.000000,-23.771041,-23.406159,-21.996517,-20.475125,-19.648490,-18.499679,-17.006407,-20.620799,-0.422505,ok
20,Unnamed,NISAR_L2_PR_GCOV_029_003_D_072_4005_DHDH_A_20260825T100216_20260825T100251_P05023_N_F_J_001,2026-08-25T10:02:16.000000Z,2026-08-25,DESCENDING,HHHH,shoreline,47295.150140,100.000000,474,474,1.000000,-23.332884,-18.984304,-17.697380,-15.817887,-12.536797,-8.134334,0.675617,-14.607903,-0.309992,ok
20,Unnamed,NISAR_L2_PR_GCOV_029_003_D_072_4005_DHDH_A_20260825T100216_20260825T100251_P05023_N_F_J_001,2026-08-25T10:02:16.000000Z,2026-08-25,DESCENDING,HVHV,shoreline,47295.150140,100.000000,474,474,1.000000,-26.847786,-23.118225,-21.801694,-19.951592,-18.078137,-15.106298,-4.450103,-19.300936,-0.422505,ok
20,Unnamed,NISAR_L2_PR_GCOV_029_003_D_072_4005_DHDH_A_20260825T100216_20260825T100251_P05023_N_F_J_001,2026-08-25T10:02:16.000000Z,2026-08-25,DESCENDING,HHHH,whole,49378.946273,100.000000,495,495,1.000000,-24.646368,-19.002793,-17.754236,-15.897794,-12.637087,-8.235444,0.675617,-14.732097,-0.309992,ok
20,Unnamed,NISAR_L2_PR_GCOV_029_003_D_072_4005_DHDH_A_20260825T100216_20260825T100251_P05023_N_F_J_001,2026-08-25T10:02:16.000000Z,2026-08-25,DESCENDING,HVHV,whole,49378.946273,100.000000,495,495,1.000000,-26.847786,-23.121822,-21.820340,-20.038433,-18.146873,-15.416754,-4.450103,-19.356930,-0.422505,ok
21,Unnamed,NISAR_L2_PR_GCOV_029_003_D_072_4005_DHDH_A_20260825T100216_20260825T100251_P05023_N_F_J_001,2026-08-25T10:02:16.000000Z,2026-08-25,DESCENDING,HHHH,core,2786.707526,100.000000,27,27,1.000000,-21.951495,-20.205791,-18.869259,-15.907346,-14.407502,-11.417339,-3.994693,-15.865019,-0.309992,ok
21,Unnamed,NISAR_L2_PR_GCOV_029_003_D_072_4005_DHDH_A_20260825T100216_20260825T100251_P05023_N_F_J_001,2026-08-25T10:02:16.000000Z,2026-08-25,DESCENDING,HVHV,core,2786.707526,100.000000,27,27,1.000000,-25.800450,-22.958723,-21.304798,-20.385040,-18.884535,-17.326318,-11.429925,-19.979033,-0.422505,ok
21,Unnamed,NISAR_L2_PR_GCOV_029_003_D_072_4005_DHDH_A_20260825T100216_20260825T100251_P05023_N_F_J_001,2026-08-25T10:02:16.000000Z,2026-08-25,DESCENDING,HHHH,shoreline,71791.547537,100.000000,716,716,1.000000,-25.211964,-18.577612,-16.679556,-14.196124,-10.600935,-6.169101,0.151851,-13.405826,-0.309992,ok
21,Unnamed,NISAR_L2_PR_GCOV_029_003_D_072_4005_DHDH_A_20260825T100216_20260825T100251_P05023_N_F_J_001,2026-08-25T10:02:16.000000Z,2026-08-25,DESCENDING,HVHV,shoreline,71791.547537,100.000000,716,716,1.000000,-26.908271,-22.478591,-21.152377,-19.382814,-16.013891,-12.962516,-5.255665,-18.374572,-0.422505,ok
21,Unnamed,NISAR_L2_PR_GCOV_029_003_D_072_4005_DHDH_A_20260825T100216_20260825T100251_P05023_N_F_J_001,2026-08-25T10:02:16.000000Z,2026-08-25,DESCENDING,HHHH,whole,74578.255063,100.000000,743,743,1.000000,-25.211964,-18.672014,-16.798637,-14.380366,-10.717717,-6.206783,0.151851,-13.495191,-0.309992,ok
21,Unnamed,NISAR_L2_PR_GCOV_029_003_D_072_4005_DHDH_A_20260825T100216_20260825T100251_P05023_N_F_J_001,2026-08-25T10:02:16.000000Z,2026-08-25,DESCENDING,HVHV,whole,74578.255063,100.000000,743,743,1.000000,-26.908271,-22.486195,-21.162057,-19.417355,-16.148170,-12.980936,-5.255665,-18.432876,-0.422505,ok
22,Unnamed,NISAR_L2_PR_GCOV_029_003_D_072_4005_DHDH_A_20260825T100216_20260825T100251_P05023_N_F_J_001,2026-08-25T10:02:16.000000Z,2026-08-25,DESCENDING,HHHH,core,7912.597630,100.000000,78,78,1.000000,-22.314909,-19.394538,-18.707941,-17.408451,-16.207345,-15.453819,-12.209114,-17.407384,-0.309992,ok
22,Unnamed,NISAR_L2_PR_GCOV_029_003_D_072_4005_DHDH_A_20260825T100216_20260825T100251_P05023_N_F_J_001,2026-08-25T10:02:16.000000Z,2026-08-25,DESCENDING,HVHV,core,7912.597630,100.000000,78,78,1.000000,-26.908970,-24.568931,-23.553762,-22.347499,-21.314113,-20.233160,-18.544326,-22.396210,-0.422505,ok
22,Unnamed,NISAR_L2_PR_GCOV_029_003_D_072_4005_DHDH_A_20260825T100216_20260825T100251_P05023_N_F_J_001,2026-08-25T10:02:16.000000Z,2026-08-25,DESCENDING,HHHH,shoreline,41207.491649,100.000000,409,409,1.000000,-23.544799,-19.335954,-17.950322,-16.525735,-15.073423,-13.604160,-1.986674,-16.322172,-0.309992,ok
22,Unnamed,NISAR_L2_PR_GCOV_029_003_D_072_4005_DHDH_A_20260825T100216_20260825T100251_P05023_N_F_J_001,2026-08-25T10:02:16.000000Z,2026-08-25,DESCENDING,HVHV,shoreline,41207.491649,100.000000,409,409,1.000000,-27.587240,-23.894581,-22.740338,-21.245286,-19.922320,-18.332220,-11.894215,-21.150339,-0.422505,ok
22,Unnamed,NISAR_L2_PR_GCOV_029_003_D_072_4005_DHDH_A_20260825T100216_20260825T100251_P05023_N_F_J_001,2026-08-25T10:02:16.000000Z,2026-08-25,DESCENDING,HHHH,whole,49120.089278,100.000000,487,487,1.000000,-23.544799,-19.339172,-18.046123,-16.670635,-15.274366,-13.974850,-1.986674,-16.495984,-0.309992,ok
22,Unnamed,NISAR_L2_PR_GCOV_029_003_D_072_4005_DHDH_A_20260825T100216_20260825T100251_P05023_N_F_J_001,2026-08-25T10:02:16.000000Z,2026-08-25,DESCENDING,HVHV,whole,49120.089278,100.000000,487,487,1.000000,-27.587240,-24.064730,-22.858842,-21.471631,-20.162574,-18.776501,-11.894215,-21.349883,-0.422505,ok
23,Unnamed,NISAR_L2_PR_GCOV_029_003_D_072_4005_DHDH_A_20260825T100216_20260825T100251_P05023_N_F_J_001,2026-08-25T10:02:16.000000Z,2026-08-25,DESCENDING,HHHH,core,3617.292935,100.000000,35,35,1.000000,-24.275736,-21.129129,-19.847008,-17.883982,-16.228159,-15.393989,-14.395610,-18.076071,-0.309992,ok
23,Unnamed,NISAR_L2_PR_GCOV_029_003_D_072_4005_DHDH_A_20260825T100216_20260825T100251_P05023_N_F_J_001,2026-08-25T10:02:16.000000Z,2026-08-25,DESCENDING,HVHV,core,3617.292935,100.000000,35,35,1.000000,-26.560079,-24.715916,-23.619883,-22.705932,-21.719882,-20.219133,-18.655753,-22.706115,-0.422505,ok
23,Unnamed,NISAR_L2_PR_GCOV_029_003_D_072_4005_DHDH_A_20260825T100216_20260825T100251_P05023_N_F_J_001,2026-08-25T10:02:16.000000Z,2026-08-25,DESCENDING,HHHH,shoreline,61852.370253,100.000000,624,624,1.000000,-24.001125,-20.031929,-18.776116,-17.220089,-15.804544,-14.115267,-3.864452,-17.005435,-0.309992,ok
23,Unnamed,NISAR_L2_PR_GCOV_029_003_D_072_4005_DHDH_A_20260825T100216_20260825T100251_P05023_N_F_J_001,2026-08-25T10:02:16.000000Z,2026-08-25,DESCENDING,HVHV,shoreline,61852.370253,100.000000,624,624,1.000000,-27.928899,-24.207183,-22.942817,-21.370439,-19.888945,-18.481124,-9.819678,-21.259741,-0.422505,ok
23,Unnamed,NISAR_L2_PR_GCOV_029_003_D_072_4005_DHDH_A_20260825T100216_20260825T100251_P05023_N_F_J_001,2026-08-25T10:02:16.000000Z,2026-08-25,DESCENDING,HHHH,whole,65469.663188,100.000000,659,659,1.000000,-24.275736,-20.104261,-18.818069,-17.226261,-15.837260,-14.210592,-3.864452,-17.062297,-0.309992,ok
23,Unnamed,NISAR_L2_PR_GCOV_029_003_D_072_4005_DHDH_A_20260825T100216_20260825T100251_P05023_N_F_J_001,2026-08-25T10:02:16.000000Z,2026-08-25,DESCENDING,HVHV,whole,65469.663188,100.000000,659,659,1.000000,-27.928899,-24.250472,-23.005993,-21.488665,-19.948080,-18.520944,-9.819678,-21.336559,-0.422505,ok
24,Unnamed,NISAR_L2_PR_GCOV_029_003_D_072_4005_DHDH_A_20260825T100216_20260825T100251_P05023_N_F_J_001,2026-08-25T10:02:16.000000Z,2026-08-25,DESCENDING,HHHH,shoreline,11788.240185,100.000000,122,122,1.000000,-19.313441,-15.786538,-13.711406,-10.689844,-6.582096,-4.665418,1.127959,-10.198364,-0.309992,ok
24,Unnamed,NISAR_L2_PR_GCOV_029_003_D_072_4005_DHDH_A_20260825T100216_20260825T100251_P05023_N_F_J_001,2026-08-25T10:02:16.000000Z,2026-08-25,DESCENDING,HVHV,shoreline,11788.240185,100.000000,122,122,1.000000,-25.283985,-20.976543,-19.229266,-16.849697,-13.715537,-10.828160,-6.612464,-16.396409,-0.422505,ok
24,Unnamed,NISAR_L2_PR_GCOV_029_003_D_072_4005_DHDH_A_20260825T100216_20260825T100251_P05023_N_F_J_001,2026-08-25T10:02:16.000000Z,2026-08-25,DESCENDING,HHHH,whole,11788.240185,100.000000,122,122,1.000000,-19.313441,-15.786538,-13.711406,-10.689844,-6.582096,-4.665418,1.127959,-10.198364,-0.309992,ok
24,Unnamed,NISAR_L2_PR_GCOV_029_003_D_072_4005_DHDH_A_20260825T100216_20260825T100251_P05023_N_F_J_001,2026-08-25T10:02:16.000000Z,2026-08-25,DESCENDING,HVHV,whole,11788.240185,100.000000,122,122,1.000000,-25.283985,-20.976543,-19.229266,-16.849697,-13.715537,-10.828160,-6.612464,-16.396409,-0.422505,ok
25,Unnamed,NISAR_L2_PR_GCOV_029_003_D_072_4005_DHDH_A_20260825T100216_20260825T100251_P05023_N_F_J_001,2026-08-25T10:02:16.000000Z,2026-08-25,DESCENDING,HHHH,shoreline,30021.819698,100.000000,299,299,1.000000,-22.662372,-18.682325,-17.475090,-15.886053,-14.007298,-10.256765,-1.949921,-15.149175,-0.309992,ok
25,Unnamed,NISAR_L2_PR_GCOV_029_003_D_072_4005_DHDH_A_20260825T100216_20260825T100251_P05023_N_F_J_001,2026-08-25T10:02:16.000000Z,2026-08-25,DESCENDING,HVHV,shoreline,30021.819698,100.000000,299,299,1.000000,-26.645800,-22.895904,-21.890686,-20.435053,-18.207901,-15.048265,-9.326269,-19.791312,-0.422505,ok
25,Unnamed,NISAR_L2_PR_GCOV_029_003_D_072_4005_DHDH_A_20260825T100216_20260825T100251_P05023_N_F_J_001,2026-08-25T10:02:16.000000Z,2026-08-25,DESCENDING,HHHH,whole,30021.819698,100.000000,299,299,1.000000,-22.662372,-18.682325,-17.475090,-15.886053,-14.007298,-10.256765,-1.949921,-15.149175,-0.309992,ok
25,Unnamed,NISAR_L2_PR_GCOV_029_003_D_072_4005_DHDH_A_20260825T100216_20260825T100251_P05023_N_F_J_001,2026-08-25T10:02:16.000000Z,2026-08-25,DESCENDING,HVHV,whole,30021.819698,100.000000,299,299,1.000000,-26.645800,-22.895904,-21.890686,-20.435053,-18.207901,-15.048265,-9.326269,-19.791312,-0.422505,ok
26,Unnamed,NISAR_L2_PR_GCOV_029_003_D_072_4005_DHDH_A_20260825T100216_20260825T100251_P05023_N_F_J_001,2026-08-25T10:02:16.000000Z,2026-08-25,DESCENDING,HHHH,shoreline,14439.595936,100.000000,144,144,1.000000,-20.407557,-17.730615,-16.261647,-13.755226,-9.641833,-7.262978,-1.296337,-12.777354,-0.309992,ok
26,Unnamed,NISAR_L2_PR_GCOV_029_003_D_072_4005_DHDH_A_20260825T100216_20260825T100251_P05023_N_F_J_001,2026-08-25T10:02:16.000000Z,2026-08-25,DESCENDING,HVHV,shoreline,14439.595936,100.000000,144,144,1.000000,-26.939441,-22.657475,-20.726526,-18.596355,-14.713071,-11.778499,-3.112248,-17.683940,-0.422505,ok
26,Unnamed,NISAR_L2_PR_GCOV_029_003_D_072_4005_DHDH_A_20260825T100216_20260825T100251_P05023_N_F_J_001,2026-08-25T10:02:16.000000Z,2026-08-25,DESCENDING,HHHH,whole,14439.595936,100.000000,144,144,1.000000,-20.407557,-17.730615,-16.261647,-13.755226,-9.641833,-7.262978,-1.296337,-12.777354,-0.309992,ok
26,Unnamed,NISAR_L2_PR_GCOV_029_003_D_072_4005_DHDH_A_20260825T100216_20260825T100251_P05023_N_F_J_001,2026-08-25T10:02:16.000000Z,2026-08-25,DESCENDING,HVHV,whole,14439.595936,100.000000,144,144,1.000000,-26.939441,-22.657475,-20.726526,-18.596355,-14.713071,-11.778499,-3.112248,-17.683940,-0.422505,ok
27,Unnamed,NISAR_L2_PR_GCOV_029_003_D_072_4005_DHDH_A_20260825T100216_20260825T100251_P05023_N_F_J_001,2026-08-25T10:02:16.000000Z,2026-08-25,DESCENDING,HHHH,core,4488.032286,100.000000,46,46,1.000000,-22.827168,-18.870879,-18.278986,-17.220705,-15.881328,-14.973769,-13.488672,-17.146690,-0.309992,ok
27,Unnamed,NISAR_L2_PR_GCOV_029_003_D_072_4005_DHDH_A_20260825T100216_20260825T100251_P05023_N_F_J_001,2026-08-25T10:02:16.000000Z,2026-08-25,DESCENDING,HVHV,core,4488.032286,100.000000,46,46,1.000000,-27.075636,-24.701552,-23.116483,-22.017805,-21.115936,-19.976967,-18.834833,-22.146280,-0.422505,ok
27,Unnamed,NISAR_L2_PR_GCOV_029_003_D_072_4005_DHDH_A_20260825T100216_20260825T100251_P05023_N_F_J_001,2026-08-25T10:02:16.000000Z,2026-08-25,DESCENDING,HHHH,shoreline,34066.736745,100.000000,345,345,1.000000,-24.371425,-18.714326,-17.193311,-15.507153,-12.747018,-7.476428,-0.361014,-14.358361,-0.309992,ok
27,Unnamed,NISAR_L2_PR_GCOV_029_003_D_072_4005_DHDH_A_20260825T100216_20260825T100251_P05023_N_F_J_001,2026-08-25T10:02:16.000000Z,2026-08-25,DESCENDING,HVHV,shoreline,34066.736745,100.000000,345,345,1.000000,-28.017363,-23.562533,-22.199687,-20.508521,-18.206905,-13.936306,-6.784102,-19.650584,-0.422505,ok
27,Unnamed,NISAR_L2_PR_GCOV_029_003_D_072_4005_DHDH_A_20260825T100216_20260825T100251_P05023_N_F_J_001,2026-08-25T10:02:16.000000Z,2026-08-25,DESCENDING,HHHH,whole,38554.769032,100.000000,391,391,1.000000,-24.371425,-18.717390,-17.440864,-15.738492,-13.214040,-7.866448,-0.361014,-14.686399,-0.309992,ok
27,Unnamed,NISAR_L2_PR_GCOV_029_003_D_072_4005_DHDH_A_20260825T100216_20260825T100251_P05023_N_F_J_001,2026-08-25T10:02:16.000000Z,2026-08-25,DESCENDING,HVHV,whole,38554.769032,100.000000,391,391,1.000000,-28.017363,-23.631556,-22.361788,-20.734297,-18.619755,-14.639115,-6.784102,-19.944195,-0.422505,ok
28,Unnamed,NISAR_L2_PR_GCOV_029_003_D_072_4005_DHDH_A_20260825T100216_20260825T100251_P05023_N_F_J_001,2026-08-25T10:02:16.000000Z,2026-08-25,DESCENDING,HHHH,shoreline,6322.670708,100.000000,64,64,1.000000,-17.568337,-16.003685,-14.017602,-12.405674,-9.779033,-7.784894,-2.519855,-11.888465,-0.309992,ok
28,Unnamed,NISAR_L2_PR_GCOV_029_003_D_072_4005_DHDH_A_20260825T100216_20260825T100251_P05023_N_F_J_001,2026-08-25T10:02:16.000000Z,2026-08-25,DESCENDING,HVHV,shoreline,6322.670708,100.000000,64,64,1.000000,-22.167120,-20.000541,-18.784305,-17.364894,-14.807128,-12.710706,-5.335747,-16.668412,-0.422505,ok
28,Unnamed,NISAR_L2_PR_GCOV_029_003_D_072_4005_DHDH_A_20260825T100216_20260825T100251_P05023_N_F_J_001,2026-08-25T10:02:16.000000Z,2026-08-25,DESCENDING,HHHH,whole,6322.670708,100.000000,64,64,1.000000,-17.568337,-16.003685,-14.017602,-12.405674,-9.779033,-7.784894,-2.519855,-11.888465,-0.309992,ok
28,Unnamed,NISAR_L2_PR_GCOV_029_003_D_072_4005_DHDH_A_20260825T100216_20260825T100251_P05023_N_F_J_001,2026-08-25T10:02:16.000000Z,2026-08-25,DESCENDING,HVHV,whole,6322.670708,100.000000,64,64,1.000000,-22.167120,-20.000541,-18.784305,-17.364894,-14.807128,-12.710706,-5.335747,-16.668412,-0.422505,ok
29,Unnamed,NISAR_L2_PR_GCOV_029_003_D_072_4005_DHDH_A_20260825T100216_20260825T100251_P05023_N_F_J_001,2026-08-25T10:02:16.000000Z,2026-08-25,DESCENDING,HHHH,shoreline,11156.619258,100.000000,110,110,1.000000,-21.129367,-17.422659,-16.140078,-13.801620,-10.799792,-8.322608,-3.063439,-13.338204,-0.309992,ok
29,Unnamed,NISAR_L2_PR_GCOV_029_003_D_072_4005_DHDH_A_20260825T100216_20260825T100251_P05023_N_F_J_001,2026-08-25T10:02:16.000000Z,2026-08-25,DESCENDING,HVHV,shoreline,11156.619258,100.000000,110,110,1.000000,-25.611226,-21.443022,-20.159154,-18.623890,-16.244460,-13.638774,-8.125619,-18.055735,-0.422505,ok
29,Unnamed,NISAR_L2_PR_GCOV_029_003_D_072_4005_DHDH_A_20260825T100216_20260825T100251_P05023_N_F_J_001,2026-08-25T10:02:16.000000Z,2026-08-25,DESCENDING,HHHH,whole,11156.619258,100.000000,110,110,1.000000,-21.129367,-17.422659,-16.140078,-13.801620,-10.799792,-8.322608,-3.063439,-13.338204,-0.309992,ok
29,Unnamed,NISAR_L2_PR_GCOV_029_003_D_072_4005_DHDH_A_20260825T100216_20260825T100251_P05023_N_F_J_001,2026-08-25T10:02:16.000000Z,2026-08-25,DESCENDING,HVHV,whole,11156.619258,100.000000,110,110,1.000000,-25.611226,-21.443022,-20.159154,-18.623890,-16.244460,-13.638774,-8.125619,-18.055735,-0.422505,ok
3,Unnamed,NISAR_L2_PR_GCOV_029_003_D_072_4005_DHDH_A_20260825T100216_20260825T100251_P05023_N_F_J_001,2026-08-25T10:02:16.000000Z,2026-08-25,DESCENDING,HHHH,shoreline,11434.168985,100.000000,113,113,1.000000,-20.762468,-17.922516,-16.851320,-15.480409,-11.358215,-7.832498,0.465513,-13.951250,-0.309992,ok
3,Unnamed,NISAR_L2_PR_GCOV_029_003_D_072_4005_DHDH_A_20260825T100216_20260825T100251_P05023_N_F_J_001,2026-08-25T10:02:16.000000Z,2026-08-25,DESCENDING,HVHV,shoreline,11434.168985,100.000000,113,113,1.000000,-25.062307,-22.245350,-20.480615,-19.282741,-15.983426,-12.767574,-6.087783,-18.065338,-0.422505,ok
3,Unnamed,NISAR_L2_PR_GCOV_029_003_D_072_4005_DHDH_A_20260825T100216_20260825T100251_P05023_N_F_J_001,2026-08-25T10:02:16.000000Z,2026-08-25,DESCENDING,HHHH,whole,11434.168985,100.000000,113,113,1.000000,-20.762468,-17.922516,-16.851320,-15.480409,-11.358215,-7.832498,0.465513,-13.951250,-0.309992,ok
3,Unnamed,NISAR_L2_PR_GCOV_029_003_D_072_4005_DHDH_A_20260825T100216_20260825T100251_P05023_N_F_J_001,2026-08-25T10:02:16.000000Z,2026-08-25,DESCENDING,HVHV,whole,11434.168985,100.000000,113,113,1.000000,-25.062307,-22.245350,-20.480615,-19.282741,-15.983426,-12.767574,-6.087783,-18.065338,-0.422505,ok
30,Unnamed,NISAR_L2_PR_GCOV_029_003_D_072_4005_DHDH_A_20260825T100216_20260825T100251_P05023_N_F_J_001,2026-08-25T10:02:16.000000Z,2026-08-25,DESCENDING,HHHH,shoreline,24517.632812,100.000000,241,241,1.000000,-17.518757,-13.278103,-10.625715,-8.571702,-5.871309,-3.814124,1.564307,-8.442732,-0.309992,ok
30,Unnamed,NISAR_L2_PR_GCOV_029_003_D_072_4005_DHDH_A_20260825T100216_20260825T100251_P05023_N_F_J_001,2026-08-25T10:02:16.000000Z,2026-08-25,DESCENDING,HVHV,shoreline,24517.632812,100.000000,241,241,1.000000,-22.893840,-18.095428,-16.673571,-14.699741,-12.258889,-10.181142,-4.026146,-14.416318,-0.422505,ok
30,Unnamed,NISAR_L2_PR_GCOV_029_003_D_072_4005_DHDH_A_20260825T100216_20260825T100251_P05023_N_F_J_001,2026-08-25T10:02:16.000000Z,2026-08-25,DESCENDING,HHHH,whole,24517.632812,100.000000,241,241,1.000000,-17.518757,-13.278103,-10.625715,-8.571702,-5.871309,-3.814124,1.564307,-8.442732,-0.309992,ok
30,Unnamed,NISAR_L2_PR_GCOV_029_003_D_072_4005_DHDH_A_20260825T100216_20260825T100251_P05023_N_F_J_001,2026-08-25T10:02:16.000000Z,2026-08-25,DESCENDING,HVHV,whole,24517.632812,100.000000,241,241,1.000000,-22.893840,-18.095428,-16.673571,-14.699741,-12.258889,-10.181142,-4.026146,-14.416318,-0.422505,ok
31,Unnamed,NISAR_L2_PR_GCOV_029_003_D_072_4005_DHDH_A_20260825T100216_20260825T100251_P05023_N_F_J_001,2026-08-25T10:02:16.000000Z,2026-08-25,DESCENDING,HHHH,core,1481.449039,100.000000,16,16,1.000000,-21.362719,-20.599105,-18.982073,-17.576339,-16.583223,-16.043112,-13.669871,-17.837224,-0.309992,ok
31,Unnamed,NISAR_L2_PR_GCOV_029_003_D_072_4005_DHDH_A_20260825T100216_20260825T100251_P05023_N_F_J_001,2026-08-25T10:02:16.000000Z,2026-08-25,DESCENDING,HVHV,core,1481.449039,100.000000,16,16,1.000000,-24.698558,-24.025868,-23.234556,-21.539445,-20.149166,-19.446558,-18.890454,-21.731675,-0.422505,ok
31,Unnamed,NISAR_L2_PR_GCOV_029_003_D_072_4005_DHDH_A_20260825T100216_20260825T100251_P05023_N_F_J_001,2026-08-25T10:02:16.000000Z,2026-08-25,DESCENDING,HHHH,shoreline,17270.036923,100.000000,174,174,1.000000,-22.709602,-19.454649,-18.286870,-16.843309,-15.285052,-12.379677,-2.556769,-16.325231,-0.309992,ok
31,Unnamed,NISAR_L2_PR_GCOV_029_003_D_072_4005_DHDH_A_20260825T100216_20260825T100251_P05023_N_F_J_001,2026-08-25T10:02:16.000000Z,2026-08-25,DESCENDING,HVHV,shoreline,17270.036923,100.000000,174,174,1.000000,-27.231917,-23.380412,-22.126689,-20.747499,-19.507673,-17.181181,-10.180840,-20.429276,-0.422505,ok
31,Unnamed,NISAR_L2_PR_GCOV_029_003_D_072_4005_DHDH_A_20260825T100216_20260825T100251_P05023_N_F_J_001,2026-08-25T10:02:16.000000Z,2026-08-25,DESCENDING,HHHH,whole,18751.485962,100.000000,190,190,1.000000,-22.709602,-19.592196,-18.365079,-16.922206,-15.506142,-12.582845,-2.556769,-16.452557,-0.309992,ok
31,Unnamed,NISAR_L2_PR_GCOV_029_003_D_072_4005_DHDH_A_20260825T100216_20260825T100251_P05023_N_F_J_001,2026-08-25T10:02:16.000000Z,2026-08-25,DESCENDING,HVHV,whole,18751.485962,100.000000,190,190,1.000000,-27.231917,-23.521330,-22.276420,-20.760377,-19.647320,-17.212966,-10.180840,-20.538951,-0.422505,ok
32,Unnamed,NISAR_L2_PR_GCOV_029_003_D_072_4005_DHDH_A_20260825T100216_20260825T100251_P05023_N_F_J_001,2026-08-25T10:02:16.000000Z,2026-08-25,DESCENDING,HHHH,core,3445.772556,100.000000,33,33,1.000000,-21.078367,-19.850180,-18.216783,-16.791901,-15.501527,-15.088300,-13.445422,-16.986201,-0.309992,ok
32,Unnamed,NISAR_L2_PR_GCOV_029_003_D_072_4005_DHDH_A_20260825T100216_20260825T100251_P05023_N_F_J_001,2026-08-25T10:02:16.000000Z,2026-08-25,DESCENDING,HVHV,core,3445.772556,100.000000,33,33,1.000000,-23.985932,-23.008700,-21.589386,-20.836026,-19.777144,-19.045826,-18.860244,-20.958084,-0.422505,ok
32,Unnamed,NISAR_L2_PR_GCOV_029_003_D_072_4005_DHDH_A_20260825T100216_20260825T100251_P05023_N_F_J_001,2026-08-25T10:02:16.000000Z,2026-08-25,DESCENDING,HHHH,shoreline,32863.807375,100.000000,333,333,1.000000,-24.549587,-18.566868,-17.327198,-15.476461,-12.846698,-8.031648,1.216143,-14.421681,-0.309992,ok
32,Unnamed,NISAR_L2_PR_GCOV_029_003_D_072_4005_DHDH_A_20260825T100216_20260825T100251_P05023_N_F_J_001,2026-08-25T10:02:16.000000Z,2026-08-25,DESCENDING,HVHV,shoreline,32863.807375,100.000000,333,333,1.000000,-25.296850,-23.238036,-21.684517,-20.163968,-17.263156,-12.236896,-5.207040,-18.982184,-0.422505,ok
32,Unnamed,NISAR_L2_PR_GCOV_029_003_D_072_4005_DHDH_A_20260825T100216_20260825T100251_P05023_N_F_J_001,2026-08-25T10:02:16.000000Z,2026-08-25,DESCENDING,HHHH,whole,36309.579932,100.000000,366,366,1.000000,-24.549587,-18.726675,-17.421438,-15.629191,-13.175860,-8.256338,1.216143,-14.652908,-0.309992,ok
32,Unnamed,NISAR_L2_PR_GCOV_029_003_D_072_4005_DHDH_A_20260825T100216_20260825T100251_P05023_N_F_J_001,2026-08-25T10:02:16.000000Z,2026-08-25,DESCENDING,HVHV,whole,36309.579932,100.000000,366,366,1.000000,-25.296850,-23.236596,-21.684307,-20.311722,-17.576301,-12.676967,-5.207040,-19.160339,-0.422505,ok
33,Unnamed,NISAR_L2_PR_GCOV_029_003_D_072_4005_DHDH_A_20260825T100216_20260825T100251_P05023_N_F_J_001,2026-08-25T10:02:16.000000Z,2026-08-25,DESCENDING,HHHH,shoreline,9956.188808,100.000000,98,98,1.000000,-21.208444,-17.247347,-15.494397,-12.282670,-10.451102,-6.092944,-0.087386,-12.258512,-0.309992,ok
33,Unnamed,NISAR_L2_PR_GCOV_029_003_D_072_4005_DHDH_A_20260825T100216_20260825T100251_P05023_N_F_J_001,2026-08-25T10:02:16.000000Z,2026-08-25,DESCENDING,HVHV,shoreline,9956.188808,100.000000,98,98,1.000000,-23.475329,-21.730071,-20.591382,-18.914491,-15.270024,-12.544076,-9.145451,-17.887114,-0.422505,ok
33,Unnamed,NISAR_L2_PR_GCOV_029_003_D_072_4005_DHDH_A_20260825T100216_20260825T100251_P05023_N_F_J_001,2026-08-25T10:02:16.000000Z,2026-08-25,DESCENDING,HHHH,whole,9956.188808,100.000000,98,98,1.000000,-21.208444,-17.247347,-15.494397,-12.282670,-10.451102,-6.092944,-0.087386,-12.258512,-0.309992,ok
33,Unnamed,NISAR_L2_PR_GCOV_029_003_D_072_4005_DHDH_A_20260825T100216_20260825T100251_P05023_N_F_J_001,2026-08-25T10:02:16.000000Z,2026-08-25,DESCENDING,HVHV,whole,9956.188808,100.000000,98,98,1.000000,-23.475329,-21.730071,-20.591382,-18.914491,-15.270024,-12.544076,-9.145451,-17.887114,-0.422505,ok
34,Unnamed,NISAR_L2_PR_GCOV_029_003_D_072_4005_DHDH_A_20260825T100216_20260825T100251_P05023_N_F_J_001,2026-08-25T10:02:16.000000Z,2026-08-25,DESCENDING,HHHH,shoreline,16977.653409,100.000000,170,170,1.000000,-22.628339,-19.445358,-17.777887,-15.959040,-12.724248,-8.540130,0.771764,-14.967993,-0.309992,ok
34,Unnamed,NISAR_L2_PR_GCOV_029_003_D_072_4005_DHDH_A_20260825T100216_20260825T100251_P05023_N_F_J_001,2026-08-25T10:02:16.000000Z,2026-08-25,DESCENDING,HVHV,shoreline,16977.653409,100.000000,170,170,1.000000,-27.919550,-23.286831,-22.040449,-20.025038,-17.565844,-12.945238,-6.096170,-19.209474,-0.422505,ok
34,Unnamed,NISAR_L2_PR_GCOV_029_003_D_072_4005_DHDH_A_20260825T100216_20260825T100251_P05023_N_F_J_001,2026-08-25T10:02:16.000000Z,2026-08-25,DESCENDING,HHHH,whole,16977.653409,100.000000,170,170,1.000000,-22.628339,-19.445358,-17.777887,-15.959040,-12.724248,-8.540130,0.771764,-14.967993,-0.309992,ok
34,Unnamed,NISAR_L2_PR_GCOV_029_003_D_072_4005_DHDH_A_20260825T100216_20260825T100251_P05023_N_F_J_001,2026-08-25T10:02:16.000000Z,2026-08-25,DESCENDING,HVHV,whole,16977.653409,100.000000,170,170,1.000000,-27.919550,-23.286831,-22.040449,-20.025038,-17.565844,-12.945238,-6.096170,-19.209474,-0.422505,ok
35,Unnamed,NISAR_L2_PR_GCOV_029_003_D_072_4005_DHDH_A_20260825T100216_20260825T100251_P05023_N_F_J_001,2026-08-25T10:02:16.000000Z,2026-08-25,DESCENDING,HHHH,core,163.178983,100.000000,2,2,1.000000,-22.122961,-21.522987,-20.623025,-19.123089,-17.623154,-16.723192,-16.123218,-19.123089,-0.309992,ok
35,Unnamed,NISAR_L2_PR_GCOV_029_003_D_072_4005_DHDH_A_20260825T100216_20260825T100251_P05023_N_F_J_001,2026-08-25T10:02:16.000000Z,2026-08-25,DESCENDING,HVHV,core,163.178983,100.000000,2,2,1.000000,-23.287728,-23.060575,-22.719846,-22.151963,-21.584081,-21.243352,-21.016199,-22.151963,-0.422505,ok
35,Unnamed,NISAR_L2_PR_GCOV_029_003_D_072_4005_DHDH_A_20260825T100216_20260825T100251_P05023_N_F_J_001,2026-08-25T10:02:16.000000Z,2026-08-25,DESCENDING,HHHH,shoreline,26376.921634,100.000000,266,266,1.000000,-23.869800,-18.465049,-17.114706,-14.663442,-10.717301,-6.465550,-0.224941,-13.578335,-0.309992,ok
35,Unnamed,NISAR_L2_PR_GCOV_029_003_D_072_4005_DHDH_A_20260825T100216_20260825T100251_P05023_N_F_J_001,2026-08-25T10:02:16.000000Z,2026-08-25,DESCENDING,HVHV,shoreline,26376.921634,100.000000,266,266,1.000000,-25.949434,-22.957540,-21.698359,-19.722459,-15.897980,-12.413303,-8.027108,-18.714980,-0.422505,ok
35,Unnamed,NISAR_L2_PR_GCOV_029_003_D_072_4005_DHDH_A_20260825T100216_20260825T100251_P05023_N_F_J_001,2026-08-25T10:02:16.000000Z,2026-08-25,DESCENDING,HHHH,whole,26540.100617,100.000000,268,268,1.000000,-23.869800,-18.500740,-17.131881,-14.697586,-10.762186,-6.513882,-0.224941,-13.619714,-0.309992,ok
35,Unnamed,NISAR_L2_PR_GCOV_029_003_D_072_4005_DHDH_A_20260825T100216_20260825T100251_P05023_N_F_J_001,2026-08-25T10:02:16.000000Z,2026-08-25,DESCENDING,HVHV,whole,26540.100617,100.000000,268,268,1.000000,-25.949434,-22.967202,-21.716947,-19.738280,-15.948135,-12.429295,-8.027108,-18.740630,-0.422505,ok
43,Unnamed,NISAR_L2_PR_GCOV_029_003_D_072_4005_DHDH_A_20260825T100216_20260825T100251_P05023_N_F_J_001,2026-08-25T10:02:16.000000Z,2026-08-25,DESCENDING,HHHH,shoreline,14166.390215,100.000000,143,143,1.000000,-21.852780,-19.644753,-17.879422,-16.007144,-12.895749,-9.168383,-5.205556,-15.127858,-0.309992,ok
43,Unnamed,NISAR_L2_PR_GCOV_029_003_D_072_4005_DHDH_A_20260825T100216_20260825T100251_P05023_N_F_J_001,2026-08-25T10:02:16.000000Z,2026-08-25,DESCENDING,HVHV,shoreline,14166.390215,100.000000,143,143,1.000000,-26.078664,-23.031690,-21.887947,-19.840558,-17.294517,-14.193637,-4.938472,-19.158843,-0.422505,ok
43,Unnamed,NISAR_L2_PR_GCOV_029_003_D_072_4005_DHDH_A_20260825T100216_20260825T100251_P05023_N_F_J_001,2026-08-25T10:02:16.000000Z,2026-08-25,DESCENDING,HHHH,whole,14166.390215,100.000000,143,143,1.000000,-21.852780,-19.644753,-17.879422,-16.007144,-12.895749,-9.168383,-5.205556,-15.127858,-0.309992,ok
43,Unnamed,NISAR_L2_PR_GCOV_029_003_D_072_4005_DHDH_A_20260825T100216_20260825T100251_P05023_N_F_J_001,2026-08-25T10:02:16.000000Z,2026-08-25,DESCENDING,HVHV,whole,14166.390215,100.000000,143,143,1.000000,-26.078664,-23.031690,-21.887947,-19.840558,-17.294517,-14.193637,-4.938472,-19.158843,-0.422505,ok
48,Unnamed,NISAR_L2_PR_GCOV_029_003_D_072_4005_DHDH_A_20260825T100216_20260825T100251_P05023_N_F_J_001,2026-08-25T10:02:16.000000Z,2026-08-25,DESCENDING,HHHH,shoreline,3435.845157,100.000000,35,35,1.000000,-19.364796,-17.328845,-15.289449,-13.565882,-11.841997,-8.144343,-5.476037,-13.231264,-0.309992,ok
48,Unnamed,NISAR_L2_PR_GCOV_029_003_D_072_4005_DHDH_A_20260825T100216_20260825T100251_P05023_N_F_J_001,2026-08-25T10:02:16.000000Z,2026-08-25,DESCENDING,HVHV,shoreline,3435.845157,100.000000,35,35,1.000000,-21.558368,-21.039997,-20.079627,-19.136318,-16.938035,-14.407976,-8.567828,-18.114167,-0.422505,ok
48,Unnamed,NISAR_L2_PR_GCOV_029_003_D_072_4005_DHDH_A_20260825T100216_20260825T100251_P05023_N_F_J_001,2026-08-25T10:02:16.000000Z,2026-08-25,DESCENDING,HHHH,whole,3435.845157,100.000000,35,35,1.000000,-19.364796,-17.328845,-15.289449,-13.565882,-11.841997,-8.144343,-5.476037,-13.231264,-0.309992,ok
48,Unnamed,NISAR_L2_PR_GCOV_029_003_D_072_4005_DHDH_A_20260825T100216_20260825T100251_P05023_N_F_J_001,2026-08-25T10:02:16.000000Z,2026-08-25,DESCENDING,HVHV,whole,3435.845157,100.000000,35,35,1.000000,-21.558368,-21.039997,-20.079627,-19.136318,-16.938035,-14.407976,-8.567828,-18.114167,-0.422505,ok
0,Unnamed,NISAR_L2_PR_GCOV_029_024_A_018_4005_DHDH_A_20260826T202858_20260826T202933_P05023_N_F_J_001,2026-08-26T20:28:58.000000Z,2026-08-26,ASCENDING,HHHH,shoreline,15668.030102,100.000000,155,155,1.000000,-20.982703,-16.665655,-15.401816,-13.689634,-11.421528,-8.889371,-4.738204,-13.247711,0.000000,ok
0,Unnamed,NISAR_L2_PR_GCOV_029_024_A_018_4005_DHDH_A_20260826T202858_20260826T202933_P05023_N_F_J_001,2026-08-26T20:28:58.000000Z,2026-08-26,ASCENDING,HVHV,shoreline,15668.030102,100.000000,155,155,1.000000,-24.264526,-21.362553,-20.066705,-18.182308,-16.353476,-14.136400,-8.600654,-18.018300,0.411874,ok
0,Unnamed,NISAR_L2_PR_GCOV_029_024_A_018_4005_DHDH_A_20260826T202858_20260826T202933_P05023_N_F_J_001,2026-08-26T20:28:58.000000Z,2026-08-26,ASCENDING,HHHH,whole,15668.030102,100.000000,155,155,1.000000,-20.982703,-16.665655,-15.401816,-13.689634,-11.421528,-8.889371,-4.738204,-13.247711,0.000000,ok
0,Unnamed,NISAR_L2_PR_GCOV_029_024_A_018_4005_DHDH_A_20260826T202858_20260826T202933_P05023_N_F_J_001,2026-08-26T20:28:58.000000Z,2026-08-26,ASCENDING,HVHV,whole,15668.030102,100.000000,155,155,1.000000,-24.264526,-21.362553,-20.066705,-18.182308,-16.353476,-14.136400,-8.600654,-18.018300,0.411874,ok
1,Unnamed,NISAR_L2_PR_GCOV_029_024_A_018_4005_DHDH_A_20260826T202858_20260826T202933_P05023_N_F_J_001,2026-08-26T20:28:58.000000Z,2026-08-26,ASCENDING,HHHH,shoreline,14315.224709,100.000000,141,141,1.000000,-19.650639,-17.236990,-15.185041,-12.767297,-9.852703,-7.466315,-2.310361,-12.502989,0.000000,ok
1,Unnamed,NISAR_L2_PR_GCOV_029_024_A_018_4005_DHDH_A_20260826T202858_20260826T202933_P05023_N_F_J_001,2026-08-26T20:28:58.000000Z,2026-08-26,ASCENDING,HVHV,shoreline,14315.224709,100.000000,141,141,1.000000,-25.601531,-22.081712,-20.445194,-18.170979,-15.741560,-13.294300,-8.343727,-17.979203,0.411874,ok
1,Unnamed,NISAR_L2_PR_GCOV_029_024_A_018_4005_DHDH_A_20260826T202858_20260826T202933_P05023_N_F_J_001,2026-08-26T20:28:58.000000Z,2026-08-26,ASCENDING,HHHH,whole,14315.224709,100.000000,141,141,1.000000,-19.650639,-17.236990,-15.185041,-12.767297,-9.852703,-7.466315,-2.310361,-12.502989,0.000000,ok
1,Unnamed,NISAR_L2_PR_GCOV_029_024_A_018_4005_DHDH_A_20260826T202858_20260826T202933_P05023_N_F_J_001,2026-08-26T20:28:58.000000Z,2026-08-26,ASCENDING,HVHV,whole,14315.224709,100.000000,141,141,1.000000,-25.601531,-22.081712,-20.445194,-18.170979,-15.741560,-13.294300,-8.343727,-17.979203,0.411874,ok
12,Unnamed,NISAR_L2_PR_GCOV_029_024_A_018_4005_DHDH_A_20260826T202858_20260826T202933_P05023_N_F_J_001,2026-08-26T20:28:58.000000Z,2026-08-26,ASCENDING,HHHH,shoreline,6395.508556,100.000000,63,63,1.000000,-18.674637,-14.549017,-12.389088,-10.192081,-5.798949,-4.558109,-1.113649,-9.627474,0.000000,ok
12,Unnamed,NISAR_L2_PR_GCOV_029_024_A_018_4005_DHDH_A_20260826T202858_20260826T202933_P05023_N_F_J_001,2026-08-26T20:28:58.000000Z,2026-08-26,ASCENDING,HVHV,shoreline,6395.508556,100.000000,63,63,1.000000,-23.652333,-20.581077,-18.948991,-15.954408,-13.752146,-12.167932,-8.539330,-16.293805,0.411874,ok
12,Unnamed,NISAR_L2_PR_GCOV_029_024_A_018_4005_DHDH_A_20260826T202858_20260826T202933_P05023_N_F_J_001,2026-08-26T20:28:58.000000Z,2026-08-26,ASCENDING,HHHH,whole,6395.508556,100.000000,63,63,1.000000,-18.674637,-14.549017,-12.389088,-10.192081,-5.798949,-4.558109,-1.113649,-9.627474,0.000000,ok
12,Unnamed,NISAR_L2_PR_GCOV_029_024_A_018_4005_DHDH_A_20260826T202858_20260826T202933_P05023_N_F_J_001,2026-08-26T20:28:58.000000Z,2026-08-26,ASCENDING,HVHV,whole,6395.508556,100.000000,63,63,1.000000,-23.652333,-20.581077,-18.948991,-15.954408,-13.752146,-12.167932,-8.539330,-16.293805,0.411874,ok
13,Unnamed,NISAR_L2_PR_GCOV_029_024_A_018_4005_DHDH_A_20260826T202858_20260826T202933_P05023_N_F_J_001,2026-08-26T20:28:58.000000Z,2026-08-26,ASCENDING,HHHH,shoreline,18329.633771,100.000000,177,177,1.000000,-24.584781,-19.713843,-17.743722,-15.384663,-12.767297,-10.182780,-6.275058,-15.243855,0.000000,ok
13,Unnamed,NISAR_L2_PR_GCOV_029_024_A_018_4005_DHDH_A_20260826T202858_20260826T202933_P05023_N_F_J_001,2026-08-26T20:28:58.000000Z,2026-08-26,ASCENDING,HVHV,shoreline,18329.633771,100.000000,177,177,1.000000,-31.894603,-23.949586,-22.077200,-19.947515,-17.303649,-13.740746,-7.231984,-19.552295,0.411874,ok
13,Unnamed,NISAR_L2_PR_GCOV_029_024_A_018_4005_DHDH_A_20260826T202858_20260826T202933_P05023_N_F_J_001,2026-08-26T20:28:58.000000Z,2026-08-26,ASCENDING,HHHH,whole,18329.633771,100.000000,177,177,1.000000,-24.584781,-19.713843,-17.743722,-15.384663,-12.767297,-10.182780,-6.275058,-15.243855,0.000000,ok
13,Unnamed,NISAR_L2_PR_GCOV_029_024_A_018_4005_DHDH_A_20260826T202858_20260826T202933_P05023_N_F_J_001,2026-08-26T20:28:58.000000Z,2026-08-26,ASCENDING,HVHV,whole,18329.633771,100.000000,177,177,1.000000,-31.894603,-23.949586,-22.077200,-19.947515,-17.303649,-13.740746,-7.231984,-19.552295,0.411874,ok
14,Unnamed,NISAR_L2_PR_GCOV_029_024_A_018_4005_DHDH_A_20260826T202858_20260826T202933_P05023_N_F_J_001,2026-08-26T20:28:58.000000Z,2026-08-26,ASCENDING,HHHH,shoreline,6151.446071,100.000000,63,63,1.000000,-18.383993,-16.365974,-14.383293,-12.339408,-6.844385,-3.857697,0.418527,-11.028683,0.000000,ok
14,Unnamed,NISAR_L2_PR_GCOV_029_024_A_018_4005_DHDH_A_20260826T202858_20260826T202933_P05023_N_F_J_001,2026-08-26T20:28:58.000000Z,2026-08-26,ASCENDING,HVHV,shoreline,6151.446071,100.000000,63,63,1.000000,-24.849736,-20.806539,-19.518537,-16.420794,-13.074233,-10.076451,-4.405056,-15.969383,0.411874,ok
14,Unnamed,NISAR_L2_PR_GCOV_029_024_A_018_4005_DHDH_A_20260826T202858_20260826T202933_P05023_N_F_J_001,2026-08-26T20:28:58.000000Z,2026-08-26,ASCENDING,HHHH,whole,6151.446071,100.000000,63,63,1.000000,-18.383993,-16.365974,-14.383293,-12.339408,-6.844385,-3.857697,0.418527,-11.028683,0.000000,ok
14,Unnamed,NISAR_L2_PR_GCOV_029_024_A_018_4005_DHDH_A_20260826T202858_20260826T202933_P05023_N_F_J_001,2026-08-26T20:28:58.000000Z,2026-08-26,ASCENDING,HVHV,whole,6151.446071,100.000000,63,63,1.000000,-24.849736,-20.806539,-19.518537,-16.420794,-13.074233,-10.076451,-4.405056,-15.969383,0.411874,ok
15,Unnamed,NISAR_L2_PR_GCOV_029_024_A_018_4005_DHDH_A_20260826T202858_20260826T202933_P05023_N_F_J_001,2026-08-26T20:28:58.000000Z,2026-08-26,ASCENDING,HHHH,shoreline,11176.661939,100.000000,112,112,1.000000,-19.426827,-16.470872,-13.660698,-10.898424,-7.550072,-4.153895,1.896009,-10.646982,0.000000,ok
15,Unnamed,NISAR_L2_PR_GCOV_029_024_A_018_4005_DHDH_A_20260826T202858_20260826T202933_P05023_N_F_J_001,2026-08-26T20:28:58.000000Z,2026-08-26,ASCENDING,HVHV,shoreline,11176.661939,100.000000,112,112,1.000000,-23.443637,-20.319079,-19.032088,-16.872307,-13.789627,-10.750193,-7.455006,-16.171544,0.411874,ok
15,Unnamed,NISAR_L2_PR_GCOV_029_024_A_018_4005_DHDH_A_20260826T202858_20260826T202933_P05023_N_F_J_001,2026-08-26T20:28:58.000000Z,2026-08-26,ASCENDING,HHHH,whole,11176.661939,100.000000,112,112,1.000000,-19.426827,-16.470872,-13.660698,-10.898424,-7.550072,-4.153895,1.896009,-10.646982,0.000000,ok
15,Unnamed,NISAR_L2_PR_GCOV_029_024_A_018_4005_DHDH_A_20260826T202858_20260826T202933_P05023_N_F_J_001,2026-08-26T20:28:58.000000Z,2026-08-26,ASCENDING,HVHV,whole,11176.661939,100.000000,112,112,1.000000,-23.443637,-20.319079,-19.032088,-16.872307,-13.789627,-10.750193,-7.455006,-16.171544,0.411874,ok
16,Unnamed,NISAR_L2_PR_GCOV_029_024_A_018_4005_DHDH_A_20260826T202858_20260826T202933_P05023_N_F_J_001,2026-08-26T20:28:58.000000Z,2026-08-26,ASCENDING,HHHH,shoreline,4542.975923,100.000000,45,45,1.000000,-19.219086,-16.996443,-16.375704,-12.041432,-7.581963,-3.928098,-0.247858,-11.141543,0.000000,ok
16,Unnamed,NISAR_L2_PR_GCOV_029_024_A_018_4005_DHDH_A_20260826T202858_20260826T202933_P05023_N_F_J_001,2026-08-26T20:28:58.000000Z,2026-08-26,ASCENDING,HVHV,shoreline,4542.975923,100.000000,45,45,1.000000,-24.166001,-22.574724,-20.332353,-18.591383,-15.521713,-11.765164,-7.667291,-17.514118,0.411874,ok
16,Unnamed,NISAR_L2_PR_GCOV_029_024_A_018_4005_DHDH_A_20260826T202858_20260826T202933_P05023_N_F_J_001,2026-08-26T20:28:58.000000Z,2026-08-26,ASCENDING,HHHH,whole,4542.975923,100.000000,45,45,1.000000,-19.219086,-16.996443,-16.375704,-12.041432,-7.581963,-3.928098,-0.247858,-11.141543,0.000000,ok
16,Unnamed,NISAR_L2_PR_GCOV_029_024_A_018_4005_DHDH_A_20260826T202858_20260826T202933_P05023_N_F_J_001,2026-08-26T20:28:58.000000Z,2026-08-26,ASCENDING,HVHV,whole,4542.975923,100.000000,45,45,1.000000,-24.166001,-22.574724,-20.332353,-18.591383,-15.521713,-11.765164,-7.667291,-17.514118,0.411874,ok
17,Unnamed,NISAR_L2_PR_GCOV_029_024_A_018_4005_DHDH_A_20260826T202858_20260826T202933_P05023_N_F_J_001,2026-08-26T20:28:58.000000Z,2026-08-26,ASCENDING,HHHH,shoreline,9008.570954,100.000000,90,90,1.000000,-18.874923,-15.618845,-13.756838,-9.888853,-6.150123,-3.773282,5.638145,-9.808856,0.000000,ok
17,Unnamed,NISAR_L2_PR_GCOV_029_024_A_018_4005_DHDH_A_20260826T202858_20260826T202933_P05023_N_F_J_001,2026-08-26T20:28:58.000000Z,2026-08-26,ASCENDING,HVHV,shoreline,9008.570954,100.000000,90,90,1.000000,-23.603987,-22.061856,-19.931343,-16.219490,-12.918617,-9.686287,-5.607492,-16.118735,0.411874,ok
17,Unnamed,NISAR_L2_PR_GCOV_029_024_A_018_4005_DHDH_A_20260826T202858_20260826T202933_P05023_N_F_J_001,2026-08-26T20:28:58.000000Z,2026-08-26,ASCENDING,HHHH,whole,9008.570954,100.000000,90,90,1.000000,-18.874923,-15.618845,-13.756838,-9.888853,-6.150123,-3.773282,5.638145,-9.808856,0.000000,ok
17,Unnamed,NISAR_L2_PR_GCOV_029_024_A_018_4005_DHDH_A_20260826T202858_20260826T202933_P05023_N_F_J_001,2026-08-26T20:28:58.000000Z,2026-08-26,ASCENDING,HVHV,whole,9008.570954,100.000000,90,90,1.000000,-23.603987,-22.061856,-19.931343,-16.219490,-12.918617,-9.686287,-5.607492,-16.118735,0.411874,ok
18,Unnamed,NISAR_L2_PR_GCOV_029_024_A_018_4005_DHDH_A_20260826T202858_20260826T202933_P05023_N_F_J_001,2026-08-26T20:28:58.000000Z,2026-08-26,ASCENDING,HHHH,core,118503.797474,100.000000,1184,1184,1.000000,-24.537207,-18.273908,-16.973504,-15.560415,-13.876760,-12.004915,2.056431,-15.246196,0.000000,ok
18,Unnamed,NISAR_L2_PR_GCOV_029_024_A_018_4005_DHDH_A_20260826T202858_20260826T202933_P05023_N_F_J_001,2026-08-26T20:28:58.000000Z,2026-08-26,ASCENDING,HVHV,core,118503.797474,100.000000,1184,1184,1.000000,-29.423357,-24.001619,-22.732721,-21.332869,-20.047296,-18.769428,-10.764332,-21.359323,0.411874,ok
18,Unnamed,NISAR_L2_PR_GCOV_029_024_A_018_4005_DHDH_A_20260826T202858_20260826T202933_P05023_N_F_J_001,2026-08-26T20:28:58.000000Z,2026-08-26,ASCENDING,HHHH,shoreline,155455.397743,100.000000,1557,1557,1.000000,-21.893942,-16.579008,-14.779674,-12.362394,-9.036802,-4.953746,4.147245,-11.564521,0.000000,ok
18,Unnamed,NISAR_L2_PR_GCOV_029_024_A_018_4005_DHDH_A_20260826T202858_20260826T202933_P05023_N_F_J_001,2026-08-26T20:28:58.000000Z,2026-08-26,ASCENDING,HVHV,shoreline,155455.397743,100.000000,1557,1557,1.000000,-28.880651,-22.627808,-21.059923,-19.203112,-16.976368,-13.794260,-5.819057,-18.695898,0.411874,ok
18,Unnamed,NISAR_L2_PR_GCOV_029_024_A_018_4005_DHDH_A_20260826T202858_20260826T202933_P05023_N_F_J_001,2026-08-26T20:28:58.000000Z,2026-08-26,ASCENDING,HHHH,whole,273959.195218,100.000000,2741,2741,1.000000,-24.537207,-17.623039,-16.170633,-14.066630,-11.261177,-6.960294,4.147245,-13.154854,0.000000,ok
18,Unnamed,NISAR_L2_PR_GCOV_029_024_A_018_4005_DHDH_A_20260826T202858_20260826T202933_P05023_N_F_J_001,2026-08-26T20:28:58.000000Z,2026-08-26,ASCENDING,HVHV,whole,273959.195218,100.000000,2741,2741,1.000000,-29.423357,-23.337515,-21.995657,-20.334198,-18.320405,-15.766215,-5.819057,-19.846389,0.411874,ok
19,Unnamed,NISAR_L2_PR_GCOV_029_024_A_018_4005_DHDH_A_20260826T202858_20260826T202933_P05023_N_F_J_001,2026-08-26T20:28:58.000000Z,2026-08-26,ASCENDING,HHHH,core,5376.480528,100.000000,55,55,1.000000,-19.946441,-18.073920,-16.605346,-15.133582,-13.692132,-9.797622,-8.575877,-14.791875,0.000000,ok
19,Unnamed,NISAR_L2_PR_GCOV_029_024_A_018_4005_DHDH_A_20260826T202858_20260826T202933_P05023_N_F_J_001,2026-08-26T20:28:58.000000Z,2026-08-26,ASCENDING,HVHV,core,5376.480528,100.000000,55,55,1.000000,-25.379853,-23.341765,-22.192432,-20.064418,-18.913009,-17.262477,-15.667581,-20.383769,0.411874,ok
19,Unnamed,NISAR_L2_PR_GCOV_029_024_A_018_4005_DHDH_A_20260826T202858_20260826T202933_P05023_N_F_J_001,2026-08-26T20:28:58.000000Z,2026-08-26,ASCENDING,HHHH,shoreline,82008.590567,100.000000,820,820,1.000000,-21.836827,-15.963420,-13.866871,-11.330122,-8.169861,-4.966428,4.128691,-10.818971,0.000000,ok
19,Unnamed,NISAR_L2_PR_GCOV_029_024_A_018_4005_DHDH_A_20260826T202858_20260826T202933_P05023_N_F_J_001,2026-08-26T20:28:58.000000Z,2026-08-26,ASCENDING,HVHV,shoreline,82008.590567,100.000000,820,820,1.000000,-27.514191,-22.305970,-20.547679,-18.432226,-15.571896,-12.464165,-2.786105,-17.842571,0.411874,ok
19,Unnamed,NISAR_L2_PR_GCOV_029_024_A_018_4005_DHDH_A_20260826T202858_20260826T202933_P05023_N_F_J_001,2026-08-26T20:28:58.000000Z,2026-08-26,ASCENDING,HHHH,whole,87385.071095,100.000000,875,875,1.000000,-21.836827,-16.316168,-14.290264,-11.617921,-8.429731,-5.253097,4.128691,-11.068696,0.000000,ok
19,Unnamed,NISAR_L2_PR_GCOV_029_024_A_018_4005_DHDH_A_20260826T202858_20260826T202933_P05023_N_F_J_001,2026-08-26T20:28:58.000000Z,2026-08-26,ASCENDING,HVHV,whole,87385.071095,100.000000,875,875,1.000000,-27.514191,-22.397733,-20.650264,-18.632565,-15.806540,-12.568419,-2.786105,-18.002303,0.411874,ok
2,Unnamed,NISAR_L2_PR_GCOV_029_024_A_018_4005_DHDH_A_20260826T202858_20260826T202933_P05023_N_F_J_001,2026-08-26T20:28:58.000000Z,2026-08-26,ASCENDING,HHHH,core,3277.550963,100.000000,32,32,1.000000,-17.759518,-17.353040,-16.052509,-15.474931,-14.333634,-11.478481,-10.118252,-14.949336,0.000000,ok
2,Unnamed,NISAR_L2_PR_GCOV_029_024_A_018_4005_DHDH_A_20260826T202858_20260826T202933_P05023_N_F_J_001,2026-08-26T20:28:58.000000Z,2026-08-26,ASCENDING,HVHV,core,3277.550963,100.000000,32,32,1.000000,-28.641028,-24.651070,-23.972591,-22.682748,-21.747703,-20.840741,-19.711881,-22.894522,0.411874,ok
2,Unnamed,NISAR_L2_PR_GCOV_029_024_A_018_4005_DHDH_A_20260826T202858_20260826T202933_P05023_N_F_J_001,2026-08-26T20:28:58.000000Z,2026-08-26,ASCENDING,HHHH,shoreline,30352.017361,100.000000,299,299,1.000000,-19.355235,-16.509399,-15.314977,-13.581915,-11.794953,-9.860921,-2.204549,-13.338216,0.000000,ok
2,Unnamed,NISAR_L2_PR_GCOV_029_024_A_018_4005_DHDH_A_20260826T202858_20260826T202933_P05023_N_F_J_001,2026-08-26T20:28:58.000000Z,2026-08-26,ASCENDING,HVHV,shoreline,30352.017361,100.000000,299,299,1.000000,-27.804018,-24.153700,-22.884763,-21.301999,-19.562806,-17.089175,-7.032931,-20.817487,0.411874,ok
2,Unnamed,NISAR_L2_PR_GCOV_029_024_A_018_4005_DHDH_A_20260826T202858_20260826T202933_P05023_N_F_J_001,2026-08-26T20:28:58.000000Z,2026-08-26,ASCENDING,HHHH,whole,33629.568324,100.000000,331,331,1.000000,-19.355235,-16.596800,-15.512714,-13.752710,-11.935567,-9.960363,-2.204549,-13.493974,0.000000,ok
2,Unnamed,NISAR_L2_PR_GCOV_029_024_A_018_4005_DHDH_A_20260826T202858_20260826T202933_P05023_N_F_J_001,2026-08-26T20:28:58.000000Z,2026-08-26,ASCENDING,HVHV,whole,33629.568324,100.000000,331,331,1.000000,-28.641028,-24.299252,-22.960118,-21.505437,-19.761755,-17.615379,-7.032931,-21.018288,0.411874,ok
20,Unnamed,NISAR_L2_PR_GCOV_029_024_A_018_4005_DHDH_A_20260826T202858_20260826T202933_P05023_N_F_J_001,2026-08-26T20:28:58.000000Z,2026-08-26,ASCENDING,HHHH,core,2083.796132,100.000000,21,21,1.000000,-18.697476,-18.128410,-17.184585,-15.983056,-14.892360,-13.171538,-12.656327,-15.853937,0.000000,ok
20,Unnamed,NISAR_L2_PR_GCOV_029_024_A_018_4005_DHDH_A_20260826T202858_20260826T202933_P05023_N_F_J_001,2026-08-26T20:28:58.000000Z,2026-08-26,ASCENDING,HVHV,core,2083.796132,100.000000,21,21,1.000000,-25.424349,-24.651956,-23.302155,-22.545079,-20.768211,-20.188229,-18.241025,-22.142578,0.411874,ok
20,Unnamed,NISAR_L2_PR_GCOV_029_024_A_018_4005_DHDH_A_20260826T202858_20260826T202933_P05023_N_F_J_001,2026-08-26T20:28:58.000000Z,2026-08-26,ASCENDING,HHHH,shoreline,47295.150140,100.000000,474,474,1.000000,-24.102958,-18.689539,-17.165843,-15.231486,-12.754377,-8.878446,-0.504651,-14.534082,0.000000,ok
20,Unnamed,NISAR_L2_PR_GCOV_029_024_A_018_4005_DHDH_A_20260826T202858_20260826T202933_P05023_N_F_J_001,2026-08-26T20:28:58.000000Z,2026-08-26,ASCENDING,HVHV,shoreline,47295.150140,100.000000,474,474,1.000000,-28.046114,-24.085544,-22.635878,-20.955136,-19.119601,-16.214195,-6.837841,-20.569958,0.411874,ok
20,Unnamed,NISAR_L2_PR_GCOV_029_024_A_018_4005_DHDH_A_20260826T202858_20260826T202933_P05023_N_F_J_001,2026-08-26T20:28:58.000000Z,2026-08-26,ASCENDING,HHHH,whole,49378.946273,100.000000,495,495,1.000000,-24.102958,-18.669020,-17.180203,-15.271279,-12.821444,-8.986570,-0.504651,-14.590076,0.000000,ok
20,Unnamed,NISAR_L2_PR_GCOV_029_024_A_018_4005_DHDH_A_20260826T202858_20260826T202933_P05023_N_F_J_001,2026-08-26T20:28:58.000000Z,2026-08-26,ASCENDING,HVHV,whole,49378.946273,100.000000,495,495,1.000000,-28.046114,-24.097364,-22.653185,-20.981015,-19.195746,-16.345789,-6.837841,-20.636675,0.411874,ok
21,Unnamed,NISAR_L2_PR_GCOV_029_024_A_018_4005_DHDH_A_20260826T202858_20260826T202933_P05023_N_F_J_001,2026-08-26T20:28:58.000000Z,2026-08-26,ASCENDING,HHHH,core,2786.707526,100.000000,27,27,1.000000,-19.276075,-18.005906,-16.824233,-15.204252,-12.735483,-6.046675,-5.054947,-13.946560,0.000000,ok
21,Unnamed,NISAR_L2_PR_GCOV_029_024_A_018_4005_DHDH_A_20260826T202858_20260826T202933_P05023_N_F_J_001,2026-08-26T20:28:58.000000Z,2026-08-26,ASCENDING,HVHV,core,2786.707526,100.000000,27,27,1.000000,-26.259075,-23.411379,-21.353359,-19.924966,-17.088262,-11.839724,-10.923219,-18.938197,0.411874,ok
21,Unnamed,NISAR_L2_PR_GCOV_029_024_A_018_4005_DHDH_A_20260826T202858_20260826T202933_P05023_N_F_J_001,2026-08-26T20:28:58.000000Z,2026-08-26,ASCENDING,HHHH,shoreline,71791.547537,100.000000,716,716,1.000000,-20.700890,-16.794426,-14.883985,-12.342453,-8.685201,-5.196904,0.933488,-11.632600,0.000000,ok
21,Unnamed,NISAR_L2_PR_GCOV_029_024_A_018_4005_DHDH_A_20260826T202858_20260826T202933_P05023_N_F_J_001,2026-08-26T20:28:58.000000Z,2026-08-26,ASCENDING,HVHV,shoreline,71791.547537,100.000000,716,716,1.000000,-27.126929,-22.500655,-21.004929,-18.450882,-14.956889,-11.517338,-3.445358,-17.702251,0.411874,ok
21,Unnamed,NISAR_L2_PR_GCOV_029_024_A_018_4005_DHDH_A_20260826T202858_20260826T202933_P05023_N_F_J_001,2026-08-26T20:28:58.000000Z,2026-08-26,ASCENDING,HHHH,whole,74578.255063,100.000000,743,743,1.000000,-20.700890,-16.853169,-14.940153,-12.471243,-8.732527,-5.233185,0.933488,-11.716687,0.000000,ok
21,Unnamed,NISAR_L2_PR_GCOV_029_024_A_018_4005_DHDH_A_20260826T202858_20260826T202933_P05023_N_F_J_001,2026-08-26T20:28:58.000000Z,2026-08-26,ASCENDING,HVHV,whole,74578.255063,100.000000,743,743,1.000000,-27.126929,-22.523637,-21.005157,-18.475412,-15.049662,-11.536785,-3.445358,-17.747164,0.411874,ok
22,Unnamed,NISAR_L2_PR_GCOV_029_024_A_018_4005_DHDH_A_20260826T202858_20260826T202933_P05023_N_F_J_001,2026-08-26T20:28:58.000000Z,2026-08-26,ASCENDING,HHHH,core,7912.597630,100.000000,78,78,1.000000,-23.096104,-21.563271,-19.948142,-18.635566,-17.472097,-16.208203,-14.692353,-18.812505,0.000000,ok
22,Unnamed,NISAR_L2_PR_GCOV_029_024_A_018_4005_DHDH_A_20260826T202858_20260826T202933_P05023_N_F_J_001,2026-08-26T20:28:58.000000Z,2026-08-26,ASCENDING,HVHV,core,7912.597630,100.000000,78,78,1.000000,-26.807077,-25.816716,-24.237048,-22.312445,-21.055688,-19.990909,-16.689147,-22.647139,0.411874,ok
22,Unnamed,NISAR_L2_PR_GCOV_029_024_A_018_4005_DHDH_A_20260826T202858_20260826T202933_P05023_N_F_J_001,2026-08-26T20:28:58.000000Z,2026-08-26,ASCENDING,HHHH,shoreline,41207.491649,100.000000,409,409,1.000000,-23.509170,-20.417728,-19.070284,-17.741444,-16.372559,-14.320119,0.840784,-17.338715,0.000000,ok
22,Unnamed,NISAR_L2_PR_GCOV_029_024_A_018_4005_DHDH_A_20260826T202858_20260826T202933_P05023_N_F_J_001,2026-08-26T20:28:58.000000Z,2026-08-26,ASCENDING,HVHV,shoreline,41207.491649,100.000000,409,409,1.000000,-27.528710,-24.224567,-23.038195,-21.848301,-20.349265,-19.112041,-8.170938,-21.535327,0.411874,ok
22,Unnamed,NISAR_L2_PR_GCOV_029_024_A_018_4005_DHDH_A_20260826T202858_20260826T202933_P05023_N_F_J_001,2026-08-26T20:28:58.000000Z,2026-08-26,ASCENDING,HHHH,whole,49120.089278,100.000000,487,487,1.000000,-23.509170,-20.556058,-19.301814,-17.902021,-16.691525,-14.701741,0.840784,-17.574764,0.000000,ok
22,Unnamed,NISAR_L2_PR_GCOV_029_024_A_018_4005_DHDH_A_20260826T202858_20260826T202933_P05023_N_F_J_001,2026-08-26T20:28:58.000000Z,2026-08-26,ASCENDING,HVHV,whole,49120.089278,100.000000,487,487,1.000000,-27.528710,-24.514919,-23.161465,-21.882946,-20.417834,-19.232328,-8.170938,-21.713399,0.411874,ok
23,Unnamed,NISAR_L2_PR_GCOV_029_024_A_018_4005_DHDH_A_20260826T202858_20260826T202933_P05023_N_F_J_001,2026-08-26T20:28:58.000000Z,2026-08-26,ASCENDING,HHHH,core,3617.292935,100.000000,35,35,1.000000,-22.533373,-20.495202,-19.606539,-18.651614,-17.560242,-16.424791,-14.606694,-18.576242,0.000000,ok
23,Unnamed,NISAR_L2_PR_GCOV_029_024_A_018_4005_DHDH_A_20260826T202858_20260826T202933_P05023_N_F_J_001,2026-08-26T20:28:58.000000Z,2026-08-26,ASCENDING,HVHV,core,3617.292935,100.000000,35,35,1.000000,-28.959683,-24.652026,-23.531846,-22.202438,-20.779442,-19.970585,-18.973446,-22.369940,0.411874,ok
23,Unnamed,NISAR_L2_PR_GCOV_029_024_A_018_4005_DHDH_A_20260826T202858_20260826T202933_P05023_N_F_J_001,2026-08-26T20:28:58.000000Z,2026-08-26,ASCENDING,HHHH,shoreline,61852.370253,100.000000,624,624,1.000000,-23.672246,-20.489409,-19.065995,-17.598966,-15.761804,-12.853387,-0.525992,-17.005096,0.000000,ok
23,Unnamed,NISAR_L2_PR_GCOV_029_024_A_018_4005_DHDH_A_20260826T202858_20260826T202933_P05023_N_F_J_001,2026-08-26T20:28:58.000000Z,2026-08-26,ASCENDING,HVHV,shoreline,61852.370253,100.000000,624,624,1.000000,-30.198507,-24.440296,-23.055949,-21.486244,-19.826812,-17.685935,-5.655052,-21.146973,0.411874,ok
23,Unnamed,NISAR_L2_PR_GCOV_029_024_A_018_4005_DHDH_A_20260826T202858_20260826T202933_P05023_N_F_J_001,2026-08-26T20:28:58.000000Z,2026-08-26,ASCENDING,HHHH,whole,65469.663188,100.000000,659,659,1.000000,-23.672246,-20.504756,-19.136286,-17.659431,-15.846026,-12.997633,-0.525992,-17.088541,0.000000,ok
23,Unnamed,NISAR_L2_PR_GCOV_029_024_A_018_4005_DHDH_A_20260826T202858_20260826T202933_P05023_N_F_J_001,2026-08-26T20:28:58.000000Z,2026-08-26,ASCENDING,HVHV,whole,65469.663188,100.000000,659,659,1.000000,-30.198507,-24.463521,-23.119295,-21.517866,-19.883566,-17.896953,-5.655052,-21.211926,0.411874,ok
24,Unnamed,NISAR_L2_PR_GCOV_029_024_A_018_4005_DHDH_A_20260826T202858_20260826T202933_P05023_N_F_J_001,2026-08-26T20:28:58.000000Z,2026-08-26,ASCENDING,HHHH,shoreline,11788.240185,100.000000,122,122,1.000000,-17.374005,-14.477741,-12.571720,-10.111516,-7.915483,-5.111114,-0.627246,-9.987975,0.000000,ok
24,Unnamed,NISAR_L2_PR_GCOV_029_024_A_018_4005_DHDH_A_20260826T202858_20260826T202933_P05023_N_F_J_001,2026-08-26T20:28:58.000000Z,2026-08-26,ASCENDING,HVHV,shoreline,11788.240185,100.000000,122,122,1.000000,-25.815042,-21.225652,-19.595140,-16.786711,-14.021398,-11.294953,-6.990926,-16.452113,0.411874,ok
24,Unnamed,NISAR_L2_PR_GCOV_029_024_A_018_4005_DHDH_A_20260826T202858_20260826T202933_P05023_N_F_J_001,2026-08-26T20:28:58.000000Z,2026-08-26,ASCENDING,HHHH,whole,11788.240185,100.000000,122,122,1.000000,-17.374005,-14.477741,-12.571720,-10.111516,-7.915483,-5.111114,-0.627246,-9.987975,0.000000,ok
24,Unnamed,NISAR_L2_PR_GCOV_029_024_A_018_4005_DHDH_A_20260826T202858_20260826T202933_P05023_N_F_J_001,2026-08-26T20:28:58.000000Z,2026-08-26,ASCENDING,HVHV,whole,11788.240185,100.000000,122,122,1.000000,-25.815042,-21.225652,-19.595140,-16.786711,-14.021398,-11.294953,-6.990926,-16.452113,0.411874,ok
25,Unnamed,NISAR_L2_PR_GCOV_029_024_A_018_4005_DHDH_A_20260826T202858_20260826T202933_P05023_N_F_J_001,2026-08-26T20:28:58.000000Z,2026-08-26,ASCENDING,HHHH,shoreline,30021.819698,100.000000,299,299,1.000000,-21.298716,-16.621367,-15.272393,-13.590380,-12.207790,-10.151634,-3.158147,-13.540190,0.000000,ok
25,Unnamed,NISAR_L2_PR_GCOV_029_024_A_018_4005_DHDH_A_20260826T202858_20260826T202933_P05023_N_F_J_001,2026-08-26T20:28:58.000000Z,2026-08-26,ASCENDING,HVHV,shoreline,30021.819698,100.000000,299,299,1.000000,-27.475697,-23.174463,-21.911459,-20.506368,-19.046651,-16.868037,-11.483853,-20.253950,0.411874,ok
25,Unnamed,NISAR_L2_PR_GCOV_029_024_A_018_4005_DHDH_A_20260826T202858_20260826T202933_P05023_N_F_J_001,2026-08-26T20:28:58.000000Z,2026-08-26,ASCENDING,HHHH,whole,30021.819698,100.000000,299,299,1.000000,-21.298716,-16.621367,-15.272393,-13.590380,-12.207790,-10.151634,-3.158147,-13.540190,0.000000,ok
25,Unnamed,NISAR_L2_PR_GCOV_029_024_A_018_4005_DHDH_A_20260826T202858_20260826T202933_P05023_N_F_J_001,2026-08-26T20:28:58.000000Z,2026-08-26,ASCENDING,HVHV,whole,30021.819698,100.000000,299,299,1.000000,-27.475697,-23.174463,-21.911459,-20.506368,-19.046651,-16.868037,-11.483853,-20.253950,0.411874,ok
26,Unnamed,NISAR_L2_PR_GCOV_029_024_A_018_4005_DHDH_A_20260826T202858_20260826T202933_P05023_N_F_J_001,2026-08-26T20:28:58.000000Z,2026-08-26,ASCENDING,HHHH,shoreline,14439.595936,100.000000,144,144,1.000000,-18.702119,-16.820578,-14.540345,-11.781136,-8.596960,-6.300097,-0.002486,-11.509760,0.000000,ok
26,Unnamed,NISAR_L2_PR_GCOV_029_024_A_018_4005_DHDH_A_20260826T202858_20260826T202933_P05023_N_F_J_001,2026-08-26T20:28:58.000000Z,2026-08-26,ASCENDING,HVHV,shoreline,14439.595936,100.000000,144,144,1.000000,-24.800515,-22.190321,-20.646834,-18.308782,-14.438451,-12.301982,-8.552784,-17.652294,0.411874,ok
26,Unnamed,NISAR_L2_PR_GCOV_029_024_A_018_4005_DHDH_A_20260826T202858_20260826T202933_P05023_N_F_J_001,2026-08-26T20:28:58.000000Z,2026-08-26,ASCENDING,HHHH,whole,14439.595936,100.000000,144,144,1.000000,-18.702119,-16.820578,-14.540345,-11.781136,-8.596960,-6.300097,-0.002486,-11.509760,0.000000,ok
26,Unnamed,NISAR_L2_PR_GCOV_029_024_A_018_4005_DHDH_A_20260826T202858_20260826T202933_P05023_N_F_J_001,2026-08-26T20:28:58.000000Z,2026-08-26,ASCENDING,HVHV,whole,14439.595936,100.000000,144,144,1.000000,-24.800515,-22.190321,-20.646834,-18.308782,-14.438451,-12.301982,-8.552784,-17.652294,0.411874,ok
27,Unnamed,NISAR_L2_PR_GCOV_029_024_A_018_4005_DHDH_A_20260826T202858_20260826T202933_P05023_N_F_J_001,2026-08-26T20:28:58.000000Z,2026-08-26,ASCENDING,HHHH,core,4488.032286,100.000000,46,46,1.000000,-19.635427,-19.077884,-16.707808,-15.544904,-13.262809,-11.971847,-10.202439,-15.300104,0.000000,ok
27,Unnamed,NISAR_L2_PR_GCOV_029_024_A_018_4005_DHDH_A_20260826T202858_20260826T202933_P05023_N_F_J_001,2026-08-26T20:28:58.000000Z,2026-08-26,ASCENDING,HVHV,core,4488.032286,100.000000,46,46,1.000000,-25.802468,-23.922674,-22.830215,-21.415241,-20.208107,-19.511544,-18.046519,-21.524030,0.411874,ok
27,Unnamed,NISAR_L2_PR_GCOV_029_024_A_018_4005_DHDH_A_20260826T202858_20260826T202933_P05023_N_F_J_001,2026-08-26T20:28:58.000000Z,2026-08-26,ASCENDING,HHHH,shoreline,34066.736745,100.000000,345,345,1.000000,-20.338226,-16.178558,-14.586106,-12.696289,-9.493846,-6.165719,0.673291,-11.841925,0.000000,ok
27,Unnamed,NISAR_L2_PR_GCOV_029_024_A_018_4005_DHDH_A_20260826T202858_20260826T202933_P05023_N_F_J_001,2026-08-26T20:28:58.000000Z,2026-08-26,ASCENDING,HVHV,shoreline,34066.736745,100.000000,345,345,1.000000,-26.908526,-24.081196,-22.425935,-20.542470,-17.186914,-12.201146,-3.103336,-19.313891,0.411874,ok
27,Unnamed,NISAR_L2_PR_GCOV_029_024_A_018_4005_DHDH_A_20260826T202858_20260826T202933_P05023_N_F_J_001,2026-08-26T20:28:58.000000Z,2026-08-26,ASCENDING,HHHH,whole,38554.769032,100.000000,391,391,1.000000,-20.338226,-16.475407,-14.901099,-12.972140,-10.187132,-6.355445,0.673291,-12.248770,0.000000,ok
27,Unnamed,NISAR_L2_PR_GCOV_029_024_A_018_4005_DHDH_A_20260826T202858_20260826T202933_P05023_N_F_J_001,2026-08-26T20:28:58.000000Z,2026-08-26,ASCENDING,HVHV,whole,38554.769032,100.000000,391,391,1.000000,-26.908526,-24.084720,-22.469392,-20.697910,-17.881828,-12.557329,-3.103336,-19.573907,0.411874,ok
28,Unnamed,NISAR_L2_PR_GCOV_029_024_A_018_4005_DHDH_A_20260826T202858_20260826T202933_P05023_N_F_J_001,2026-08-26T20:28:58.000000Z,2026-08-26,ASCENDING,HHHH,shoreline,6322.670708,100.000000,64,64,1.000000,-17.086872,-12.726522,-11.360458,-9.445691,-7.610391,-5.641376,-3.506660,-9.463013,0.000000,ok
28,Unnamed,NISAR_L2_PR_GCOV_029_024_A_018_4005_DHDH_A_20260826T202858_20260826T202933_P05023_N_F_J_001,2026-08-26T20:28:58.000000Z,2026-08-26,ASCENDING,HVHV,shoreline,6322.670708,100.000000,64,64,1.000000,-24.122411,-21.088200,-19.470238,-17.671016,-14.981825,-12.535154,-10.687914,-17.364358,0.411874,ok
28,Unnamed,NISAR_L2_PR_GCOV_029_024_A_018_4005_DHDH_A_20260826T202858_20260826T202933_P05023_N_F_J_001,2026-08-26T20:28:58.000000Z,2026-08-26,ASCENDING,HHHH,whole,6322.670708,100.000000,64,64,1.000000,-17.086872,-12.726522,-11.360458,-9.445691,-7.610391,-5.641376,-3.506660,-9.463013,0.000000,ok
28,Unnamed,NISAR_L2_PR_GCOV_029_024_A_018_4005_DHDH_A_20260826T202858_20260826T202933_P05023_N_F_J_001,2026-08-26T20:28:58.000000Z,2026-08-26,ASCENDING,HVHV,whole,6322.670708,100.000000,64,64,1.000000,-24.122411,-21.088200,-19.470238,-17.671016,-14.981825,-12.535154,-10.687914,-17.364358,0.411874,ok
29,Unnamed,NISAR_L2_PR_GCOV_029_024_A_018_4005_DHDH_A_20260826T202858_20260826T202933_P05023_N_F_J_001,2026-08-26T20:28:58.000000Z,2026-08-26,ASCENDING,HHHH,shoreline,11156.619258,100.000000,110,110,1.000000,-19.619746,-16.671862,-15.197252,-13.377759,-10.458373,-6.880701,3.016789,-12.255498,0.000000,ok
29,Unnamed,NISAR_L2_PR_GCOV_029_024_A_018_4005_DHDH_A_20260826T202858_20260826T202933_P05023_N_F_J_001,2026-08-26T20:28:58.000000Z,2026-08-26,ASCENDING,HVHV,shoreline,11156.619258,100.000000,110,110,1.000000,-25.570195,-22.823998,-21.197437,-19.297133,-15.947166,-11.254532,-3.810935,-18.114315,0.411874,ok
29,Unnamed,NISAR_L2_PR_GCOV_029_024_A_018_4005_DHDH_A_20260826T202858_20260826T202933_P05023_N_F_J_001,2026-08-26T20:28:58.000000Z,2026-08-26,ASCENDING,HHHH,whole,11156.619258,100.000000,110,110,1.000000,-19.619746,-16.671862,-15.197252,-13.377759,-10.458373,-6.880701,3.016789,-12.255498,0.000000,ok
29,Unnamed,NISAR_L2_PR_GCOV_029_024_A_018_4005_DHDH_A_20260826T202858_20260826T202933_P05023_N_F_J_001,2026-08-26T20:28:58.000000Z,2026-08-26,ASCENDING,HVHV,whole,11156.619258,100.000000,110,110,1.000000,-25.570195,-22.823998,-21.197437,-19.297133,-15.947166,-11.254532,-3.810935,-18.114315,0.411874,ok
3,Unnamed,NISAR_L2_PR_GCOV_029_024_A_018_4005_DHDH_A_20260826T202858_20260826T202933_P05023_N_F_J_001,2026-08-26T20:28:58.000000Z,2026-08-26,ASCENDING,HHHH,shoreline,11434.168985,100.000000,113,113,1.000000,-24.851238,-19.999618,-18.769139,-16.385018,-12.851407,-9.142414,1.031786,-15.426565,0.000000,ok
3,Unnamed,NISAR_L2_PR_GCOV_029_024_A_018_4005_DHDH_A_20260826T202858_20260826T202933_P05023_N_F_J_001,2026-08-26T20:28:58.000000Z,2026-08-26,ASCENDING,HVHV,shoreline,11434.168985,100.000000,113,113,1.000000,-27.431483,-23.494840,-22.150226,-20.573907,-18.711152,-16.594638,-12.545888,-20.318016,0.411874,ok
3,Unnamed,NISAR_L2_PR_GCOV_029_024_A_018_4005_DHDH_A_20260826T202858_20260826T202933_P05023_N_F_J_001,2026-08-26T20:28:58.000000Z,2026-08-26,ASCENDING,HHHH,whole,11434.168985,100.000000,113,113,1.000000,-24.851238,-19.999618,-18.769139,-16.385018,-12.851407,-9.142414,1.031786,-15.426565,0.000000,ok
3,Unnamed,NISAR_L2_PR_GCOV_029_024_A_018_4005_DHDH_A_20260826T202858_20260826T202933_P05023_N_F_J_001,2026-08-26T20:28:58.000000Z,2026-08-26,ASCENDING,HVHV,whole,11434.168985,100.000000,113,113,1.000000,-27.431483,-23.494840,-22.150226,-20.573907,-18.711152,-16.594638,-12.545888,-20.318016,0.411874,ok
30,Unnamed,NISAR_L2_PR_GCOV_029_024_A_018_4005_DHDH_A_20260826T202858_20260826T202933_P05023_N_F_J_001,2026-08-26T20:28:58.000000Z,2026-08-26,ASCENDING,HHHH,shoreline,24517.632812,100.000000,241,241,1.000000,-16.341901,-11.623636,-9.597699,-7.773237,-5.763177,-4.197185,1.035651,-7.788956,0.000000,ok
30,Unnamed,NISAR_L2_PR_GCOV_029_024_A_018_4005_DHDH_A_20260826T202858_20260826T202933_P05023_N_F_J_001,2026-08-26T20:28:58.000000Z,2026-08-26,ASCENDING,HVHV,shoreline,24517.632812,100.000000,241,241,1.000000,-22.720824,-18.743013,-16.797643,-14.547049,-12.589802,-10.654030,-7.067875,-14.631620,0.411874,ok
30,Unnamed,NISAR_L2_PR_GCOV_029_024_A_018_4005_DHDH_A_20260826T202858_20260826T202933_P05023_N_F_J_001,2026-08-26T20:28:58.000000Z,2026-08-26,ASCENDING,HHHH,whole,24517.632812,100.000000,241,241,1.000000,-16.341901,-11.623636,-9.597699,-7.773237,-5.763177,-4.197185,1.035651,-7.788956,0.000000,ok
30,Unnamed,NISAR_L2_PR_GCOV_029_024_A_018_4005_DHDH_A_20260826T202858_20260826T202933_P05023_N_F_J_001,2026-08-26T20:28:58.000000Z,2026-08-26,ASCENDING,HVHV,whole,24517.632812,100.000000,241,241,1.000000,-22.720824,-18.743013,-16.797643,-14.547049,-12.589802,-10.654030,-7.067875,-14.631620,0.411874,ok
31,Unnamed,NISAR_L2_PR_GCOV_029_024_A_018_4005_DHDH_A_20260826T202858_20260826T202933_P05023_N_F_J_001,2026-08-26T20:28:58.000000Z,2026-08-26,ASCENDING,HHHH,core,1481.449039,100.000000,16,16,1.000000,-19.366272,-16.958138,-15.821426,-15.225851,-14.594716,-11.640476,-10.381704,-14.950852,0.000000,ok
31,Unnamed,NISAR_L2_PR_GCOV_029_024_A_018_4005_DHDH_A_20260826T202858_20260826T202933_P05023_N_F_J_001,2026-08-26T20:28:58.000000Z,2026-08-26,ASCENDING,HVHV,core,1481.449039,100.000000,16,16,1.000000,-24.999772,-23.363251,-23.022588,-22.064152,-20.313898,-19.996898,-19.632810,-21.829104,0.411874,ok
31,Unnamed,NISAR_L2_PR_GCOV_029_024_A_018_4005_DHDH_A_20260826T202858_20260826T202933_P05023_N_F_J_001,2026-08-26T20:28:58.000000Z,2026-08-26,ASCENDING,HHHH,shoreline,17270.036923,100.000000,174,174,1.000000,-20.981015,-16.127607,-15.063979,-13.221211,-11.055002,-8.264936,1.257415,-12.692078,0.000000,ok
31,Unnamed,NISAR_L2_PR_GCOV_029_024_A_018_4005_DHDH_A_20260826T202858_20260826T202933_P05023_N_F_J_001,2026-08-26T20:28:58.000000Z,2026-08-26,ASCENDING,HVHV,shoreline,17270.036923,100.000000,174,174,1.000000,-27.487619,-23.251355,-21.931743,-20.686011,-18.764739,-15.695231,-5.731628,-19.876225,0.411874,ok
31,Unnamed,NISAR_L2_PR_GCOV_029_024_A_018_4005_DHDH_A_20260826T202858_20260826T202933_P05023_N_F_J_001,2026-08-26T20:28:58.000000Z,2026-08-26,ASCENDING,HHHH,whole,18751.485962,100.000000,190,190,1.000000,-20.981015,-16.394364,-15.261355,-13.517864,-11.153682,-8.448607,1.257415,-12.882290,0.000000,ok
31,Unnamed,NISAR_L2_PR_GCOV_029_024_A_018_4005_DHDH_A_20260826T202858_20260826T202933_P05023_N_F_J_001,2026-08-26T20:28:58.000000Z,2026-08-26,ASCENDING,HVHV,whole,18751.485962,100.000000,190,190,1.000000,-27.487619,-23.283511,-22.058314,-20.741569,-18.960700,-16.214820,-5.731628,-20.040678,0.411874,ok
32,Unnamed,NISAR_L2_PR_GCOV_029_024_A_018_4005_DHDH_A_20260826T202858_20260826T202933_P05023_N_F_J_001,2026-08-26T20:28:58.000000Z,2026-08-26,ASCENDING,HHHH,core,3445.772556,100.000000,33,33,1.000000,-18.901053,-16.521383,-15.442393,-13.774632,-12.044813,-10.555914,-9.240062,-13.744968,0.000000,ok
32,Unnamed,NISAR_L2_PR_GCOV_029_024_A_018_4005_DHDH_A_20260826T202858_20260826T202933_P05023_N_F_J_001,2026-08-26T20:28:58.000000Z,2026-08-26,ASCENDING,HVHV,core,3445.772556,100.000000,33,33,1.000000,-27.028303,-23.909203,-22.662516,-20.968897,-19.476427,-18.500786,-16.721393,-21.293313,0.411874,ok
32,Unnamed,NISAR_L2_PR_GCOV_029_024_A_018_4005_DHDH_A_20260826T202858_20260826T202933_P05023_N_F_J_001,2026-08-26T20:28:58.000000Z,2026-08-26,ASCENDING,HHHH,shoreline,32863.807375,100.000000,333,333,1.000000,-19.804873,-16.082660,-14.627199,-12.911152,-10.362031,-7.523276,3.692548,-12.173119,0.000000,ok
32,Unnamed,NISAR_L2_PR_GCOV_029_024_A_018_4005_DHDH_A_20260826T202858_20260826T202933_P05023_N_F_J_001,2026-08-26T20:28:58.000000Z,2026-08-26,ASCENDING,HVHV,shoreline,32863.807375,100.000000,333,333,1.000000,-27.396341,-22.932161,-21.723877,-20.063682,-17.333134,-13.048603,-7.421847,-19.096105,0.411874,ok
32,Unnamed,NISAR_L2_PR_GCOV_029_024_A_018_4005_DHDH_A_20260826T202858_20260826T202933_P05023_N_F_J_001,2026-08-26T20:28:58.000000Z,2026-08-26,ASCENDING,HHHH,whole,36309.579932,100.000000,366,366,1.000000,-19.804873,-16.103126,-14.689902,-12.940650,-10.473311,-7.909619,3.692548,-12.314844,0.000000,ok
32,Unnamed,NISAR_L2_PR_GCOV_029_024_A_018_4005_DHDH_A_20260826T202858_20260826T202933_P05023_N_F_J_001,2026-08-26T20:28:58.000000Z,2026-08-26,ASCENDING,HVHV,whole,36309.579932,100.000000,366,366,1.000000,-27.396341,-23.034406,-21.861807,-20.207487,-17.838668,-13.406217,-7.421847,-19.294214,0.411874,ok
33,Unnamed,NISAR_L2_PR_GCOV_029_024_A_018_4005_DHDH_A_20260826T202858_20260826T202933_P05023_N_F_J_001,2026-08-26T20:28:58.000000Z,2026-08-26,ASCENDING,HHHH,shoreline,9956.188808,100.000000,98,98,1.000000,-18.306361,-14.288368,-13.187975,-11.236151,-9.389531,-7.144617,-1.108984,-10.981243,0.000000,ok
33,Unnamed,NISAR_L2_PR_GCOV_029_024_A_018_4005_DHDH_A_20260826T202858_20260826T202933_P05023_N_F_J_001,2026-08-26T20:28:58.000000Z,2026-08-26,ASCENDING,HVHV,shoreline,9956.188808,100.000000,98,98,1.000000,-25.710010,-22.231273,-20.580411,-18.372450,-15.422140,-13.030081,-8.536550,-17.926445,0.411874,ok
33,Unnamed,NISAR_L2_PR_GCOV_029_024_A_018_4005_DHDH_A_20260826T202858_20260826T202933_P05023_N_F_J_001,2026-08-26T20:28:58.000000Z,2026-08-26,ASCENDING,HHHH,whole,9956.188808,100.000000,98,98,1.000000,-18.306361,-14.288368,-13.187975,-11.236151,-9.389531,-7.144617,-1.108984,-10.981243,0.000000,ok
33,Unnamed,NISAR_L2_PR_GCOV_029_024_A_018_4005_DHDH_A_20260826T202858_20260826T202933_P05023_N_F_J_001,2026-08-26T20:28:58.000000Z,2026-08-26,ASCENDING,HVHV,whole,9956.188808,100.000000,98,98,1.000000,-25.710010,-22.231273,-20.580411,-18.372450,-15.422140,-13.030081,-8.536550,-17.926445,0.411874,ok
34,Unnamed,NISAR_L2_PR_GCOV_029_024_A_018_4005_DHDH_A_20260826T202858_20260826T202933_P05023_N_F_J_001,2026-08-26T20:28:58.000000Z,2026-08-26,ASCENDING,HHHH,shoreline,16977.653409,100.000000,170,170,1.000000,-21.711690,-16.745069,-14.982595,-13.033972,-11.290680,-8.548365,0.466049,-12.889191,0.000000,ok
34,Unnamed,NISAR_L2_PR_GCOV_029_024_A_018_4005_DHDH_A_20260826T202858_20260826T202933_P05023_N_F_J_001,2026-08-26T20:28:58.000000Z,2026-08-26,ASCENDING,HVHV,shoreline,16977.653409,100.000000,170,170,1.000000,-27.566866,-23.206442,-22.098901,-20.140941,-18.135371,-14.568610,-7.409056,-19.603035,0.411874,ok
34,Unnamed,NISAR_L2_PR_GCOV_029_024_A_018_4005_DHDH_A_20260826T202858_20260826T202933_P05023_N_F_J_001,2026-08-26T20:28:58.000000Z,2026-08-26,ASCENDING,HHHH,whole,16977.653409,100.000000,170,170,1.000000,-21.711690,-16.745069,-14.982595,-13.033972,-11.290680,-8.548365,0.466049,-12.889191,0.000000,ok
34,Unnamed,NISAR_L2_PR_GCOV_029_024_A_018_4005_DHDH_A_20260826T202858_20260826T202933_P05023_N_F_J_001,2026-08-26T20:28:58.000000Z,2026-08-26,ASCENDING,HVHV,whole,16977.653409,100.000000,170,170,1.000000,-27.566866,-23.206442,-22.098901,-20.140941,-18.135371,-14.568610,-7.409056,-19.603035,0.411874,ok
35,Unnamed,NISAR_L2_PR_GCOV_029_024_A_018_4005_DHDH_A_20260826T202858_20260826T202933_P05023_N_F_J_001,2026-08-26T20:28:58.000000Z,2026-08-26,ASCENDING,HHHH,core,163.178983,100.000000,2,2,1.000000,-12.389558,-12.269227,-12.088729,-11.787900,-11.487071,-11.306574,-11.186242,-11.787900,0.000000,ok
35,Unnamed,NISAR_L2_PR_GCOV_029_024_A_018_4005_DHDH_A_20260826T202858_20260826T202933_P05023_N_F_J_001,2026-08-26T20:28:58.000000Z,2026-08-26,ASCENDING,HVHV,core,163.178983,100.000000,2,2,1.000000,-21.698388,-21.530096,-21.277656,-20.856924,-20.436192,-20.183753,-20.015460,-20.856924,0.411874,ok
35,Unnamed,NISAR_L2_PR_GCOV_029_024_A_018_4005_DHDH_A_20260826T202858_20260826T202933_P05023_N_F_J_001,2026-08-26T20:28:58.000000Z,2026-08-26,ASCENDING,HHHH,shoreline,26376.921634,100.000000,266,266,1.000000,-18.820288,-14.627986,-13.285469,-11.083043,-8.776031,-6.071853,-0.319054,-10.736374,0.000000,ok
35,Unnamed,NISAR_L2_PR_GCOV_029_024_A_018_4005_DHDH_A_20260826T202858_20260826T202933_P05023_N_F_J_001,2026-08-26T20:28:58.000000Z,2026-08-26,ASCENDING,HVHV,shoreline,26376.921634,100.000000,266,266,1.000000,-27.319595,-23.320443,-21.881545,-19.783524,-16.553478,-11.459097,-1.567348,-18.744874,0.411874,ok
35,Unnamed,NISAR_L2_PR_GCOV_029_024_A_018_4005_DHDH_A_20260826T202858_20260826T202933_P05023_N_F_J_001,2026-08-26T20:28:58.000000Z,2026-08-26,ASCENDING,HHHH,whole,26540.100617,100.000000,268,268,1.000000,-18.820288,-14.620977,-13.210403,-11.107049,-8.810443,-6.077767,-0.319054,-10.744221,0.000000,ok
35,Unnamed,NISAR_L2_PR_GCOV_029_024_A_018_4005_DHDH_A_20260826T202858_20260826T202933_P05023_N_F_J_001,2026-08-26T20:28:58.000000Z,2026-08-26,ASCENDING,HVHV,whole,26540.100617,100.000000,268,268,1.000000,-27.319595,-23.313748,-21.872990,-19.807133,-16.650921,-11.474768,-1.567348,-18.760635,0.411874,ok
43,Unnamed,NISAR_L2_PR_GCOV_029_024_A_018_4005_DHDH_A_20260826T202858_20260826T202933_P05023_N_F_J_001,2026-08-26T20:28:58.000000Z,2026-08-26,ASCENDING,HHHH,shoreline,14166.390215,100.000000,143,143,1.000000,-23.030490,-18.407176,-17.000114,-14.730713,-12.476288,-8.149552,-1.201935,-14.220853,0.000000,ok
43,Unnamed,NISAR_L2_PR_GCOV_029_024_A_018_4005_DHDH_A_20260826T202858_20260826T202933_P05023_N_F_J_001,2026-08-26T20:28:58.000000Z,2026-08-26,ASCENDING,HVHV,shoreline,14166.390215,100.000000,143,143,1.000000,-25.107970,-23.783983,-22.334363,-20.435340,-17.803498,-14.396272,-9.754100,-19.673463,0.411874,ok
43,Unnamed,NISAR_L2_PR_GCOV_029_024_A_018_4005_DHDH_A_20260826T202858_20260826T202933_P05023_N_F_J_001,2026-08-26T20:28:58.000000Z,2026-08-26,ASCENDING,HHHH,whole,14166.390215,100.000000,143,143,1.000000,-23.030490,-18.407176,-17.000114,-14.730713,-12.476288,-8.149552,-1.201935,-14.220853,0.000000,ok
43,Unnamed,NISAR_L2_PR_GCOV_029_024_A_018_4005_DHDH_A_20260826T202858_20260826T202933_P05023_N_F_J_001,2026-08-26T20:28:58.000000Z,2026-08-26,ASCENDING,HVHV,whole,14166.390215,100.000000,143,143,1.000000,-25.107970,-23.783983,-22.334363,-20.435340,-17.803498,-14.396272,-9.754100,-19.673463,0.411874,ok
48,Unnamed,NISAR_L2_PR_GCOV_029_024_A_018_4005_DHDH_A_20260826T202858_20260826T202933_P05023_N_F_J_001,2026-08-26T20:28:58.000000Z,2026-08-26,ASCENDING,HHHH,shoreline,3435.845157,100.000000,35,35,1.000000,-19.936328,-17.588558,-16.096241,-13.988111,-11.824312,-10.297893,-6.983269,-13.906459,0.000000,ok
48,Unnamed,NISAR_L2_PR_GCOV_029_024_A_018_4005_DHDH_A_20260826T202858_20260826T202933_P05023_N_F_J_001,2026-08-26T20:28:58.000000Z,2026-08-26,ASCENDING,HVHV,shoreline,3435.845157,100.000000,35,35,1.000000,-23.350765,-20.581550,-19.172848,-17.732958,-15.853479,-14.335475,-12.705121,-17.677976,0.411874,ok
48,Unnamed,NISAR_L2_PR_GCOV_029_024_A_018_4005_DHDH_A_20260826T202858_20260826T202933_P05023_N_F_J_001,2026-08-26T20:28:58.000000Z,2026-08-26,ASCENDING,HHHH,whole,3435.845157,100.000000,35,35,1.000000,-19.936328,-17.588558,-16.096241,-13.988111,-11.824312,-10.297893,-6.983269,-13.906459,0.000000,ok
48,Unnamed,NISAR_L2_PR_GCOV_029_024_A_018_4005_DHDH_A_20260826T202858_20260826T202933_P05023_N_F_J_001,2026-08-26T20:28:58.000000Z,2026-08-26,ASCENDING,HVHV,whole,3435.845157,100.000000,35,35,1.000000,-23.350765,-20.581550,-19.172848,-17.732958,-15.853479,-14.335475,-12.705121,-17.677976,0.411874,ok
0,Unnamed,NISAR_L2_PR_GCOV_030_003_D_072_4005_DHDH_A_20260906T100216_20260906T100251_P05023_N_F_J_002,2026-09-06T10:02:16.000000Z,2026-09-06,DESCENDING,HHHH,shoreline,15668.030102,100.000000,155,155,1.000000,-20.231808,-17.929475,-14.942475,-12.525911,-9.734642,-8.085785,-3.696555,-12.621752,0.309992,ok
0,Unnamed,NISAR_L2_PR_GCOV_030_003_D_072_4005_DHDH_A_20260906T100216_20260906T100251_P05023_N_F_J_002,2026-09-06T10:02:16.000000Z,2026-09-06,DESCENDING,HVHV,shoreline,15668.030102,100.000000,155,155,1.000000,-25.745533,-22.285183,-20.015041,-17.658646,-15.422441,-13.945912,-9.092433,-17.806686,0.380360,ok
0,Unnamed,NISAR_L2_PR_GCOV_030_003_D_072_4005_DHDH_A_20260906T100216_20260906T100251_P05023_N_F_J_002,2026-09-06T10:02:16.000000Z,2026-09-06,DESCENDING,HHHH,whole,15668.030102,100.000000,155,155,1.000000,-20.231808,-17.929475,-14.942475,-12.525911,-9.734642,-8.085785,-3.696555,-12.621752,0.309992,ok
0,Unnamed,NISAR_L2_PR_GCOV_030_003_D_072_4005_DHDH_A_20260906T100216_20260906T100251_P05023_N_F_J_002,2026-09-06T10:02:16.000000Z,2026-09-06,DESCENDING,HVHV,whole,15668.030102,100.000000,155,155,1.000000,-25.745533,-22.285183,-20.015041,-17.658646,-15.422441,-13.945912,-9.092433,-17.806686,0.380360,ok
1,Unnamed,NISAR_L2_PR_GCOV_030_003_D_072_4005_DHDH_A_20260906T100216_20260906T100251_P05023_N_F_J_002,2026-09-06T10:02:16.000000Z,2026-09-06,DESCENDING,HHHH,shoreline,14315.224709,100.000000,141,141,1.000000,-19.877898,-16.279118,-14.747920,-11.481989,-8.706853,-5.850040,-1.500977,-11.452097,0.309992,ok
1,Unnamed,NISAR_L2_PR_GCOV_030_003_D_072_4005_DHDH_A_20260906T100216_20260906T100251_P05023_N_F_J_002,2026-09-06T10:02:16.000000Z,2026-09-06,DESCENDING,HVHV,shoreline,14315.224709,100.000000,141,141,1.000000,-24.305457,-21.811376,-19.150046,-16.588674,-13.933314,-12.144199,-5.579145,-16.571780,0.380360,ok
1,Unnamed,NISAR_L2_PR_GCOV_030_003_D_072_4005_DHDH_A_20260906T100216_20260906T100251_P05023_N_F_J_002,2026-09-06T10:02:16.000000Z,2026-09-06,DESCENDING,HHHH,whole,14315.224709,100.000000,141,141,1.000000,-19.877898,-16.279118,-14.747920,-11.481989,-8.706853,-5.850040,-1.500977,-11.452097,0.309992,ok
1,Unnamed,NISAR_L2_PR_GCOV_030_003_D_072_4005_DHDH_A_20260906T100216_20260906T100251_P05023_N_F_J_002,2026-09-06T10:02:16.000000Z,2026-09-06,DESCENDING,HVHV,whole,14315.224709,100.000000,141,141,1.000000,-24.305457,-21.811376,-19.150046,-16.588674,-13.933314,-12.144199,-5.579145,-16.571780,0.380360,ok
12,Unnamed,NISAR_L2_PR_GCOV_030_003_D_072_4005_DHDH_A_20260906T100216_20260906T100251_P05023_N_F_J_002,2026-09-06T10:02:16.000000Z,2026-09-06,DESCENDING,HHHH,shoreline,6395.508556,100.000000,63,63,1.000000,-19.175106,-16.576091,-15.147539,-11.732432,-8.942815,-4.678790,-1.344477,-11.426000,0.309992,ok
12,Unnamed,NISAR_L2_PR_GCOV_030_003_D_072_4005_DHDH_A_20260906T100216_20260906T100251_P05023_N_F_J_002,2026-09-06T10:02:16.000000Z,2026-09-06,DESCENDING,HVHV,shoreline,6395.508556,100.000000,63,63,1.000000,-23.192370,-20.892030,-19.205562,-16.456226,-12.865263,-11.441940,-7.030881,-16.125933,0.380360,ok
12,Unnamed,NISAR_L2_PR_GCOV_030_003_D_072_4005_DHDH_A_20260906T100216_20260906T100251_P05023_N_F_J_002,2026-09-06T10:02:16.000000Z,2026-09-06,DESCENDING,HHHH,whole,6395.508556,100.000000,63,63,1.000000,-19.175106,-16.576091,-15.147539,-11.732432,-8.942815,-4.678790,-1.344477,-11.426000,0.309992,ok
12,Unnamed,NISAR_L2_PR_GCOV_030_003_D_072_4005_DHDH_A_20260906T100216_20260906T100251_P05023_N_F_J_002,2026-09-06T10:02:16.000000Z,2026-09-06,DESCENDING,HVHV,whole,6395.508556,100.000000,63,63,1.000000,-23.192370,-20.892030,-19.205562,-16.456226,-12.865263,-11.441940,-7.030881,-16.125933,0.380360,ok
13,Unnamed,NISAR_L2_PR_GCOV_030_003_D_072_4005_DHDH_A_20260906T100216_20260906T100251_P05023_N_F_J_002,2026-09-06T10:02:16.000000Z,2026-09-06,DESCENDING,HHHH,shoreline,18329.633771,100.000000,177,177,1.000000,-21.777373,-16.906307,-15.102895,-9.489204,-4.914366,-2.301802,2.030227,-9.837035,0.309992,ok
13,Unnamed,NISAR_L2_PR_GCOV_030_003_D_072_4005_DHDH_A_20260906T100216_20260906T100251_P05023_N_F_J_002,2026-09-06T10:02:16.000000Z,2026-09-06,DESCENDING,HVHV,shoreline,18329.633771,100.000000,177,177,1.000000,-24.173405,-21.147206,-19.760651,-14.136223,-9.555358,-7.513983,-1.947430,-14.460628,0.380360,ok
13,Unnamed,NISAR_L2_PR_GCOV_030_003_D_072_4005_DHDH_A_20260906T100216_20260906T100251_P05023_N_F_J_002,2026-09-06T10:02:16.000000Z,2026-09-06,DESCENDING,HHHH,whole,18329.633771,100.000000,177,177,1.000000,-21.777373,-16.906307,-15.102895,-9.489204,-4.914366,-2.301802,2.030227,-9.837035,0.309992,ok
13,Unnamed,NISAR_L2_PR_GCOV_030_003_D_072_4005_DHDH_A_20260906T100216_20260906T100251_P05023_N_F_J_002,2026-09-06T10:02:16.000000Z,2026-09-06,DESCENDING,HVHV,whole,18329.633771,100.000000,177,177,1.000000,-24.173405,-21.147206,-19.760651,-14.136223,-9.555358,-7.513983,-1.947430,-14.460628,0.380360,ok
14,Unnamed,NISAR_L2_PR_GCOV_030_003_D_072_4005_DHDH_A_20260906T100216_20260906T100251_P05023_N_F_J_002,2026-09-06T10:02:16.000000Z,2026-09-06,DESCENDING,HHHH,shoreline,6151.446071,100.000000,63,63,1.000000,-22.426432,-16.701566,-15.348264,-13.183202,-9.241056,-7.208934,-4.404736,-12.521038,0.309992,ok
14,Unnamed,NISAR_L2_PR_GCOV_030_003_D_072_4005_DHDH_A_20260906T100216_20260906T100251_P05023_N_F_J_002,2026-09-06T10:02:16.000000Z,2026-09-06,DESCENDING,HVHV,shoreline,6151.446071,100.000000,63,63,1.000000,-24.124652,-22.221789,-19.515816,-17.554636,-15.049113,-11.905586,-6.014243,-17.269306,0.380360,ok
14,Unnamed,NISAR_L2_PR_GCOV_030_003_D_072_4005_DHDH_A_20260906T100216_20260906T100251_P05023_N_F_J_002,2026-09-06T10:02:16.000000Z,2026-09-06,DESCENDING,HHHH,whole,6151.446071,100.000000,63,63,1.000000,-22.426432,-16.701566,-15.348264,-13.183202,-9.241056,-7.208934,-4.404736,-12.521038,0.309992,ok
14,Unnamed,NISAR_L2_PR_GCOV_030_003_D_072_4005_DHDH_A_20260906T100216_20260906T100251_P05023_N_F_J_002,2026-09-06T10:02:16.000000Z,2026-09-06,DESCENDING,HVHV,whole,6151.446071,100.000000,63,63,1.000000,-24.124652,-22.221789,-19.515816,-17.554636,-15.049113,-11.905586,-6.014243,-17.269306,0.380360,ok
15,Unnamed,NISAR_L2_PR_GCOV_030_003_D_072_4005_DHDH_A_20260906T100216_20260906T100251_P05023_N_F_J_002,2026-09-06T10:02:16.000000Z,2026-09-06,DESCENDING,HHHH,shoreline,11176.661939,100.000000,112,112,1.000000,-20.106235,-17.717645,-15.620319,-11.317532,-7.802937,-6.017333,-0.106156,-11.519683,0.309992,ok
15,Unnamed,NISAR_L2_PR_GCOV_030_003_D_072_4005_DHDH_A_20260906T100216_20260906T100251_P05023_N_F_J_002,2026-09-06T10:02:16.000000Z,2026-09-06,DESCENDING,HVHV,shoreline,11176.661939,100.000000,112,112,1.000000,-26.618325,-21.797794,-19.737198,-15.983533,-13.360443,-10.320336,-5.816527,-16.175898,0.380360,ok
15,Unnamed,NISAR_L2_PR_GCOV_030_003_D_072_4005_DHDH_A_20260906T100216_20260906T100251_P05023_N_F_J_002,2026-09-06T10:02:16.000000Z,2026-09-06,DESCENDING,HHHH,whole,11176.661939,100.000000,112,112,1.000000,-20.106235,-17.717645,-15.620319,-11.317532,-7.802937,-6.017333,-0.106156,-11.519683,0.309992,ok
15,Unnamed,NISAR_L2_PR_GCOV_030_003_D_072_4005_DHDH_A_20260906T100216_20260906T100251_P05023_N_F_J_002,2026-09-06T10:02:16.000000Z,2026-09-06,DESCENDING,HVHV,whole,11176.661939,100.000000,112,112,1.000000,-26.618325,-21.797794,-19.737198,-15.983533,-13.360443,-10.320336,-5.816527,-16.175898,0.380360,ok
16,Unnamed,NISAR_L2_PR_GCOV_030_003_D_072_4005_DHDH_A_20260906T100216_20260906T100251_P05023_N_F_J_002,2026-09-06T10:02:16.000000Z,2026-09-06,DESCENDING,HHHH,shoreline,4542.975923,100.000000,45,45,1.000000,-19.542693,-16.606857,-15.016585,-12.690129,-9.404895,-7.322645,-4.481744,-12.356026,0.309992,ok
16,Unnamed,NISAR_L2_PR_GCOV_030_003_D_072_4005_DHDH_A_20260906T100216_20260906T100251_P05023_N_F_J_002,2026-09-06T10:02:16.000000Z,2026-09-06,DESCENDING,HVHV,shoreline,4542.975923,100.000000,45,45,1.000000,-23.763091,-22.100355,-21.151413,-18.951959,-16.037639,-14.103636,-11.732370,-18.582286,0.380360,ok
16,Unnamed,NISAR_L2_PR_GCOV_030_003_D_072_4005_DHDH_A_20260906T100216_20260906T100251_P05023_N_F_J_002,2026-09-06T10:02:16.000000Z,2026-09-06,DESCENDING,HHHH,whole,4542.975923,100.000000,45,45,1.000000,-19.542693,-16.606857,-15.016585,-12.690129,-9.404895,-7.322645,-4.481744,-12.356026,0.309992,ok
16,Unnamed,NISAR_L2_PR_GCOV_030_003_D_072_4005_DHDH_A_20260906T100216_20260906T100251_P05023_N_F_J_002,2026-09-06T10:02:16.000000Z,2026-09-06,DESCENDING,HVHV,whole,4542.975923,100.000000,45,45,1.000000,-23.763091,-22.100355,-21.151413,-18.951959,-16.037639,-14.103636,-11.732370,-18.582286,0.380360,ok
17,Unnamed,NISAR_L2_PR_GCOV_030_003_D_072_4005_DHDH_A_20260906T100216_20260906T100251_P05023_N_F_J_002,2026-09-06T10:02:16.000000Z,2026-09-06,DESCENDING,HHHH,shoreline,9008.570954,100.000000,90,90,1.000000,-18.924754,-17.343198,-15.836112,-14.065226,-10.325931,-7.501179,-2.105019,-13.108030,0.309992,ok
17,Unnamed,NISAR_L2_PR_GCOV_030_003_D_072_4005_DHDH_A_20260906T100216_20260906T100251_P05023_N_F_J_002,2026-09-06T10:02:16.000000Z,2026-09-06,DESCENDING,HVHV,shoreline,9008.570954,100.000000,90,90,1.000000,-24.988328,-22.460603,-21.013040,-19.136988,-16.608325,-13.408178,-3.430039,-18.420436,0.380360,ok
17,Unnamed,NISAR_L2_PR_GCOV_030_003_D_072_4005_DHDH_A_20260906T100216_20260906T100251_P05023_N_F_J_002,2026-09-06T10:02:16.000000Z,2026-09-06,DESCENDING,HHHH,whole,9008.570954,100.000000,90,90,1.000000,-18.924754,-17.343198,-15.836112,-14.065226,-10.325931,-7.501179,-2.105019,-13.108030,0.309992,ok
17,Unnamed,NISAR_L2_PR_GCOV_030_003_D_072_4005_DHDH_A_20260906T100216_20260906T100251_P05023_N_F_J_002,2026-09-06T10:02:16.000000Z,2026-09-06,DESCENDING,HVHV,whole,9008.570954,100.000000,90,90,1.000000,-24.988328,-22.460603,-21.013040,-19.136988,-16.608325,-13.408178,-3.430039,-18.420436,0.380360,ok
18,Unnamed,NISAR_L2_PR_GCOV_030_003_D_072_4005_DHDH_A_20260906T100216_20260906T100251_P05023_N_F_J_002,2026-09-06T10:02:16.000000Z,2026-09-06,DESCENDING,HHHH,core,118503.797474,100.000000,1184,1184,1.000000,-22.929723,-17.943428,-16.748771,-15.247523,-13.757602,-11.110400,3.383273,-14.815643,0.309992,ok
18,Unnamed,NISAR_L2_PR_GCOV_030_003_D_072_4005_DHDH_A_20260906T100216_20260906T100251_P05023_N_F_J_002,2026-09-06T10:02:16.000000Z,2026-09-06,DESCENDING,HVHV,core,118503.797474,100.000000,1184,1184,1.000000,-27.292311,-23.038512,-21.728210,-20.348255,-18.989171,-17.475548,-8.476702,-20.191920,0.380360,ok
18,Unnamed,NISAR_L2_PR_GCOV_030_003_D_072_4005_DHDH_A_20260906T100216_20260906T100251_P05023_N_F_J_002,2026-09-06T10:02:16.000000Z,2026-09-06,DESCENDING,HHHH,shoreline,155455.397743,100.000000,1557,1557,1.000000,-21.651678,-15.568507,-13.172526,-10.311145,-7.113787,-3.775986,8.989083,-9.992850,0.309992,ok
18,Unnamed,NISAR_L2_PR_GCOV_030_003_D_072_4005_DHDH_A_20260906T100216_20260906T100251_P05023_N_F_J_002,2026-09-06T10:02:16.000000Z,2026-09-06,DESCENDING,HVHV,shoreline,155455.397743,100.000000,1557,1557,1.000000,-25.854476,-20.870177,-19.213856,-16.952895,-14.444602,-11.583537,-4.509171,-16.624793,0.380360,ok
18,Unnamed,NISAR_L2_PR_GCOV_030_003_D_072_4005_DHDH_A_20260906T100216_20260906T100251_P05023_N_F_J_002,2026-09-06T10:02:16.000000Z,2026-09-06,DESCENDING,HHHH,whole,273959.195218,100.000000,2741,2741,1.000000,-22.929723,-17.236058,-15.543367,-13.055162,-9.132203,-5.606950,8.989083,-12.076099,0.309992,ok
18,Unnamed,NISAR_L2_PR_GCOV_030_003_D_072_4005_DHDH_A_20260906T100216_20260906T100251_P05023_N_F_J_002,2026-09-06T10:02:16.000000Z,2026-09-06,DESCENDING,HVHV,whole,273959.195218,100.000000,2741,2741,1.000000,-27.292311,-22.238045,-20.729518,-18.845416,-16.074763,-13.256395,-4.509171,-18.165646,0.380360,ok
19,Unnamed,NISAR_L2_PR_GCOV_030_003_D_072_4005_DHDH_A_20260906T100216_20260906T100251_P05023_N_F_J_002,2026-09-06T10:02:16.000000Z,2026-09-06,DESCENDING,HHHH,core,5376.480528,100.000000,55,55,1.000000,-18.689352,-16.990180,-15.758668,-14.194855,-11.908341,-10.121808,-8.456683,-13.818262,0.309992,ok
19,Unnamed,NISAR_L2_PR_GCOV_030_003_D_072_4005_DHDH_A_20260906T100216_20260906T100251_P05023_N_F_J_002,2026-09-06T10:02:16.000000Z,2026-09-06,DESCENDING,HVHV,core,5376.480528,100.000000,55,55,1.000000,-22.820076,-21.769031,-20.853322,-19.266270,-17.822646,-16.270848,-14.096259,-19.152374,0.380360,ok
19,Unnamed,NISAR_L2_PR_GCOV_030_003_D_072_4005_DHDH_A_20260906T100216_20260906T100251_P05023_N_F_J_002,2026-09-06T10:02:16.000000Z,2026-09-06,DESCENDING,HHHH,shoreline,82008.590567,100.000000,820,820,1.000000,-20.035822,-15.139770,-12.394237,-9.613283,-6.974924,-3.893573,10.098333,-9.534027,0.309992,ok
19,Unnamed,NISAR_L2_PR_GCOV_030_003_D_072_4005_DHDH_A_20260906T100216_20260906T100251_P05023_N_F_J_002,2026-09-06T10:02:16.000000Z,2026-09-06,DESCENDING,HVHV,shoreline,82008.590567,100.000000,820,820,1.000000,-26.936755,-20.203666,-18.432033,-16.197619,-13.323098,-9.617800,-2.589487,-15.602421,0.380360,ok
19,Unnamed,NISAR_L2_PR_GCOV_030_003_D_072_4005_DHDH_A_20260906T100216_20260906T100251_P05023_N_F_J_002,2026-09-06T10:02:16.000000Z,2026-09-06,DESCENDING,HHHH,whole,87385.071095,100.000000,875,875,1.000000,-20.035822,-15.444030,-12.840651,-9.881826,-7.230649,-4.063829,10.098333,-9.803321,0.309992,ok
19,Unnamed,NISAR_L2_PR_GCOV_030_003_D_072_4005_DHDH_A_20260906T100216_20260906T100251_P05023_N_F_J_002,2026-09-06T10:02:16.000000Z,2026-09-06,DESCENDING,HVHV,whole,87385.071095,100.000000,875,875,1.000000,-26.936755,-20.417612,-18.706192,-16.501470,-13.635993,-9.992503,-2.589487,-15.825561,0.380360,ok
2,Unnamed,NISAR_L2_PR_GCOV_030_003_D_072_4005_DHDH_A_20260906T100216_20260906T100251_P05023_N_F_J_002,2026-09-06T10:02:16.000000Z,2026-09-06,DESCENDING,HHHH,core,3277.550963,100.000000,32,32,1.000000,-21.141268,-18.051868,-17.306093,-15.720701,-14.057645,-12.669317,-10.202960,-15.644745,0.309992,ok
2,Unnamed,NISAR_L2_PR_GCOV_030_003_D_072_4005_DHDH_A_20260906T100216_20260906T100251_P05023_N_F_J_002,2026-09-06T10:02:16.000000Z,2026-09-06,DESCENDING,HVHV,core,3277.550963,100.000000,32,32,1.000000,-25.365582,-24.372900,-23.202094,-21.751844,-20.163354,-19.052231,-17.497814,-21.885376,0.380360,ok
2,Unnamed,NISAR_L2_PR_GCOV_030_003_D_072_4005_DHDH_A_20260906T100216_20260906T100251_P05023_N_F_J_002,2026-09-06T10:02:16.000000Z,2026-09-06,DESCENDING,HHHH,shoreline,30352.017361,100.000000,299,299,1.000000,-21.120579,-18.088537,-16.827088,-15.016322,-13.450952,-11.440796,-1.483830,-14.889658,0.309992,ok
2,Unnamed,NISAR_L2_PR_GCOV_030_003_D_072_4005_DHDH_A_20260906T100216_20260906T100251_P05023_N_F_J_002,2026-09-06T10:02:16.000000Z,2026-09-06,DESCENDING,HVHV,shoreline,30352.017361,100.000000,299,299,1.000000,-27.822832,-23.708004,-22.507013,-21.197789,-19.734054,-18.251399,-1.251111,-20.879446,0.380360,ok
2,Unnamed,NISAR_L2_PR_GCOV_030_003_D_072_4005_DHDH_A_20260906T100216_20260906T100251_P05023_N_F_J_002,2026-09-06T10:02:16.000000Z,2026-09-06,DESCENDING,HHHH,whole,33629.568324,100.000000,331,331,1.000000,-21.141268,-18.084123,-16.888567,-15.073423,-13.474499,-11.542712,-1.483830,-14.962657,0.309992,ok
2,Unnamed,NISAR_L2_PR_GCOV_030_003_D_072_4005_DHDH_A_20260906T100216_20260906T100251_P05023_N_F_J_002,2026-09-06T10:02:16.000000Z,2026-09-06,DESCENDING,HVHV,whole,33629.568324,100.000000,331,331,1.000000,-27.822832,-23.759213,-22.612659,-21.265886,-19.817540,-18.396716,-1.251111,-20.976696,0.380360,ok
20,Unnamed,NISAR_L2_PR_GCOV_030_003_D_072_4005_DHDH_A_20260906T100216_20260906T100251_P05023_N_F_J_002,2026-09-06T10:02:16.000000Z,2026-09-06,DESCENDING,HHHH,core,2083.796132,100.000000,21,21,1.000000,-19.847851,-18.709806,-17.593132,-16.138512,-15.149887,-13.169045,-12.896804,-16.196063,0.309992,ok
20,Unnamed,NISAR_L2_PR_GCOV_030_003_D_072_4005_DHDH_A_20260906T100216_20260906T100251_P05023_N_F_J_002,2026-09-06T10:02:16.000000Z,2026-09-06,DESCENDING,HVHV,core,2083.796132,100.000000,21,21,1.000000,-23.208435,-22.428288,-21.974233,-20.929794,-20.035614,-18.811892,-17.140730,-20.743239,0.380360,ok
20,Unnamed,NISAR_L2_PR_GCOV_030_003_D_072_4005_DHDH_A_20260906T100216_20260906T100251_P05023_N_F_J_002,2026-09-06T10:02:16.000000Z,2026-09-06,DESCENDING,HHHH,shoreline,47295.150140,100.000000,474,474,1.000000,-21.367398,-17.668901,-16.265151,-14.284042,-10.919330,-6.957446,3.645171,-13.232431,0.309992,ok
20,Unnamed,NISAR_L2_PR_GCOV_030_003_D_072_4005_DHDH_A_20260906T100216_20260906T100251_P05023_N_F_J_002,2026-09-06T10:02:16.000000Z,2026-09-06,DESCENDING,HVHV,shoreline,47295.150140,100.000000,474,474,1.000000,-25.781642,-22.871339,-21.450404,-19.519582,-17.682935,-14.604040,-3.527399,-18.949680,0.380360,ok
20,Unnamed,NISAR_L2_PR_GCOV_030_003_D_072_4005_DHDH_A_20260906T100216_20260906T100251_P05023_N_F_J_002,2026-09-06T10:02:16.000000Z,2026-09-06,DESCENDING,HHHH,whole,49378.946273,100.000000,495,495,1.000000,-21.367398,-17.712973,-16.334928,-14.449503,-11.261113,-7.046110,3.645171,-13.358161,0.309992,ok
20,Unnamed,NISAR_L2_PR_GCOV_030_003_D_072_4005_DHDH_A_20260906T100216_20260906T100251_P05023_N_F_J_002,2026-09-06T10:02:16.000000Z,2026-09-06,DESCENDING,HVHV,whole,49378.946273,100.000000,495,495,1.000000,-25.781642,-22.866387,-21.476823,-19.553377,-17.740245,-14.689716,-3.527399,-19.025771,0.380360,ok
21,Unnamed,NISAR_L2_PR_GCOV_030_003_D_072_4005_DHDH_A_20260906T100216_20260906T100251_P05023_N_F_J_002,2026-09-06T10:02:16.000000Z,2026-09-06,DESCENDING,HHHH,core,2786.707526,100.000000,27,27,1.000000,-20.058537,-18.562855,-17.583892,-15.780182,-14.191852,-9.891741,-4.394926,-14.948544,0.309992,ok
21,Unnamed,NISAR_L2_PR_GCOV_030_003_D_072_4005_DHDH_A_20260906T100216_20260906T100251_P05023_N_F_J_002,2026-09-06T10:02:16.000000Z,2026-09-06,DESCENDING,HVHV,core,2786.707526,100.000000,27,27,1.000000,-25.459785,-22.991339,-21.535701,-20.390361,-18.771670,-16.446346,-11.317243,-19.981847,0.380360,ok
21,Unnamed,NISAR_L2_PR_GCOV_030_003_D_072_4005_DHDH_A_20260906T100216_20260906T100251_P05023_N_F_J_002,2026-09-06T10:02:16.000000Z,2026-09-06,DESCENDING,HHHH,shoreline,71791.547537,100.000000,716,716,1.000000,-24.625592,-17.397723,-15.896859,-12.763694,-8.920635,-5.536197,4.533504,-12.089247,0.309992,ok
21,Unnamed,NISAR_L2_PR_GCOV_030_003_D_072_4005_DHDH_A_20260906T100216_20260906T100251_P05023_N_F_J_002,2026-09-06T10:02:16.000000Z,2026-09-06,DESCENDING,HVHV,shoreline,71791.547537,100.000000,716,716,1.000000,-26.932665,-22.103263,-20.344037,-17.960087,-15.040974,-11.970528,-5.202866,-17.462979,0.380360,ok
21,Unnamed,NISAR_L2_PR_GCOV_030_003_D_072_4005_DHDH_A_20260906T100216_20260906T100251_P05023_N_F_J_002,2026-09-06T10:02:16.000000Z,2026-09-06,DESCENDING,HHHH,whole,74578.255063,100.000000,743,743,1.000000,-24.625592,-17.498433,-15.952233,-12.952887,-8.947707,-5.540399,4.533504,-12.193152,0.309992,ok
21,Unnamed,NISAR_L2_PR_GCOV_030_003_D_072_4005_DHDH_A_20260906T100216_20260906T100251_P05023_N_F_J_002,2026-09-06T10:02:16.000000Z,2026-09-06,DESCENDING,HVHV,whole,74578.255063,100.000000,743,743,1.000000,-26.932665,-22.172212,-20.519711,-18.220287,-15.191319,-12.016278,-5.202866,-17.554513,0.380360,ok
22,Unnamed,NISAR_L2_PR_GCOV_030_003_D_072_4005_DHDH_A_20260906T100216_20260906T100251_P05023_N_F_J_002,2026-09-06T10:02:16.000000Z,2026-09-06,DESCENDING,HHHH,core,7912.597630,100.000000,78,78,1.000000,-20.998050,-18.345172,-17.882647,-16.630836,-15.551756,-14.689126,-13.757135,-16.664799,0.309992,ok
22,Unnamed,NISAR_L2_PR_GCOV_030_003_D_072_4005_DHDH_A_20260906T100216_20260906T100251_P05023_N_F_J_002,2026-09-06T10:02:16.000000Z,2026-09-06,DESCENDING,HVHV,core,7912.597630,100.000000,78,78,1.000000,-28.749520,-25.080667,-23.768300,-22.447003,-21.267494,-20.337987,-17.817575,-22.547753,0.380360,ok
22,Unnamed,NISAR_L2_PR_GCOV_030_003_D_072_4005_DHDH_A_20260906T100216_20260906T100251_P05023_N_F_J_002,2026-09-06T10:02:16.000000Z,2026-09-06,DESCENDING,HHHH,shoreline,41207.491649,100.000000,409,409,1.000000,-23.657258,-19.030631,-17.696435,-16.279601,-14.740696,-12.946702,-2.268095,-15.958318,0.309992,ok
22,Unnamed,NISAR_L2_PR_GCOV_030_003_D_072_4005_DHDH_A_20260906T100216_20260906T100251_P05023_N_F_J_002,2026-09-06T10:02:16.000000Z,2026-09-06,DESCENDING,HVHV,shoreline,41207.491649,100.000000,409,409,1.000000,-27.787850,-23.847247,-22.525171,-21.095522,-19.530548,-17.962169,-11.197469,-20.906038,0.380360,ok
22,Unnamed,NISAR_L2_PR_GCOV_030_003_D_072_4005_DHDH_A_20260906T100216_20260906T100251_P05023_N_F_J_002,2026-09-06T10:02:16.000000Z,2026-09-06,DESCENDING,HHHH,whole,49120.089278,100.000000,487,487,1.000000,-23.657258,-18.982887,-17.706565,-16.340385,-14.943673,-13.423372,-2.268095,-16.071471,0.309992,ok
22,Unnamed,NISAR_L2_PR_GCOV_030_003_D_072_4005_DHDH_A_20260906T100216_20260906T100251_P05023_N_F_J_002,2026-09-06T10:02:16.000000Z,2026-09-06,DESCENDING,HVHV,whole,49120.089278,100.000000,487,487,1.000000,-28.749520,-24.013893,-22.705729,-21.555774,-19.765333,-18.138096,-11.197469,-21.168983,0.380360,ok
23,Unnamed,NISAR_L2_PR_GCOV_030_003_D_072_4005_DHDH_A_20260906T100216_20260906T100251_P05023_N_F_J_002,2026-09-06T10:02:16.000000Z,2026-09-06,DESCENDING,HHHH,core,3617.292935,100.000000,35,35,1.000000,-22.429149,-20.356802,-18.949992,-17.676984,-16.694184,-15.842008,-14.015327,-17.848274,0.309992,ok
23,Unnamed,NISAR_L2_PR_GCOV_030_003_D_072_4005_DHDH_A_20260906T100216_20260906T100251_P05023_N_F_J_002,2026-09-06T10:02:16.000000Z,2026-09-06,DESCENDING,HVHV,core,3617.292935,100.000000,35,35,1.000000,-24.240818,-23.801669,-22.721197,-21.760063,-19.882906,-19.144514,-17.813568,-21.479535,0.380360,ok
23,Unnamed,NISAR_L2_PR_GCOV_030_003_D_072_4005_DHDH_A_20260906T100216_20260906T100251_P05023_N_F_J_002,2026-09-06T10:02:16.000000Z,2026-09-06,DESCENDING,HHHH,shoreline,61852.370253,100.000000,624,624,1.000000,-24.992575,-19.581764,-18.348216,-16.662994,-15.012513,-13.226398,-3.043127,-16.400354,0.309992,ok
23,Unnamed,NISAR_L2_PR_GCOV_030_003_D_072_4005_DHDH_A_20260906T100216_20260906T100251_P05023_N_F_J_002,2026-09-06T10:02:16.000000Z,2026-09-06,DESCENDING,HVHV,shoreline,61852.370253,100.000000,624,624,1.000000,-27.313664,-24.158185,-22.733107,-21.129743,-19.559553,-17.979298,-10.314572,-21.077441,0.380360,ok
23,Unnamed,NISAR_L2_PR_GCOV_030_003_D_072_4005_DHDH_A_20260906T100216_20260906T100251_P05023_N_F_J_002,2026-09-06T10:02:16.000000Z,2026-09-06,DESCENDING,HHHH,whole,65469.663188,100.000000,659,659,1.000000,-24.992575,-19.586700,-18.406319,-16.708757,-15.100089,-13.446273,-3.043127,-16.477254,0.309992,ok
23,Unnamed,NISAR_L2_PR_GCOV_030_003_D_072_4005_DHDH_A_20260906T100216_20260906T100251_P05023_N_F_J_002,2026-09-06T10:02:16.000000Z,2026-09-06,DESCENDING,HVHV,whole,65469.663188,100.000000,659,659,1.000000,-27.313664,-24.099640,-22.731833,-21.179309,-19.578942,-18.044908,-10.314572,-21.098797,0.380360,ok
24,Unnamed,NISAR_L2_PR_GCOV_030_003_D_072_4005_DHDH_A_20260906T100216_20260906T100251_P05023_N_F_J_002,2026-09-06T10:02:16.000000Z,2026-09-06,DESCENDING,HHHH,shoreline,11788.240185,100.000000,122,122,1.000000,-19.475326,-15.913774,-14.219564,-11.446193,-6.585673,-4.003075,0.203693,-10.620211,0.309992,ok
24,Unnamed,NISAR_L2_PR_GCOV_030_003_D_072_4005_DHDH_A_20260906T100216_20260906T100251_P05023_N_F_J_002,2026-09-06T10:02:16.000000Z,2026-09-06,DESCENDING,HVHV,shoreline,11788.240185,100.000000,122,122,1.000000,-26.022572,-22.031832,-20.150280,-17.947932,-13.721716,-9.909920,-7.290357,-16.915049,0.380360,ok
24,Unnamed,NISAR_L2_PR_GCOV_030_003_D_072_4005_DHDH_A_20260906T100216_20260906T100251_P05023_N_F_J_002,2026-09-06T10:02:16.000000Z,2026-09-06,DESCENDING,HHHH,whole,11788.240185,100.000000,122,122,1.000000,-19.475326,-15.913774,-14.219564,-11.446193,-6.585673,-4.003075,0.203693,-10.620211,0.309992,ok
24,Unnamed,NISAR_L2_PR_GCOV_030_003_D_072_4005_DHDH_A_20260906T100216_20260906T100251_P05023_N_F_J_002,2026-09-06T10:02:16.000000Z,2026-09-06,DESCENDING,HVHV,whole,11788.240185,100.000000,122,122,1.000000,-26.022572,-22.031832,-20.150280,-17.947932,-13.721716,-9.909920,-7.290357,-16.915049,0.380360,ok
25,Unnamed,NISAR_L2_PR_GCOV_030_003_D_072_4005_DHDH_A_20260906T100216_20260906T100251_P05023_N_F_J_002,2026-09-06T10:02:16.000000Z,2026-09-06,DESCENDING,HHHH,shoreline,30021.819698,100.000000,299,299,1.000000,-20.707770,-18.024724,-16.599118,-14.607053,-12.133385,-8.276778,-1.801375,-13.932512,0.309992,ok
25,Unnamed,NISAR_L2_PR_GCOV_030_003_D_072_4005_DHDH_A_20260906T100216_20260906T100251_P05023_N_F_J_002,2026-09-06T10:02:16.000000Z,2026-09-06,DESCENDING,HVHV,shoreline,30021.819698,100.000000,299,299,1.000000,-26.527608,-23.315210,-21.812422,-19.929140,-17.799468,-13.859998,-6.723028,-19.353805,0.380360,ok
25,Unnamed,NISAR_L2_PR_GCOV_030_003_D_072_4005_DHDH_A_20260906T100216_20260906T100251_P05023_N_F_J_002,2026-09-06T10:02:16.000000Z,2026-09-06,DESCENDING,HHHH,whole,30021.819698,100.000000,299,299,1.000000,-20.707770,-18.024724,-16.599118,-14.607053,-12.133385,-8.276778,-1.801375,-13.932512,0.309992,ok
25,Unnamed,NISAR_L2_PR_GCOV_030_003_D_072_4005_DHDH_A_20260906T100216_20260906T100251_P05023_N_F_J_002,2026-09-06T10:02:16.000000Z,2026-09-06,DESCENDING,HVHV,whole,30021.819698,100.000000,299,299,1.000000,-26.527608,-23.315210,-21.812422,-19.929140,-17.799468,-13.859998,-6.723028,-19.353805,0.380360,ok
26,Unnamed,NISAR_L2_PR_GCOV_030_003_D_072_4005_DHDH_A_20260906T100216_20260906T100251_P05023_N_F_J_002,2026-09-06T10:02:16.000000Z,2026-09-06,DESCENDING,HHHH,shoreline,14439.595936,100.000000,144,144,1.000000,-19.805814,-17.174988,-15.321657,-12.743393,-9.418817,-6.578553,-1.965939,-12.204206,0.309992,ok
26,Unnamed,NISAR_L2_PR_GCOV_030_003_D_072_4005_DHDH_A_20260906T100216_20260906T100251_P05023_N_F_J_002,2026-09-06T10:02:16.000000Z,2026-09-06,DESCENDING,HVHV,shoreline,14439.595936,100.000000,144,144,1.000000,-26.878333,-21.730952,-20.203087,-17.622068,-13.918272,-11.447611,-5.351056,-16.899901,0.380360,ok
26,Unnamed,NISAR_L2_PR_GCOV_030_003_D_072_4005_DHDH_A_20260906T100216_20260906T100251_P05023_N_F_J_002,2026-09-06T10:02:16.000000Z,2026-09-06,DESCENDING,HHHH,whole,14439.595936,100.000000,144,144,1.000000,-19.805814,-17.174988,-15.321657,-12.743393,-9.418817,-6.578553,-1.965939,-12.204206,0.309992,ok
26,Unnamed,NISAR_L2_PR_GCOV_030_003_D_072_4005_DHDH_A_20260906T100216_20260906T100251_P05023_N_F_J_002,2026-09-06T10:02:16.000000Z,2026-09-06,DESCENDING,HVHV,whole,14439.595936,100.000000,144,144,1.000000,-26.878333,-21.730952,-20.203087,-17.622068,-13.918272,-11.447611,-5.351056,-16.899901,0.380360,ok
27,Unnamed,NISAR_L2_PR_GCOV_030_003_D_072_4005_DHDH_A_20260906T100216_20260906T100251_P05023_N_F_J_002,2026-09-06T10:02:16.000000Z,2026-09-06,DESCENDING,HHHH,core,4488.032286,100.000000,46,46,1.000000,-21.827196,-18.618115,-17.501424,-16.486504,-15.197777,-14.588941,-12.393114,-16.452358,0.309992,ok
27,Unnamed,NISAR_L2_PR_GCOV_030_003_D_072_4005_DHDH_A_20260906T100216_20260906T100251_P05023_N_F_J_002,2026-09-06T10:02:16.000000Z,2026-09-06,DESCENDING,HVHV,core,4488.032286,100.000000,46,46,1.000000,-27.103714,-24.432280,-22.616663,-22.208662,-21.119260,-20.025012,-17.795580,-22.133709,0.380360,ok
27,Unnamed,NISAR_L2_PR_GCOV_030_003_D_072_4005_DHDH_A_20260906T100216_20260906T100251_P05023_N_F_J_002,2026-09-06T10:02:16.000000Z,2026-09-06,DESCENDING,HHHH,shoreline,34066.736745,100.000000,345,345,1.000000,-21.251705,-18.149966,-16.914716,-15.243381,-11.982684,-6.907004,0.447138,-13.976380,0.309992,ok
27,Unnamed,NISAR_L2_PR_GCOV_030_003_D_072_4005_DHDH_A_20260906T100216_20260906T100251_P05023_N_F_J_002,2026-09-06T10:02:16.000000Z,2026-09-06,DESCENDING,HVHV,shoreline,34066.736745,100.000000,345,345,1.000000,-27.282192,-23.911517,-22.402286,-20.274724,-17.404371,-12.691430,-5.808631,-19.390205,0.380360,ok
27,Unnamed,NISAR_L2_PR_GCOV_030_003_D_072_4005_DHDH_A_20260906T100216_20260906T100251_P05023_N_F_J_002,2026-09-06T10:02:16.000000Z,2026-09-06,DESCENDING,HHHH,whole,38554.769032,100.000000,391,391,1.000000,-21.827196,-18.219909,-16.958366,-15.452593,-13.052318,-7.481549,0.447138,-14.267672,0.309992,ok
27,Unnamed,NISAR_L2_PR_GCOV_030_003_D_072_4005_DHDH_A_20260906T100216_20260906T100251_P05023_N_F_J_002,2026-09-06T10:02:16.000000Z,2026-09-06,DESCENDING,HVHV,whole,38554.769032,100.000000,391,391,1.000000,-27.282192,-23.936824,-22.533692,-20.578400,-18.357706,-13.195849,-5.808631,-19.712970,0.380360,ok
28,Unnamed,NISAR_L2_PR_GCOV_030_003_D_072_4005_DHDH_A_20260906T100216_20260906T100251_P05023_N_F_J_002,2026-09-06T10:02:16.000000Z,2026-09-06,DESCENDING,HHHH,shoreline,6322.670708,100.000000,64,64,1.000000,-17.036027,-14.545303,-12.715461,-10.835623,-8.631857,-5.884899,-4.273848,-10.631563,0.309992,ok
28,Unnamed,NISAR_L2_PR_GCOV_030_003_D_072_4005_DHDH_A_20260906T100216_20260906T100251_P05023_N_F_J_002,2026-09-06T10:02:16.000000Z,2026-09-06,DESCENDING,HVHV,shoreline,6322.670708,100.000000,64,64,1.000000,-22.244420,-19.266336,-17.875985,-16.400424,-14.078083,-12.106632,-8.875275,-16.006982,0.380360,ok
28,Unnamed,NISAR_L2_PR_GCOV_030_003_D_072_4005_DHDH_A_20260906T100216_20260906T100251_P05023_N_F_J_002,2026-09-06T10:02:16.000000Z,2026-09-06,DESCENDING,HHHH,whole,6322.670708,100.000000,64,64,1.000000,-17.036027,-14.545303,-12.715461,-10.835623,-8.631857,-5.884899,-4.273848,-10.631563,0.309992,ok
28,Unnamed,NISAR_L2_PR_GCOV_030_003_D_072_4005_DHDH_A_20260906T100216_20260906T100251_P05023_N_F_J_002,2026-09-06T10:02:16.000000Z,2026-09-06,DESCENDING,HVHV,whole,6322.670708,100.000000,64,64,1.000000,-22.244420,-19.266336,-17.875985,-16.400424,-14.078083,-12.106632,-8.875275,-16.006982,0.380360,ok
29,Unnamed,NISAR_L2_PR_GCOV_030_003_D_072_4005_DHDH_A_20260906T100216_20260906T100251_P05023_N_F_J_002,2026-09-06T10:02:16.000000Z,2026-09-06,DESCENDING,HHHH,shoreline,11156.619258,100.000000,110,110,1.000000,-19.657332,-16.718436,-15.179180,-13.210704,-9.874229,-6.556331,1.591219,-12.313275,0.309992,ok
29,Unnamed,NISAR_L2_PR_GCOV_030_003_D_072_4005_DHDH_A_20260906T100216_20260906T100251_P05023_N_F_J_002,2026-09-06T10:02:16.000000Z,2026-09-06,DESCENDING,HVHV,shoreline,11156.619258,100.000000,110,110,1.000000,-24.711139,-21.801659,-20.646099,-18.805523,-16.047077,-12.295459,-4.532865,-17.954970,0.380360,ok
29,Unnamed,NISAR_L2_PR_GCOV_030_003_D_072_4005_DHDH_A_20260906T100216_20260906T100251_P05023_N_F_J_002,2026-09-06T10:02:16.000000Z,2026-09-06,DESCENDING,HHHH,whole,11156.619258,100.000000,110,110,1.000000,-19.657332,-16.718436,-15.179180,-13.210704,-9.874229,-6.556331,1.591219,-12.313275,0.309992,ok
29,Unnamed,NISAR_L2_PR_GCOV_030_003_D_072_4005_DHDH_A_20260906T100216_20260906T100251_P05023_N_F_J_002,2026-09-06T10:02:16.000000Z,2026-09-06,DESCENDING,HVHV,whole,11156.619258,100.000000,110,110,1.000000,-24.711139,-21.801659,-20.646099,-18.805523,-16.047077,-12.295459,-4.532865,-17.954970,0.380360,ok
3,Unnamed,NISAR_L2_PR_GCOV_030_003_D_072_4005_DHDH_A_20260906T100216_20260906T100251_P05023_N_F_J_002,2026-09-06T10:02:16.000000Z,2026-09-06,DESCENDING,HHHH,shoreline,11434.168985,100.000000,113,113,1.000000,-22.107794,-17.769192,-15.993869,-13.720106,-10.202266,-7.339509,-1.042007,-13.010926,0.309992,ok
3,Unnamed,NISAR_L2_PR_GCOV_030_003_D_072_4005_DHDH_A_20260906T100216_20260906T100251_P05023_N_F_J_002,2026-09-06T10:02:16.000000Z,2026-09-06,DESCENDING,HVHV,shoreline,11434.168985,100.000000,113,113,1.000000,-26.095329,-21.469572,-20.433623,-18.378109,-15.915424,-12.718110,-6.171088,-17.742542,0.380360,ok
3,Unnamed,NISAR_L2_PR_GCOV_030_003_D_072_4005_DHDH_A_20260906T100216_20260906T100251_P05023_N_F_J_002,2026-09-06T10:02:16.000000Z,2026-09-06,DESCENDING,HHHH,whole,11434.168985,100.000000,113,113,1.000000,-22.107794,-17.769192,-15.993869,-13.720106,-10.202266,-7.339509,-1.042007,-13.010926,0.309992,ok
3,Unnamed,NISAR_L2_PR_GCOV_030_003_D_072_4005_DHDH_A_20260906T100216_20260906T100251_P05023_N_F_J_002,2026-09-06T10:02:16.000000Z,2026-09-06,DESCENDING,HVHV,whole,11434.168985,100.000000,113,113,1.000000,-26.095329,-21.469572,-20.433623,-18.378109,-15.915424,-12.718110,-6.171088,-17.742542,0.380360,ok
30,Unnamed,NISAR_L2_PR_GCOV_030_003_D_072_4005_DHDH_A_20260906T100216_20260906T100251_P05023_N_F_J_002,2026-09-06T10:02:16.000000Z,2026-09-06,DESCENDING,HHHH,shoreline,24517.632812,100.000000,241,241,1.000000,-15.793487,-12.045045,-9.689188,-7.577076,-5.451379,-3.513128,0.254361,-7.597485,0.309992,ok
30,Unnamed,NISAR_L2_PR_GCOV_030_003_D_072_4005_DHDH_A_20260906T100216_20260906T100251_P05023_N_F_J_002,2026-09-06T10:02:16.000000Z,2026-09-06,DESCENDING,HVHV,shoreline,24517.632812,100.000000,241,241,1.000000,-22.821761,-18.199990,-15.744629,-14.010892,-11.558990,-9.896967,-5.880796,-13.790721,0.380360,ok
30,Unnamed,NISAR_L2_PR_GCOV_030_003_D_072_4005_DHDH_A_20260906T100216_20260906T100251_P05023_N_F_J_002,2026-09-06T10:02:16.000000Z,2026-09-06,DESCENDING,HHHH,whole,24517.632812,100.000000,241,241,1.000000,-15.793487,-12.045045,-9.689188,-7.577076,-5.451379,-3.513128,0.254361,-7.597485,0.309992,ok
30,Unnamed,NISAR_L2_PR_GCOV_030_003_D_072_4005_DHDH_A_20260906T100216_20260906T100251_P05023_N_F_J_002,2026-09-06T10:02:16.000000Z,2026-09-06,DESCENDING,HVHV,whole,24517.632812,100.000000,241,241,1.000000,-22.821761,-18.199990,-15.744629,-14.010892,-11.558990,-9.896967,-5.880796,-13.790721,0.380360,ok
31,Unnamed,NISAR_L2_PR_GCOV_030_003_D_072_4005_DHDH_A_20260906T100216_20260906T100251_P05023_N_F_J_002,2026-09-06T10:02:16.000000Z,2026-09-06,DESCENDING,HHHH,core,1481.449039,100.000000,16,16,1.000000,-19.694474,-18.046084,-17.655497,-15.856461,-14.434218,-12.406387,-12.197523,-15.844896,0.309992,ok
31,Unnamed,NISAR_L2_PR_GCOV_030_003_D_072_4005_DHDH_A_20260906T100216_20260906T100251_P05023_N_F_J_002,2026-09-06T10:02:16.000000Z,2026-09-06,DESCENDING,HVHV,core,1481.449039,100.000000,16,16,1.000000,-26.283978,-24.819652,-23.504402,-22.190578,-20.753434,-19.613809,-17.825162,-22.161083,0.380360,ok
31,Unnamed,NISAR_L2_PR_GCOV_030_003_D_072_4005_DHDH_A_20260906T100216_20260906T100251_P05023_N_F_J_002,2026-09-06T10:02:16.000000Z,2026-09-06,DESCENDING,HHHH,shoreline,17270.036923,100.000000,174,174,1.000000,-24.477392,-18.092015,-16.240510,-14.477883,-12.512695,-9.643778,-4.405010,-14.196631,0.309992,ok
31,Unnamed,NISAR_L2_PR_GCOV_030_003_D_072_4005_DHDH_A_20260906T100216_20260906T100251_P05023_N_F_J_002,2026-09-06T10:02:16.000000Z,2026-09-06,DESCENDING,HVHV,shoreline,17270.036923,100.000000,174,174,1.000000,-26.736543,-23.192970,-21.906372,-20.335736,-18.513840,-16.196075,-8.263354,-19.859401,0.380360,ok
31,Unnamed,NISAR_L2_PR_GCOV_030_003_D_072_4005_DHDH_A_20260906T100216_20260906T100251_P05023_N_F_J_002,2026-09-06T10:02:16.000000Z,2026-09-06,DESCENDING,HHHH,whole,18751.485962,100.000000,190,190,1.000000,-24.477392,-18.104326,-16.478864,-14.600178,-12.546057,-10.388041,-4.405010,-14.335432,0.309992,ok
31,Unnamed,NISAR_L2_PR_GCOV_030_003_D_072_4005_DHDH_A_20260906T100216_20260906T100251_P05023_N_F_J_002,2026-09-06T10:02:16.000000Z,2026-09-06,DESCENDING,HVHV,whole,18751.485962,100.000000,190,190,1.000000,-26.736543,-23.471012,-22.138473,-20.422035,-18.569729,-16.369182,-8.263354,-20.053227,0.380360,ok
32,Unnamed,NISAR_L2_PR_GCOV_030_003_D_072_4005_DHDH_A_20260906T100216_20260906T100251_P05023_N_F_J_002,2026-09-06T10:02:16.000000Z,2026-09-06,DESCENDING,HHHH,core,3445.772556,100.000000,33,33,1.000000,-19.449389,-18.735773,-16.858246,-15.743113,-14.565733,-13.564236,-11.424747,-15.837525,0.309992,ok
32,Unnamed,NISAR_L2_PR_GCOV_030_003_D_072_4005_DHDH_A_20260906T100216_20260906T100251_P05023_N_F_J_002,2026-09-06T10:02:16.000000Z,2026-09-06,DESCENDING,HVHV,core,3445.772556,100.000000,33,33,1.000000,-25.321109,-23.646309,-22.728969,-21.389478,-19.820642,-18.905959,-17.361353,-21.302244,0.380360,ok
32,Unnamed,NISAR_L2_PR_GCOV_030_003_D_072_4005_DHDH_A_20260906T100216_20260906T100251_P05023_N_F_J_002,2026-09-06T10:02:16.000000Z,2026-09-06,DESCENDING,HHHH,shoreline,32863.807375,100.000000,333,333,1.000000,-21.201679,-17.835983,-16.296074,-14.651064,-11.547678,-6.870849,0.405629,-13.474406,0.309992,ok
32,Unnamed,NISAR_L2_PR_GCOV_030_003_D_072_4005_DHDH_A_20260906T100216_20260906T100251_P05023_N_F_J_002,2026-09-06T10:02:16.000000Z,2026-09-06,DESCENDING,HVHV,shoreline,32863.807375,100.000000,333,333,1.000000,-27.920672,-22.954637,-21.547597,-19.992865,-16.821982,-11.205947,-2.257384,-18.572918,0.380360,ok
32,Unnamed,NISAR_L2_PR_GCOV_030_003_D_072_4005_DHDH_A_20260906T100216_20260906T100251_P05023_N_F_J_002,2026-09-06T10:02:16.000000Z,2026-09-06,DESCENDING,HHHH,whole,36309.579932,100.000000,366,366,1.000000,-21.201679,-17.943656,-16.511689,-14.784096,-12.051296,-7.094191,0.405629,-13.687474,0.309992,ok
32,Unnamed,NISAR_L2_PR_GCOV_030_003_D_072_4005_DHDH_A_20260906T100216_20260906T100251_P05023_N_F_J_002,2026-09-06T10:02:16.000000Z,2026-09-06,DESCENDING,HVHV,whole,36309.579932,100.000000,366,366,1.000000,-27.920672,-23.084053,-21.643410,-20.232916,-17.122116,-11.654172,-2.257384,-18.819005,0.380360,ok
33,Unnamed,NISAR_L2_PR_GCOV_030_003_D_072_4005_DHDH_A_20260906T100216_20260906T100251_P05023_N_F_J_002,2026-09-06T10:02:16.000000Z,2026-09-06,DESCENDING,HHHH,shoreline,9956.188808,100.000000,98,98,1.000000,-19.481202,-16.915339,-15.039902,-12.134049,-9.793070,-5.886443,-1.784502,-11.944959,0.309992,ok
33,Unnamed,NISAR_L2_PR_GCOV_030_003_D_072_4005_DHDH_A_20260906T100216_20260906T100251_P05023_N_F_J_002,2026-09-06T10:02:16.000000Z,2026-09-06,DESCENDING,HVHV,shoreline,9956.188808,100.000000,98,98,1.000000,-26.013879,-22.715884,-20.235737,-17.732669,-14.497899,-12.250072,-7.625760,-17.497245,0.380360,ok
33,Unnamed,NISAR_L2_PR_GCOV_030_003_D_072_4005_DHDH_A_20260906T100216_20260906T100251_P05023_N_F_J_002,2026-09-06T10:02:16.000000Z,2026-09-06,DESCENDING,HHHH,whole,9956.188808,100.000000,98,98,1.000000,-19.481202,-16.915339,-15.039902,-12.134049,-9.793070,-5.886443,-1.784502,-11.944959,0.309992,ok
33,Unnamed,NISAR_L2_PR_GCOV_030_003_D_072_4005_DHDH_A_20260906T100216_20260906T100251_P05023_N_F_J_002,2026-09-06T10:02:16.000000Z,2026-09-06,DESCENDING,HVHV,whole,9956.188808,100.000000,98,98,1.000000,-26.013879,-22.715884,-20.235737,-17.732669,-14.497899,-12.250072,-7.625760,-17.497245,0.380360,ok
34,Unnamed,NISAR_L2_PR_GCOV_030_003_D_072_4005_DHDH_A_20260906T100216_20260906T100251_P05023_N_F_J_002,2026-09-06T10:02:16.000000Z,2026-09-06,DESCENDING,HHHH,shoreline,16977.653409,100.000000,170,170,1.000000,-23.977321,-18.479510,-17.268751,-15.467705,-12.064308,-7.168391,0.998687,-14.179358,0.309992,ok
34,Unnamed,NISAR_L2_PR_GCOV_030_003_D_072_4005_DHDH_A_20260906T100216_20260906T100251_P05023_N_F_J_002,2026-09-06T10:02:16.000000Z,2026-09-06,DESCENDING,HVHV,shoreline,16977.653409,100.000000,170,170,1.000000,-27.298942,-23.396795,-21.990008,-19.963555,-16.341683,-12.366367,-7.696776,-18.910798,0.380360,ok
34,Unnamed,NISAR_L2_PR_GCOV_030_003_D_072_4005_DHDH_A_20260906T100216_20260906T100251_P05023_N_F_J_002,2026-09-06T10:02:16.000000Z,2026-09-06,DESCENDING,HHHH,whole,16977.653409,100.000000,170,170,1.000000,-23.977321,-18.479510,-17.268751,-15.467705,-12.064308,-7.168391,0.998687,-14.179358,0.309992,ok
34,Unnamed,NISAR_L2_PR_GCOV_030_003_D_072_4005_DHDH_A_20260906T100216_20260906T100251_P05023_N_F_J_002,2026-09-06T10:02:16.000000Z,2026-09-06,DESCENDING,HVHV,whole,16977.653409,100.000000,170,170,1.000000,-27.298942,-23.396795,-21.990008,-19.963555,-16.341683,-12.366367,-7.696776,-18.910798,0.380360,ok
35,Unnamed,NISAR_L2_PR_GCOV_030_003_D_072_4005_DHDH_A_20260906T100216_20260906T100251_P05023_N_F_J_002,2026-09-06T10:02:16.000000Z,2026-09-06,DESCENDING,HHHH,core,163.178983,100.000000,2,2,1.000000,-19.047939,-18.732221,-18.258643,-17.469346,-16.680050,-16.206472,-15.890753,-17.469346,0.309992,ok
35,Unnamed,NISAR_L2_PR_GCOV_030_003_D_072_4005_DHDH_A_20260906T100216_20260906T100251_P05023_N_F_J_002,2026-09-06T10:02:16.000000Z,2026-09-06,DESCENDING,HVHV,core,163.178983,100.000000,2,2,1.000000,-24.034357,-23.688868,-23.170634,-22.306911,-21.443188,-20.924954,-20.579465,-22.306911,0.380360,ok
35,Unnamed,NISAR_L2_PR_GCOV_030_003_D_072_4005_DHDH_A_20260906T100216_20260906T100251_P05023_N_F_J_002,2026-09-06T10:02:16.000000Z,2026-09-06,DESCENDING,HHHH,shoreline,26376.921634,100.000000,266,266,1.000000,-21.459369,-17.629058,-16.162145,-14.124057,-8.446661,-5.223609,0.401946,-12.505515,0.309992,ok
35,Unnamed,NISAR_L2_PR_GCOV_030_003_D_072_4005_DHDH_A_20260906T100216_20260906T100251_P05023_N_F_J_002,2026-09-06T10:02:16.000000Z,2026-09-06,DESCENDING,HVHV,shoreline,26376.921634,100.000000,266,266,1.000000,-26.488453,-22.881571,-21.097463,-19.055364,-14.546319,-11.093985,-5.636148,-17.919487,0.380360,ok
35,Unnamed,NISAR_L2_PR_GCOV_030_003_D_072_4005_DHDH_A_20260906T100216_20260906T100251_P05023_N_F_J_002,2026-09-06T10:02:16.000000Z,2026-09-06,DESCENDING,HHHH,whole,26540.100617,100.000000,268,268,1.000000,-21.459369,-17.697820,-16.182978,-14.138064,-8.480331,-5.234255,0.401946,-12.542559,0.309992,ok
35,Unnamed,NISAR_L2_PR_GCOV_030_003_D_072_4005_DHDH_A_20260906T100216_20260906T100251_P05023_N_F_J_002,2026-09-06T10:02:16.000000Z,2026-09-06,DESCENDING,HVHV,whole,26540.100617,100.000000,268,268,1.000000,-26.488453,-22.924775,-21.109265,-19.112125,-14.607059,-11.122873,-5.636148,-17.952229,0.380360,ok
43,Unnamed,NISAR_L2_PR_GCOV_030_003_D_072_4005_DHDH_A_20260906T100216_20260906T100251_P05023_N_F_J_002,2026-09-06T10:02:16.000000Z,2026-09-06,DESCENDING,HHHH,shoreline,14166.390215,100.000000,143,143,1.000000,-21.376132,-18.406986,-16.401965,-14.773143,-11.063071,-7.714631,-1.548991,-13.703319,0.309992,ok
43,Unnamed,NISAR_L2_PR_GCOV_030_003_D_072_4005_DHDH_A_20260906T100216_20260906T100251_P05023_N_F_J_002,2026-09-06T10:02:16.000000Z,2026-09-06,DESCENDING,HVHV,shoreline,14166.390215,100.000000,143,143,1.000000,-25.202219,-22.496668,-21.185759,-19.150088,-16.382756,-13.496053,-7.675819,-18.548965,0.380360,ok
43,Unnamed,NISAR_L2_PR_GCOV_030_003_D_072_4005_DHDH_A_20260906T100216_20260906T100251_P05023_N_F_J_002,2026-09-06T10:02:16.000000Z,2026-09-06,DESCENDING,HHHH,whole,14166.390215,100.000000,143,143,1.000000,-21.376132,-18.406986,-16.401965,-14.773143,-11.063071,-7.714631,-1.548991,-13.703319,0.309992,ok
43,Unnamed,NISAR_L2_PR_GCOV_030_003_D_072_4005_DHDH_A_20260906T100216_20260906T100251_P05023_N_F_J_002,2026-09-06T10:02:16.000000Z,2026-09-06,DESCENDING,HVHV,whole,14166.390215,100.000000,143,143,1.000000,-25.202219,-22.496668,-21.185759,-19.150088,-16.382756,-13.496053,-7.675819,-18.548965,0.380360,ok
48,Unnamed,NISAR_L2_PR_GCOV_030_003_D_072_4005_DHDH_A_20260906T100216_20260906T100251_P05023_N_F_J_002,2026-09-06T10:02:16.000000Z,2026-09-06,DESCENDING,HHHH,shoreline,3435.845157,100.000000,35,35,1.000000,-17.885063,-17.067657,-15.417321,-13.455322,-10.608401,-8.326362,-5.966008,-12.949522,0.309992,ok
48,Unnamed,NISAR_L2_PR_GCOV_030_003_D_072_4005_DHDH_A_20260906T100216_20260906T100251_P05023_N_F_J_002,2026-09-06T10:02:16.000000Z,2026-09-06,DESCENDING,HVHV,shoreline,3435.845157,100.000000,35,35,1.000000,-21.862865,-20.964714,-20.073650,-17.621123,-14.621855,-11.838121,-8.386878,-16.833452,0.380360,ok
48,Unnamed,NISAR_L2_PR_GCOV_030_003_D_072_4005_DHDH_A_20260906T100216_20260906T100251_P05023_N_F_J_002,2026-09-06T10:02:16.000000Z,2026-09-06,DESCENDING,HHHH,whole,3435.845157,100.000000,35,35,1.000000,-17.885063,-17.067657,-15.417321,-13.455322,-10.608401,-8.326362,-5.966008,-12.949522,0.309992,ok
48,Unnamed,NISAR_L2_PR_GCOV_030_003_D_072_4005_DHDH_A_20260906T100216_20260906T100251_P05023_N_F_J_002,2026-09-06T10:02:16.000000Z,2026-09-06,DESCENDING,HVHV,whole,3435.845157,100.000000,35,35,1.000000,-21.862865,-20.964714,-20.073650,-17.621123,-14.621855,-11.838121,-8.386878,-16.833452,0.380360,ok
0,Unnamed,NISAR_L2_PR_GCOV_030_024_A_018_4005_DHDH_A_20260907T202858_20260907T202933_P05023_N_F_J_001,2026-09-07T20:28:58.000000Z,2026-09-07,ASCENDING,HHHH,shoreline,15668.030102,100.000000,155,155,1.000000,-20.715882,-16.641293,-15.267939,-12.935510,-10.614363,-7.418314,-4.210749,-12.698309,0.510900,ok
0,Unnamed,NISAR_L2_PR_GCOV_030_024_A_018_4005_DHDH_A_20260907T202858_20260907T202933_P05023_N_F_J_001,2026-09-07T20:28:58.000000Z,2026-09-07,ASCENDING,HVHV,shoreline,15668.030102,100.000000,155,155,1.000000,-26.753058,-21.279960,-19.905072,-18.087422,-16.183411,-14.140513,-9.316881,-17.885176,0.644612,ok
0,Unnamed,NISAR_L2_PR_GCOV_030_024_A_018_4005_DHDH_A_20260907T202858_20260907T202933_P05023_N_F_J_001,2026-09-07T20:28:58.000000Z,2026-09-07,ASCENDING,HHHH,whole,15668.030102,100.000000,155,155,1.000000,-20.715882,-16.641293,-15.267939,-12.935510,-10.614363,-7.418314,-4.210749,-12.698309,0.510900,ok
0,Unnamed,NISAR_L2_PR_GCOV_030_024_A_018_4005_DHDH_A_20260907T202858_20260907T202933_P05023_N_F_J_001,2026-09-07T20:28:58.000000Z,2026-09-07,ASCENDING,HVHV,whole,15668.030102,100.000000,155,155,1.000000,-26.753058,-21.279960,-19.905072,-18.087422,-16.183411,-14.140513,-9.316881,-17.885176,0.644612,ok
1,Unnamed,NISAR_L2_PR_GCOV_030_024_A_018_4005_DHDH_A_20260907T202858_20260907T202933_P05023_N_F_J_001,2026-09-07T20:28:58.000000Z,2026-09-07,ASCENDING,HHHH,shoreline,14315.224709,100.000000,141,141,1.000000,-21.373041,-16.522200,-14.421785,-12.346440,-9.080184,-6.731684,-1.407016,-11.875711,0.510900,ok
1,Unnamed,NISAR_L2_PR_GCOV_030_024_A_018_4005_DHDH_A_20260907T202858_20260907T202933_P05023_N_F_J_001,2026-09-07T20:28:58.000000Z,2026-09-07,ASCENDING,HVHV,shoreline,14315.224709,100.000000,141,141,1.000000,-25.676832,-22.272549,-20.515861,-18.132079,-15.562408,-14.121541,-10.427072,-18.077316,0.644612,ok
1,Unnamed,NISAR_L2_PR_GCOV_030_024_A_018_4005_DHDH_A_20260907T202858_20260907T202933_P05023_N_F_J_001,2026-09-07T20:28:58.000000Z,2026-09-07,ASCENDING,HHHH,whole,14315.224709,100.000000,141,141,1.000000,-21.373041,-16.522200,-14.421785,-12.346440,-9.080184,-6.731684,-1.407016,-11.875711,0.510900,ok
1,Unnamed,NISAR_L2_PR_GCOV_030_024_A_018_4005_DHDH_A_20260907T202858_20260907T202933_P05023_N_F_J_001,2026-09-07T20:28:58.000000Z,2026-09-07,ASCENDING,HVHV,whole,14315.224709,100.000000,141,141,1.000000,-25.676832,-22.272549,-20.515861,-18.132079,-15.562408,-14.121541,-10.427072,-18.077316,0.644612,ok
12,Unnamed,NISAR_L2_PR_GCOV_030_024_A_018_4005_DHDH_A_20260907T202858_20260907T202933_P05023_N_F_J_001,2026-09-07T20:28:58.000000Z,2026-09-07,ASCENDING,HHHH,shoreline,6395.508556,100.000000,63,63,1.000000,-20.489878,-14.943263,-13.422504,-11.939421,-7.955824,-4.432412,2.864132,-10.772809,0.510900,ok
12,Unnamed,NISAR_L2_PR_GCOV_030_024_A_018_4005_DHDH_A_20260907T202858_20260907T202933_P05023_N_F_J_001,2026-09-07T20:28:58.000000Z,2026-09-07,ASCENDING,HVHV,shoreline,6395.508556,100.000000,63,63,1.000000,-24.777006,-20.966378,-19.694611,-16.640387,-13.883386,-11.576357,-5.183914,-16.699079,0.644612,ok
12,Unnamed,NISAR_L2_PR_GCOV_030_024_A_018_4005_DHDH_A_20260907T202858_20260907T202933_P05023_N_F_J_001,2026-09-07T20:28:58.000000Z,2026-09-07,ASCENDING,HHHH,whole,6395.508556,100.000000,63,63,1.000000,-20.489878,-14.943263,-13.422504,-11.939421,-7.955824,-4.432412,2.864132,-10.772809,0.510900,ok
12,Unnamed,NISAR_L2_PR_GCOV_030_024_A_018_4005_DHDH_A_20260907T202858_20260907T202933_P05023_N_F_J_001,2026-09-07T20:28:58.000000Z,2026-09-07,ASCENDING,HVHV,whole,6395.508556,100.000000,63,63,1.000000,-24.777006,-20.966378,-19.694611,-16.640387,-13.883386,-11.576357,-5.183914,-16.699079,0.644612,ok
13,Unnamed,NISAR_L2_PR_GCOV_030_024_A_018_4005_DHDH_A_20260907T202858_20260907T202933_P05023_N_F_J_001,2026-09-07T20:28:58.000000Z,2026-09-07,ASCENDING,HHHH,shoreline,18329.633771,100.000000,177,177,1.000000,-25.350648,-18.991134,-17.432429,-15.157622,-11.960055,-9.811956,-4.956692,-14.805423,0.510900,ok
13,Unnamed,NISAR_L2_PR_GCOV_030_024_A_018_4005_DHDH_A_20260907T202858_20260907T202933_P05023_N_F_J_001,2026-09-07T20:28:58.000000Z,2026-09-07,ASCENDING,HVHV,shoreline,18329.633771,100.000000,177,177,1.000000,-27.899036,-22.969080,-21.661724,-19.918864,-17.495545,-14.571705,-10.831472,-19.481950,0.644612,ok
13,Unnamed,NISAR_L2_PR_GCOV_030_024_A_018_4005_DHDH_A_20260907T202858_20260907T202933_P05023_N_F_J_001,2026-09-07T20:28:58.000000Z,2026-09-07,ASCENDING,HHHH,whole,18329.633771,100.000000,177,177,1.000000,-25.350648,-18.991134,-17.432429,-15.157622,-11.960055,-9.811956,-4.956692,-14.805423,0.510900,ok
13,Unnamed,NISAR_L2_PR_GCOV_030_024_A_018_4005_DHDH_A_20260907T202858_20260907T202933_P05023_N_F_J_001,2026-09-07T20:28:58.000000Z,2026-09-07,ASCENDING,HVHV,whole,18329.633771,100.000000,177,177,1.000000,-27.899036,-22.969080,-21.661724,-19.918864,-17.495545,-14.571705,-10.831472,-19.481950,0.644612,ok
14,Unnamed,NISAR_L2_PR_GCOV_030_024_A_018_4005_DHDH_A_20260907T202858_20260907T202933_P05023_N_F_J_001,2026-09-07T20:28:58.000000Z,2026-09-07,ASCENDING,HHHH,shoreline,6151.446071,100.000000,63,63,1.000000,-18.899928,-15.450898,-13.414948,-10.626671,-6.291471,-3.671611,-0.887964,-10.006829,0.510900,ok
14,Unnamed,NISAR_L2_PR_GCOV_030_024_A_018_4005_DHDH_A_20260907T202858_20260907T202933_P05023_N_F_J_001,2026-09-07T20:28:58.000000Z,2026-09-07,ASCENDING,HVHV,shoreline,6151.446071,100.000000,63,63,1.000000,-24.108421,-18.866118,-17.858787,-15.921290,-13.161459,-11.303751,-5.517978,-15.343868,0.644612,ok
14,Unnamed,NISAR_L2_PR_GCOV_030_024_A_018_4005_DHDH_A_20260907T202858_20260907T202933_P05023_N_F_J_001,2026-09-07T20:28:58.000000Z,2026-09-07,ASCENDING,HHHH,whole,6151.446071,100.000000,63,63,1.000000,-18.899928,-15.450898,-13.414948,-10.626671,-6.291471,-3.671611,-0.887964,-10.006829,0.510900,ok
14,Unnamed,NISAR_L2_PR_GCOV_030_024_A_018_4005_DHDH_A_20260907T202858_20260907T202933_P05023_N_F_J_001,2026-09-07T20:28:58.000000Z,2026-09-07,ASCENDING,HVHV,whole,6151.446071,100.000000,63,63,1.000000,-24.108421,-18.866118,-17.858787,-15.921290,-13.161459,-11.303751,-5.517978,-15.343868,0.644612,ok
15,Unnamed,NISAR_L2_PR_GCOV_030_024_A_018_4005_DHDH_A_20260907T202858_20260907T202933_P05023_N_F_J_001,2026-09-07T20:28:58.000000Z,2026-09-07,ASCENDING,HHHH,shoreline,11176.661939,100.000000,112,112,1.000000,-18.031752,-14.482078,-12.939910,-9.639865,-5.821982,-4.534343,1.287719,-9.492160,0.510900,ok
15,Unnamed,NISAR_L2_PR_GCOV_030_024_A_018_4005_DHDH_A_20260907T202858_20260907T202933_P05023_N_F_J_001,2026-09-07T20:28:58.000000Z,2026-09-07,ASCENDING,HVHV,shoreline,11176.661939,100.000000,112,112,1.000000,-22.037913,-19.305106,-18.411033,-15.791438,-12.889745,-11.504511,-5.773933,-15.619789,0.644612,ok
15,Unnamed,NISAR_L2_PR_GCOV_030_024_A_018_4005_DHDH_A_20260907T202858_20260907T202933_P05023_N_F_J_001,2026-09-07T20:28:58.000000Z,2026-09-07,ASCENDING,HHHH,whole,11176.661939,100.000000,112,112,1.000000,-18.031752,-14.482078,-12.939910,-9.639865,-5.821982,-4.534343,1.287719,-9.492160,0.510900,ok
15,Unnamed,NISAR_L2_PR_GCOV_030_024_A_018_4005_DHDH_A_20260907T202858_20260907T202933_P05023_N_F_J_001,2026-09-07T20:28:58.000000Z,2026-09-07,ASCENDING,HVHV,whole,11176.661939,100.000000,112,112,1.000000,-22.037913,-19.305106,-18.411033,-15.791438,-12.889745,-11.504511,-5.773933,-15.619789,0.644612,ok
16,Unnamed,NISAR_L2_PR_GCOV_030_024_A_018_4005_DHDH_A_20260907T202858_20260907T202933_P05023_N_F_J_001,2026-09-07T20:28:58.000000Z,2026-09-07,ASCENDING,HHHH,shoreline,4542.975923,100.000000,45,45,1.000000,-19.381152,-15.656518,-13.822355,-12.095346,-7.234744,-4.561250,-2.326070,-10.761821,0.510900,ok
16,Unnamed,NISAR_L2_PR_GCOV_030_024_A_018_4005_DHDH_A_20260907T202858_20260907T202933_P05023_N_F_J_001,2026-09-07T20:28:58.000000Z,2026-09-07,ASCENDING,HVHV,shoreline,4542.975923,100.000000,45,45,1.000000,-24.108421,-22.851171,-20.715333,-18.528212,-14.267768,-11.689200,-8.369600,-17.534966,0.644612,ok
16,Unnamed,NISAR_L2_PR_GCOV_030_024_A_018_4005_DHDH_A_20260907T202858_20260907T202933_P05023_N_F_J_001,2026-09-07T20:28:58.000000Z,2026-09-07,ASCENDING,HHHH,whole,4542.975923,100.000000,45,45,1.000000,-19.381152,-15.656518,-13.822355,-12.095346,-7.234744,-4.561250,-2.326070,-10.761821,0.510900,ok
16,Unnamed,NISAR_L2_PR_GCOV_030_024_A_018_4005_DHDH_A_20260907T202858_20260907T202933_P05023_N_F_J_001,2026-09-07T20:28:58.000000Z,2026-09-07,ASCENDING,HVHV,whole,4542.975923,100.000000,45,45,1.000000,-24.108421,-22.851171,-20.715333,-18.528212,-14.267768,-11.689200,-8.369600,-17.534966,0.644612,ok
17,Unnamed,NISAR_L2_PR_GCOV_030_024_A_018_4005_DHDH_A_20260907T202858_20260907T202933_P05023_N_F_J_001,2026-09-07T20:28:58.000000Z,2026-09-07,ASCENDING,HHHH,shoreline,9008.570954,100.000000,90,90,1.000000,-17.214687,-15.188091,-14.147065,-12.767832,-8.289647,-4.488442,1.838457,-10.961906,0.510900,ok
17,Unnamed,NISAR_L2_PR_GCOV_030_024_A_018_4005_DHDH_A_20260907T202858_20260907T202933_P05023_N_F_J_001,2026-09-07T20:28:58.000000Z,2026-09-07,ASCENDING,HVHV,shoreline,9008.570954,100.000000,90,90,1.000000,-26.869134,-22.676951,-21.252480,-19.702056,-14.449779,-10.748110,-4.990539,-18.073105,0.644612,ok
17,Unnamed,NISAR_L2_PR_GCOV_030_024_A_018_4005_DHDH_A_20260907T202858_20260907T202933_P05023_N_F_J_001,2026-09-07T20:28:58.000000Z,2026-09-07,ASCENDING,HHHH,whole,9008.570954,100.000000,90,90,1.000000,-17.214687,-15.188091,-14.147065,-12.767832,-8.289647,-4.488442,1.838457,-10.961906,0.510900,ok
17,Unnamed,NISAR_L2_PR_GCOV_030_024_A_018_4005_DHDH_A_20260907T202858_20260907T202933_P05023_N_F_J_001,2026-09-07T20:28:58.000000Z,2026-09-07,ASCENDING,HVHV,whole,9008.570954,100.000000,90,90,1.000000,-26.869134,-22.676951,-21.252480,-19.702056,-14.449779,-10.748110,-4.990539,-18.073105,0.644612,ok
18,Unnamed,NISAR_L2_PR_GCOV_030_024_A_018_4005_DHDH_A_20260907T202858_20260907T202933_P05023_N_F_J_001,2026-09-07T20:28:58.000000Z,2026-09-07,ASCENDING,HHHH,core,118503.797474,100.000000,1184,1184,1.000000,-21.142952,-17.809933,-16.551190,-15.031138,-13.400469,-11.194413,2.678282,-14.556916,0.510900,ok
18,Unnamed,NISAR_L2_PR_GCOV_030_024_A_018_4005_DHDH_A_20260907T202858_20260907T202933_P05023_N_F_J_001,2026-09-07T20:28:58.000000Z,2026-09-07,ASCENDING,HVHV,core,118503.797474,100.000000,1184,1184,1.000000,-26.816519,-23.468610,-22.250218,-20.828220,-19.376007,-17.882520,-8.221408,-20.671378,0.644612,ok
18,Unnamed,NISAR_L2_PR_GCOV_030_024_A_018_4005_DHDH_A_20260907T202858_20260907T202933_P05023_N_F_J_001,2026-09-07T20:28:58.000000Z,2026-09-07,ASCENDING,HHHH,shoreline,155455.397743,100.000000,1557,1557,1.000000,-20.230224,-15.353103,-13.545408,-11.016055,-7.105654,-2.632862,8.340529,-9.905284,0.510900,ok
18,Unnamed,NISAR_L2_PR_GCOV_030_024_A_018_4005_DHDH_A_20260907T202858_20260907T202933_P05023_N_F_J_001,2026-09-07T20:28:58.000000Z,2026-09-07,ASCENDING,HVHV,shoreline,155455.397743,100.000000,1557,1557,1.000000,-27.805267,-21.850310,-20.304720,-18.123198,-15.453792,-12.190154,-3.158456,-17.569736,0.644612,ok
18,Unnamed,NISAR_L2_PR_GCOV_030_024_A_018_4005_DHDH_A_20260907T202858_20260907T202933_P05023_N_F_J_001,2026-09-07T20:28:58.000000Z,2026-09-07,ASCENDING,HHHH,whole,273959.195218,100.000000,2741,2741,1.000000,-21.142952,-16.981945,-15.414423,-13.150013,-9.666269,-4.596179,8.340529,-11.914599,0.510900,ok
18,Unnamed,NISAR_L2_PR_GCOV_030_024_A_018_4005_DHDH_A_20260907T202858_20260907T202933_P05023_N_F_J_001,2026-09-07T20:28:58.000000Z,2026-09-07,ASCENDING,HVHV,whole,273959.195218,100.000000,2741,2741,1.000000,-27.805267,-22.781596,-21.370627,-19.567086,-17.077881,-14.017154,-3.158456,-18.909518,0.644612,ok
19,Unnamed,NISAR_L2_PR_GCOV_030_024_A_018_4005_DHDH_A_20260907T202858_20260907T202933_P05023_N_F_J_001,2026-09-07T20:28:58.000000Z,2026-09-07,ASCENDING,HHHH,core,5376.480528,100.000000,55,55,1.000000,-21.089763,-17.255371,-16.044443,-13.703701,-11.824507,-9.383475,-4.224750,-13.592287,0.510900,ok
19,Unnamed,NISAR_L2_PR_GCOV_030_024_A_018_4005_DHDH_A_20260907T202858_20260907T202933_P05023_N_F_J_001,2026-09-07T20:28:58.000000Z,2026-09-07,ASCENDING,HVHV,core,5376.480528,100.000000,55,55,1.000000,-25.730688,-22.939363,-22.156468,-20.017175,-18.714601,-17.804408,-13.303019,-20.205651,0.644612,ok
19,Unnamed,NISAR_L2_PR_GCOV_030_024_A_018_4005_DHDH_A_20260907T202858_20260907T202933_P05023_N_F_J_001,2026-09-07T20:28:58.000000Z,2026-09-07,ASCENDING,HHHH,shoreline,82008.590567,100.000000,820,820,1.000000,-19.567929,-14.493087,-12.447657,-9.805522,-6.444540,-2.849859,8.595219,-9.215340,0.510900,ok
19,Unnamed,NISAR_L2_PR_GCOV_030_024_A_018_4005_DHDH_A_20260907T202858_20260907T202933_P05023_N_F_J_001,2026-09-07T20:28:58.000000Z,2026-09-07,ASCENDING,HVHV,shoreline,82008.590567,100.000000,820,820,1.000000,-27.198211,-21.207363,-19.316979,-17.186270,-14.017475,-10.930450,-5.063923,-16.617493,0.644612,ok
19,Unnamed,NISAR_L2_PR_GCOV_030_024_A_018_4005_DHDH_A_20260907T202858_20260907T202933_P05023_N_F_J_001,2026-09-07T20:28:58.000000Z,2026-09-07,ASCENDING,HHHH,whole,87385.071095,100.000000,875,875,1.000000,-21.089763,-14.815379,-12.762660,-10.078512,-6.557154,-2.990941,8.595219,-9.490463,0.510900,ok
19,Unnamed,NISAR_L2_PR_GCOV_030_024_A_018_4005_DHDH_A_20260907T202858_20260907T202933_P05023_N_F_J_001,2026-09-07T20:28:58.000000Z,2026-09-07,ASCENDING,HVHV,whole,87385.071095,100.000000,875,875,1.000000,-27.198211,-21.593024,-19.584204,-17.484449,-14.431089,-11.101260,-5.063923,-16.843034,0.644612,ok
2,Unnamed,NISAR_L2_PR_GCOV_030_024_A_018_4005_DHDH_A_20260907T202858_20260907T202933_P05023_N_F_J_001,2026-09-07T20:28:58.000000Z,2026-09-07,ASCENDING,HHHH,core,3277.550963,100.000000,32,32,1.000000,-17.970131,-14.884177,-14.468494,-12.581980,-11.301622,-9.891989,-7.977170,-12.671949,0.510900,ok
2,Unnamed,NISAR_L2_PR_GCOV_030_024_A_018_4005_DHDH_A_20260907T202858_20260907T202933_P05023_N_F_J_001,2026-09-07T20:28:58.000000Z,2026-09-07,ASCENDING,HVHV,core,3277.550963,100.000000,32,32,1.000000,-24.668610,-23.492706,-21.966512,-21.247644,-20.408805,-19.588361,-17.765084,-21.278846,0.644612,ok
2,Unnamed,NISAR_L2_PR_GCOV_030_024_A_018_4005_DHDH_A_20260907T202858_20260907T202933_P05023_N_F_J_001,2026-09-07T20:28:58.000000Z,2026-09-07,ASCENDING,HHHH,shoreline,30352.017361,100.000000,299,299,1.000000,-18.938477,-15.852203,-14.332707,-12.676454,-10.917598,-8.951745,-2.255657,-12.502822,0.510900,ok
2,Unnamed,NISAR_L2_PR_GCOV_030_024_A_018_4005_DHDH_A_20260907T202858_20260907T202933_P05023_N_F_J_001,2026-09-07T20:28:58.000000Z,2026-09-07,ASCENDING,HVHV,shoreline,30352.017361,100.000000,299,299,1.000000,-27.017543,-23.801162,-22.737590,-21.129736,-19.522172,-17.140422,-7.979355,-20.718306,0.644612,ok
2,Unnamed,NISAR_L2_PR_GCOV_030_024_A_018_4005_DHDH_A_20260907T202858_20260907T202933_P05023_N_F_J_001,2026-09-07T20:28:58.000000Z,2026-09-07,ASCENDING,HHHH,whole,33629.568324,100.000000,331,331,1.000000,-18.938477,-15.813857,-14.376228,-12.670130,-10.935950,-9.050893,-2.255657,-12.519173,0.510900,ok
2,Unnamed,NISAR_L2_PR_GCOV_030_024_A_018_4005_DHDH_A_20260907T202858_20260907T202933_P05023_N_F_J_001,2026-09-07T20:28:58.000000Z,2026-09-07,ASCENDING,HVHV,whole,33629.568324,100.000000,331,331,1.000000,-27.017543,-23.799011,-22.732488,-21.184406,-19.563434,-17.180958,-7.979355,-20.772498,0.644612,ok
20,Unnamed,NISAR_L2_PR_GCOV_030_024_A_018_4005_DHDH_A_20260907T202858_20260907T202933_P05023_N_F_J_001,2026-09-07T20:28:58.000000Z,2026-09-07,ASCENDING,HHHH,core,2083.796132,100.000000,21,21,1.000000,-19.148046,-17.663419,-17.169342,-16.376513,-15.615129,-14.634297,-13.738875,-16.322648,0.510900,ok
20,Unnamed,NISAR_L2_PR_GCOV_030_024_A_018_4005_DHDH_A_20260907T202858_20260907T202933_P05023_N_F_J_001,2026-09-07T20:28:58.000000Z,2026-09-07,ASCENDING,HVHV,core,2083.796132,100.000000,21,21,1.000000,-25.349406,-23.534331,-23.120834,-22.166864,-20.377466,-19.211135,-18.884163,-21.980043,0.644612,ok
20,Unnamed,NISAR_L2_PR_GCOV_030_024_A_018_4005_DHDH_A_20260907T202858_20260907T202933_P05023_N_F_J_001,2026-09-07T20:28:58.000000Z,2026-09-07,ASCENDING,HHHH,shoreline,47295.150140,100.000000,474,474,1.000000,-22.098719,-17.999750,-16.453754,-14.489203,-11.764668,-8.972394,-1.881370,-13.865581,0.510900,ok
20,Unnamed,NISAR_L2_PR_GCOV_030_024_A_018_4005_DHDH_A_20260907T202858_20260907T202933_P05023_N_F_J_001,2026-09-07T20:28:58.000000Z,2026-09-07,ASCENDING,HVHV,shoreline,47295.150140,100.000000,474,474,1.000000,-28.711306,-23.375352,-21.990974,-20.453867,-18.541392,-16.182341,-4.917912,-20.039453,0.644612,ok
20,Unnamed,NISAR_L2_PR_GCOV_030_024_A_018_4005_DHDH_A_20260907T202858_20260907T202933_P05023_N_F_J_001,2026-09-07T20:28:58.000000Z,2026-09-07,ASCENDING,HHHH,whole,49378.946273,100.000000,495,495,1.000000,-22.098719,-17.984249,-16.489042,-14.607890,-11.889483,-9.051786,-1.881370,-13.969820,0.510900,ok
20,Unnamed,NISAR_L2_PR_GCOV_030_024_A_018_4005_DHDH_A_20260907T202858_20260907T202933_P05023_N_F_J_001,2026-09-07T20:28:58.000000Z,2026-09-07,ASCENDING,HVHV,whole,49378.946273,100.000000,495,495,1.000000,-28.711306,-23.416963,-22.090779,-20.515511,-18.670696,-16.274055,-4.917912,-20.121781,0.644612,ok
21,Unnamed,NISAR_L2_PR_GCOV_030_024_A_018_4005_DHDH_A_20260907T202858_20260907T202933_P05023_N_F_J_001,2026-09-07T20:28:58.000000Z,2026-09-07,ASCENDING,HHHH,core,2786.707526,100.000000,27,27,1.000000,-17.422122,-16.571300,-15.219880,-13.600475,-11.220726,-7.307298,-5.467161,-12.954508,0.510900,ok
21,Unnamed,NISAR_L2_PR_GCOV_030_024_A_018_4005_DHDH_A_20260907T202858_20260907T202933_P05023_N_F_J_001,2026-09-07T20:28:58.000000Z,2026-09-07,ASCENDING,HVHV,core,2786.707526,100.000000,27,27,1.000000,-22.777619,-20.817213,-19.464050,-17.718667,-16.377644,-12.785439,-9.186055,-17.405401,0.644612,ok
21,Unnamed,NISAR_L2_PR_GCOV_030_024_A_018_4005_DHDH_A_20260907T202858_20260907T202933_P05023_N_F_J_001,2026-09-07T20:28:58.000000Z,2026-09-07,ASCENDING,HHHH,shoreline,71791.547537,100.000000,716,716,1.000000,-21.519077,-15.408784,-13.649401,-11.161549,-7.963855,-4.737668,0.753028,-10.605064,0.510900,ok
21,Unnamed,NISAR_L2_PR_GCOV_030_024_A_018_4005_DHDH_A_20260907T202858_20260907T202933_P05023_N_F_J_001,2026-09-07T20:28:58.000000Z,2026-09-07,ASCENDING,HVHV,shoreline,71791.547537,100.000000,716,716,1.000000,-27.383957,-22.682335,-20.699628,-17.932503,-14.088767,-11.151688,-3.297024,-17.363418,0.644612,ok
21,Unnamed,NISAR_L2_PR_GCOV_030_024_A_018_4005_DHDH_A_20260907T202858_20260907T202933_P05023_N_F_J_001,2026-09-07T20:28:58.000000Z,2026-09-07,ASCENDING,HHHH,whole,74578.255063,100.000000,743,743,1.000000,-21.519077,-15.438769,-13.782492,-11.346736,-7.998406,-4.791965,0.753028,-10.690441,0.510900,ok
21,Unnamed,NISAR_L2_PR_GCOV_030_024_A_018_4005_DHDH_A_20260907T202858_20260907T202933_P05023_N_F_J_001,2026-09-07T20:28:58.000000Z,2026-09-07,ASCENDING,HVHV,whole,74578.255063,100.000000,743,743,1.000000,-27.383957,-22.602417,-20.661827,-17.927261,-14.123308,-11.179238,-3.297024,-17.364943,0.644612,ok
22,Unnamed,NISAR_L2_PR_GCOV_030_024_A_018_4005_DHDH_A_20260907T202858_20260907T202933_P05023_N_F_J_001,2026-09-07T20:28:58.000000Z,2026-09-07,ASCENDING,HHHH,core,7912.597630,100.000000,78,78,1.000000,-24.971095,-21.783362,-19.734212,-18.383298,-16.999099,-15.933243,-14.603046,-18.581348,0.510900,ok
22,Unnamed,NISAR_L2_PR_GCOV_030_024_A_018_4005_DHDH_A_20260907T202858_20260907T202933_P05023_N_F_J_001,2026-09-07T20:28:58.000000Z,2026-09-07,ASCENDING,HVHV,core,7912.597630,100.000000,78,78,1.000000,-27.152889,-24.195265,-23.068970,-22.099339,-20.839596,-19.684174,-17.526600,-22.019099,0.644612,ok
22,Unnamed,NISAR_L2_PR_GCOV_030_024_A_018_4005_DHDH_A_20260907T202858_20260907T202933_P05023_N_F_J_001,2026-09-07T20:28:58.000000Z,2026-09-07,ASCENDING,HHHH,shoreline,41207.491649,100.000000,409,409,1.000000,-25.489186,-19.969134,-18.823485,-17.479346,-15.951839,-13.720821,-0.554208,-16.957805,0.510900,ok
22,Unnamed,NISAR_L2_PR_GCOV_030_024_A_018_4005_DHDH_A_20260907T202858_20260907T202933_P05023_N_F_J_001,2026-09-07T20:28:58.000000Z,2026-09-07,ASCENDING,HVHV,shoreline,41207.491649,100.000000,409,409,1.000000,-29.946543,-24.291683,-22.925862,-21.539287,-19.809429,-18.729945,-8.353185,-21.290790,0.644612,ok
22,Unnamed,NISAR_L2_PR_GCOV_030_024_A_018_4005_DHDH_A_20260907T202858_20260907T202933_P05023_N_F_J_001,2026-09-07T20:28:58.000000Z,2026-09-07,ASCENDING,HHHH,whole,49120.089278,100.000000,487,487,1.000000,-25.489186,-20.235219,-19.018126,-17.549862,-16.107007,-14.189792,-0.554208,-17.217839,0.510900,ok
22,Unnamed,NISAR_L2_PR_GCOV_030_024_A_018_4005_DHDH_A_20260907T202858_20260907T202933_P05023_N_F_J_001,2026-09-07T20:28:58.000000Z,2026-09-07,ASCENDING,HVHV,whole,49120.089278,100.000000,487,487,1.000000,-29.946543,-24.294132,-22.956155,-21.677312,-19.960528,-18.829777,-8.353185,-21.407439,0.644612,ok
23,Unnamed,NISAR_L2_PR_GCOV_030_024_A_018_4005_DHDH_A_20260907T202858_20260907T202933_P05023_N_F_J_001,2026-09-07T20:28:58.000000Z,2026-09-07,ASCENDING,HHHH,core,3617.292935,100.000000,35,35,1.000000,-21.489540,-19.568410,-19.067485,-17.543859,-16.568949,-15.464478,-13.839365,-17.648692,0.510900,ok
23,Unnamed,NISAR_L2_PR_GCOV_030_024_A_018_4005_DHDH_A_20260907T202858_20260907T202933_P05023_N_F_J_001,2026-09-07T20:28:58.000000Z,2026-09-07,ASCENDING,HVHV,core,3617.292935,100.000000,35,35,1.000000,-26.547962,-24.306793,-23.247966,-22.179587,-20.728709,-19.829544,-18.922047,-22.186950,0.644612,ok
23,Unnamed,NISAR_L2_PR_GCOV_030_024_A_018_4005_DHDH_A_20260907T202858_20260907T202933_P05023_N_F_J_001,2026-09-07T20:28:58.000000Z,2026-09-07,ASCENDING,HHHH,shoreline,61852.370253,100.000000,624,624,1.000000,-23.159990,-19.554005,-18.243568,-16.883206,-15.061618,-12.627516,-2.431789,-16.328815,0.510900,ok
23,Unnamed,NISAR_L2_PR_GCOV_030_024_A_018_4005_DHDH_A_20260907T202858_20260907T202933_P05023_N_F_J_001,2026-09-07T20:28:58.000000Z,2026-09-07,ASCENDING,HVHV,shoreline,61852.370253,100.000000,624,624,1.000000,-28.846378,-23.808342,-22.527220,-21.247200,-19.522193,-17.399084,-7.752946,-20.783564,0.644612,ok
23,Unnamed,NISAR_L2_PR_GCOV_030_024_A_018_4005_DHDH_A_20260907T202858_20260907T202933_P05023_N_F_J_001,2026-09-07T20:28:58.000000Z,2026-09-07,ASCENDING,HHHH,whole,65469.663188,100.000000,659,659,1.000000,-23.159990,-19.558933,-18.336842,-16.939876,-15.135778,-12.724509,-2.431789,-16.398915,0.510900,ok
23,Unnamed,NISAR_L2_PR_GCOV_030_024_A_018_4005_DHDH_A_20260907T202858_20260907T202933_P05023_N_F_J_001,2026-09-07T20:28:58.000000Z,2026-09-07,ASCENDING,HVHV,whole,65469.663188,100.000000,659,659,1.000000,-28.846378,-23.843616,-22.578258,-21.297250,-19.564907,-17.512126,-7.752946,-20.858099,0.644612,ok
24,Unnamed,NISAR_L2_PR_GCOV_030_024_A_018_4005_DHDH_A_20260907T202858_20260907T202933_P05023_N_F_J_001,2026-09-07T20:28:58.000000Z,2026-09-07,ASCENDING,HHHH,shoreline,11788.240185,100.000000,122,122,1.000000,-17.962741,-15.417760,-13.856733,-12.016468,-8.246969,-5.713913,-1.264789,-11.097540,0.510900,ok
24,Unnamed,NISAR_L2_PR_GCOV_030_024_A_018_4005_DHDH_A_20260907T202858_20260907T202933_P05023_N_F_J_001,2026-09-07T20:28:58.000000Z,2026-09-07,ASCENDING,HVHV,shoreline,11788.240185,100.000000,122,122,1.000000,-27.415464,-22.519629,-20.546920,-18.243857,-13.524634,-10.167539,-4.067454,-16.963454,0.644612,ok
24,Unnamed,NISAR_L2_PR_GCOV_030_024_A_018_4005_DHDH_A_20260907T202858_20260907T202933_P05023_N_F_J_001,2026-09-07T20:28:58.000000Z,2026-09-07,ASCENDING,HHHH,whole,11788.240185,100.000000,122,122,1.000000,-17.962741,-15.417760,-13.856733,-12.016468,-8.246969,-5.713913,-1.264789,-11.097540,0.510900,ok
24,Unnamed,NISAR_L2_PR_GCOV_030_024_A_018_4005_DHDH_A_20260907T202858_20260907T202933_P05023_N_F_J_001,2026-09-07T20:28:58.000000Z,2026-09-07,ASCENDING,HVHV,whole,11788.240185,100.000000,122,122,1.000000,-27.415464,-22.519629,-20.546920,-18.243857,-13.524634,-10.167539,-4.067454,-16.963454,0.644612,ok
25,Unnamed,NISAR_L2_PR_GCOV_030_024_A_018_4005_DHDH_A_20260907T202858_20260907T202933_P05023_N_F_J_001,2026-09-07T20:28:58.000000Z,2026-09-07,ASCENDING,HHHH,shoreline,30021.819698,100.000000,299,299,1.000000,-20.550043,-16.290101,-14.959150,-13.195978,-11.111418,-9.462158,-3.094915,-12.913265,0.510900,ok
25,Unnamed,NISAR_L2_PR_GCOV_030_024_A_018_4005_DHDH_A_20260907T202858_20260907T202933_P05023_N_F_J_001,2026-09-07T20:28:58.000000Z,2026-09-07,ASCENDING,HVHV,shoreline,30021.819698,100.000000,299,299,1.000000,-26.715957,-23.739879,-22.165728,-20.512131,-18.651795,-16.296615,-10.102915,-20.178483,0.644612,ok
25,Unnamed,NISAR_L2_PR_GCOV_030_024_A_018_4005_DHDH_A_20260907T202858_20260907T202933_P05023_N_F_J_001,2026-09-07T20:28:58.000000Z,2026-09-07,ASCENDING,HHHH,whole,30021.819698,100.000000,299,299,1.000000,-20.550043,-16.290101,-14.959150,-13.195978,-11.111418,-9.462158,-3.094915,-12.913265,0.510900,ok
25,Unnamed,NISAR_L2_PR_GCOV_030_024_A_018_4005_DHDH_A_20260907T202858_20260907T202933_P05023_N_F_J_001,2026-09-07T20:28:58.000000Z,2026-09-07,ASCENDING,HVHV,whole,30021.819698,100.000000,299,299,1.000000,-26.715957,-23.739879,-22.165728,-20.512131,-18.651795,-16.296615,-10.102915,-20.178483,0.644612,ok
26,Unnamed,NISAR_L2_PR_GCOV_030_024_A_018_4005_DHDH_A_20260907T202858_20260907T202933_P05023_N_F_J_001,2026-09-07T20:28:58.000000Z,2026-09-07,ASCENDING,HHHH,shoreline,14439.595936,100.000000,144,144,1.000000,-19.077520,-15.041384,-13.454043,-11.017889,-8.030393,-5.671003,1.150593,-10.661547,0.510900,ok
26,Unnamed,NISAR_L2_PR_GCOV_030_024_A_018_4005_DHDH_A_20260907T202858_20260907T202933_P05023_N_F_J_001,2026-09-07T20:28:58.000000Z,2026-09-07,ASCENDING,HVHV,shoreline,14439.595936,100.000000,144,144,1.000000,-26.243897,-21.949663,-19.909562,-17.619522,-14.413278,-12.129342,-5.455392,-17.201477,0.644612,ok
26,Unnamed,NISAR_L2_PR_GCOV_030_024_A_018_4005_DHDH_A_20260907T202858_20260907T202933_P05023_N_F_J_001,2026-09-07T20:28:58.000000Z,2026-09-07,ASCENDING,HHHH,whole,14439.595936,100.000000,144,144,1.000000,-19.077520,-15.041384,-13.454043,-11.017889,-8.030393,-5.671003,1.150593,-10.661547,0.510900,ok
26,Unnamed,NISAR_L2_PR_GCOV_030_024_A_018_4005_DHDH_A_20260907T202858_20260907T202933_P05023_N_F_J_001,2026-09-07T20:28:58.000000Z,2026-09-07,ASCENDING,HVHV,whole,14439.595936,100.000000,144,144,1.000000,-26.243897,-21.949663,-19.909562,-17.619522,-14.413278,-12.129342,-5.455392,-17.201477,0.644612,ok
27,Unnamed,NISAR_L2_PR_GCOV_030_024_A_018_4005_DHDH_A_20260907T202858_20260907T202933_P05023_N_F_J_001,2026-09-07T20:28:58.000000Z,2026-09-07,ASCENDING,HHHH,core,4488.032286,100.000000,46,46,1.000000,-17.738060,-15.829127,-14.910644,-13.311076,-12.059890,-10.990778,-9.445751,-13.409825,0.510900,ok
27,Unnamed,NISAR_L2_PR_GCOV_030_024_A_018_4005_DHDH_A_20260907T202858_20260907T202933_P05023_N_F_J_001,2026-09-07T20:28:58.000000Z,2026-09-07,ASCENDING,HVHV,core,4488.032286,100.000000,46,46,1.000000,-24.664364,-23.290125,-22.499113,-21.510437,-20.357110,-18.954992,-17.564967,-21.275310,0.644612,ok
27,Unnamed,NISAR_L2_PR_GCOV_030_024_A_018_4005_DHDH_A_20260907T202858_20260907T202933_P05023_N_F_J_001,2026-09-07T20:28:58.000000Z,2026-09-07,ASCENDING,HHHH,shoreline,34066.736745,100.000000,345,345,1.000000,-18.559311,-15.271652,-13.791952,-11.639073,-8.812814,-5.375912,0.579381,-11.057602,0.510900,ok
27,Unnamed,NISAR_L2_PR_GCOV_030_024_A_018_4005_DHDH_A_20260907T202858_20260907T202933_P05023_N_F_J_001,2026-09-07T20:28:58.000000Z,2026-09-07,ASCENDING,HVHV,shoreline,34066.736745,100.000000,345,345,1.000000,-26.645083,-23.798233,-22.149886,-20.153550,-16.809696,-12.268509,-3.567973,-19.060439,0.644612,ok
27,Unnamed,NISAR_L2_PR_GCOV_030_024_A_018_4005_DHDH_A_20260907T202858_20260907T202933_P05023_N_F_J_001,2026-09-07T20:28:58.000000Z,2026-09-07,ASCENDING,HHHH,whole,38554.769032,100.000000,391,391,1.000000,-18.559311,-15.428747,-13.884616,-12.001883,-9.306901,-5.729458,0.579381,-11.334334,0.510900,ok
27,Unnamed,NISAR_L2_PR_GCOV_030_024_A_018_4005_DHDH_A_20260907T202858_20260907T202933_P05023_N_F_J_001,2026-09-07T20:28:58.000000Z,2026-09-07,ASCENDING,HVHV,whole,38554.769032,100.000000,391,391,1.000000,-26.645083,-23.773138,-22.241059,-20.422824,-17.832943,-12.747876,-3.567973,-19.321012,0.644612,ok
28,Unnamed,NISAR_L2_PR_GCOV_030_024_A_018_4005_DHDH_A_20260907T202858_20260907T202933_P05023_N_F_J_001,2026-09-07T20:28:58.000000Z,2026-09-07,ASCENDING,HHHH,shoreline,6322.670708,100.000000,64,64,1.000000,-14.643939,-12.385101,-10.860237,-9.479590,-6.460915,-4.751839,-1.820127,-8.828617,0.510900,ok
28,Unnamed,NISAR_L2_PR_GCOV_030_024_A_018_4005_DHDH_A_20260907T202858_20260907T202933_P05023_N_F_J_001,2026-09-07T20:28:58.000000Z,2026-09-07,ASCENDING,HVHV,shoreline,6322.670708,100.000000,64,64,1.000000,-23.596870,-21.382022,-19.692632,-16.925956,-14.084440,-12.499200,-8.411400,-16.848976,0.644612,ok
28,Unnamed,NISAR_L2_PR_GCOV_030_024_A_018_4005_DHDH_A_20260907T202858_20260907T202933_P05023_N_F_J_001,2026-09-07T20:28:58.000000Z,2026-09-07,ASCENDING,HHHH,whole,6322.670708,100.000000,64,64,1.000000,-14.643939,-12.385101,-10.860237,-9.479590,-6.460915,-4.751839,-1.820127,-8.828617,0.510900,ok
28,Unnamed,NISAR_L2_PR_GCOV_030_024_A_018_4005_DHDH_A_20260907T202858_20260907T202933_P05023_N_F_J_001,2026-09-07T20:28:58.000000Z,2026-09-07,ASCENDING,HVHV,whole,6322.670708,100.000000,64,64,1.000000,-23.596870,-21.382022,-19.692632,-16.925956,-14.084440,-12.499200,-8.411400,-16.848976,0.644612,ok
29,Unnamed,NISAR_L2_PR_GCOV_030_024_A_018_4005_DHDH_A_20260907T202858_20260907T202933_P05023_N_F_J_001,2026-09-07T20:28:58.000000Z,2026-09-07,ASCENDING,HHHH,shoreline,11156.619258,100.000000,110,110,1.000000,-18.629090,-16.177773,-14.918722,-12.911382,-10.351922,-5.526851,5.129424,-11.849272,0.510900,ok
29,Unnamed,NISAR_L2_PR_GCOV_030_024_A_018_4005_DHDH_A_20260907T202858_20260907T202933_P05023_N_F_J_001,2026-09-07T20:28:58.000000Z,2026-09-07,ASCENDING,HVHV,shoreline,11156.619258,100.000000,110,110,1.000000,-26.035540,-21.908372,-20.490490,-18.800806,-15.868484,-10.648387,-2.830193,-17.609505,0.644612,ok
29,Unnamed,NISAR_L2_PR_GCOV_030_024_A_018_4005_DHDH_A_20260907T202858_20260907T202933_P05023_N_F_J_001,2026-09-07T20:28:58.000000Z,2026-09-07,ASCENDING,HHHH,whole,11156.619258,100.000000,110,110,1.000000,-18.629090,-16.177773,-14.918722,-12.911382,-10.351922,-5.526851,5.129424,-11.849272,0.510900,ok
29,Unnamed,NISAR_L2_PR_GCOV_030_024_A_018_4005_DHDH_A_20260907T202858_20260907T202933_P05023_N_F_J_001,2026-09-07T20:28:58.000000Z,2026-09-07,ASCENDING,HVHV,whole,11156.619258,100.000000,110,110,1.000000,-26.035540,-21.908372,-20.490490,-18.800806,-15.868484,-10.648387,-2.830193,-17.609505,0.644612,ok
3,Unnamed,NISAR_L2_PR_GCOV_030_024_A_018_4005_DHDH_A_20260907T202858_20260907T202933_P05023_N_F_J_001,2026-09-07T20:28:58.000000Z,2026-09-07,ASCENDING,HHHH,shoreline,11434.168985,100.000000,113,113,1.000000,-20.496142,-18.818488,-17.752106,-15.233765,-13.027339,-9.573526,-0.851047,-14.756281,0.510900,ok
3,Unnamed,NISAR_L2_PR_GCOV_030_024_A_018_4005_DHDH_A_20260907T202858_20260907T202933_P05023_N_F_J_001,2026-09-07T20:28:58.000000Z,2026-09-07,ASCENDING,HVHV,shoreline,11434.168985,100.000000,113,113,1.000000,-26.391802,-24.594221,-22.178433,-20.650685,-18.234779,-13.851404,-7.946758,-19.896446,0.644612,ok
3,Unnamed,NISAR_L2_PR_GCOV_030_024_A_018_4005_DHDH_A_20260907T202858_20260907T202933_P05023_N_F_J_001,2026-09-07T20:28:58.000000Z,2026-09-07,ASCENDING,HHHH,whole,11434.168985,100.000000,113,113,1.000000,-20.496142,-18.818488,-17.752106,-15.233765,-13.027339,-9.573526,-0.851047,-14.756281,0.510900,ok
3,Unnamed,NISAR_L2_PR_GCOV_030_024_A_018_4005_DHDH_A_20260907T202858_20260907T202933_P05023_N_F_J_001,2026-09-07T20:28:58.000000Z,2026-09-07,ASCENDING,HVHV,whole,11434.168985,100.000000,113,113,1.000000,-26.391802,-24.594221,-22.178433,-20.650685,-18.234779,-13.851404,-7.946758,-19.896446,0.644612,ok
30,Unnamed,NISAR_L2_PR_GCOV_030_024_A_018_4005_DHDH_A_20260907T202858_20260907T202933_P05023_N_F_J_001,2026-09-07T20:28:58.000000Z,2026-09-07,ASCENDING,HHHH,shoreline,24517.632812,100.000000,241,241,1.000000,-14.496719,-10.255090,-8.653428,-7.155755,-5.277055,-3.740315,0.204452,-7.015507,0.510900,ok
30,Unnamed,NISAR_L2_PR_GCOV_030_024_A_018_4005_DHDH_A_20260907T202858_20260907T202933_P05023_N_F_J_001,2026-09-07T20:28:58.000000Z,2026-09-07,ASCENDING,HVHV,shoreline,24517.632812,100.000000,241,241,1.000000,-20.951653,-18.012971,-16.491441,-14.241458,-12.506727,-10.997985,-7.658392,-14.371409,0.644612,ok
30,Unnamed,NISAR_L2_PR_GCOV_030_024_A_018_4005_DHDH_A_20260907T202858_20260907T202933_P05023_N_F_J_001,2026-09-07T20:28:58.000000Z,2026-09-07,ASCENDING,HHHH,whole,24517.632812,100.000000,241,241,1.000000,-14.496719,-10.255090,-8.653428,-7.155755,-5.277055,-3.740315,0.204452,-7.015507,0.510900,ok
30,Unnamed,NISAR_L2_PR_GCOV_030_024_A_018_4005_DHDH_A_20260907T202858_20260907T202933_P05023_N_F_J_001,2026-09-07T20:28:58.000000Z,2026-09-07,ASCENDING,HVHV,whole,24517.632812,100.000000,241,241,1.000000,-20.951653,-18.012971,-16.491441,-14.241458,-12.506727,-10.997985,-7.658392,-14.371409,0.644612,ok
31,Unnamed,NISAR_L2_PR_GCOV_030_024_A_018_4005_DHDH_A_20260907T202858_20260907T202933_P05023_N_F_J_001,2026-09-07T20:28:58.000000Z,2026-09-07,ASCENDING,HHHH,core,1481.449039,100.000000,16,16,1.000000,-15.062946,-13.828837,-13.398801,-12.011497,-10.384146,-9.837753,-7.147071,-11.812544,0.510900,ok
31,Unnamed,NISAR_L2_PR_GCOV_030_024_A_018_4005_DHDH_A_20260907T202858_20260907T202933_P05023_N_F_J_001,2026-09-07T20:28:58.000000Z,2026-09-07,ASCENDING,HVHV,core,1481.449039,100.000000,16,16,1.000000,-23.537954,-23.284729,-22.832335,-21.451019,-20.323194,-18.870758,-17.533343,-21.260273,0.644612,ok
31,Unnamed,NISAR_L2_PR_GCOV_030_024_A_018_4005_DHDH_A_20260907T202858_20260907T202933_P05023_N_F_J_001,2026-09-07T20:28:58.000000Z,2026-09-07,ASCENDING,HHHH,shoreline,17270.036923,100.000000,174,174,1.000000,-19.643718,-15.277708,-13.523760,-11.821480,-10.145834,-7.896682,0.104691,-11.616467,0.510900,ok
31,Unnamed,NISAR_L2_PR_GCOV_030_024_A_018_4005_DHDH_A_20260907T202858_20260907T202933_P05023_N_F_J_001,2026-09-07T20:28:58.000000Z,2026-09-07,ASCENDING,HVHV,shoreline,17270.036923,100.000000,174,174,1.000000,-26.979220,-23.558760,-22.004574,-20.519833,-18.952010,-15.456746,-6.154688,-19.967618,0.644612,ok
31,Unnamed,NISAR_L2_PR_GCOV_030_024_A_018_4005_DHDH_A_20260907T202858_20260907T202933_P05023_N_F_J_001,2026-09-07T20:28:58.000000Z,2026-09-07,ASCENDING,HHHH,whole,18751.485962,100.000000,190,190,1.000000,-19.643718,-15.144738,-13.523760,-11.821480,-10.171311,-7.966875,0.104691,-11.632979,0.510900,ok
31,Unnamed,NISAR_L2_PR_GCOV_030_024_A_018_4005_DHDH_A_20260907T202858_20260907T202933_P05023_N_F_J_001,2026-09-07T20:28:58.000000Z,2026-09-07,ASCENDING,HVHV,whole,18751.485962,100.000000,190,190,1.000000,-26.979220,-23.502495,-22.099618,-20.578096,-18.999308,-15.954706,-6.154688,-20.076473,0.644612,ok
32,Unnamed,NISAR_L2_PR_GCOV_030_024_A_018_4005_DHDH_A_20260907T202858_20260907T202933_P05023_N_F_J_001,2026-09-07T20:28:58.000000Z,2026-09-07,ASCENDING,HHHH,core,3445.772556,100.000000,33,33,1.000000,-21.235780,-17.231920,-14.975497,-13.852972,-12.993005,-11.881486,-10.690924,-14.312768,0.510900,ok
32,Unnamed,NISAR_L2_PR_GCOV_030_024_A_018_4005_DHDH_A_20260907T202858_20260907T202933_P05023_N_F_J_001,2026-09-07T20:28:58.000000Z,2026-09-07,ASCENDING,HVHV,core,3445.772556,100.000000,33,33,1.000000,-25.722656,-23.658406,-22.032660,-21.311021,-20.506135,-19.417285,-18.136324,-21.301256,0.644612,ok
32,Unnamed,NISAR_L2_PR_GCOV_030_024_A_018_4005_DHDH_A_20260907T202858_20260907T202933_P05023_N_F_J_001,2026-09-07T20:28:58.000000Z,2026-09-07,ASCENDING,HHHH,shoreline,32863.807375,100.000000,333,333,1.000000,-20.543643,-16.141195,-14.525743,-12.779455,-10.222141,-6.541399,1.842187,-12.075360,0.510900,ok
32,Unnamed,NISAR_L2_PR_GCOV_030_024_A_018_4005_DHDH_A_20260907T202858_20260907T202933_P05023_N_F_J_001,2026-09-07T20:28:58.000000Z,2026-09-07,ASCENDING,HVHV,shoreline,32863.807375,100.000000,333,333,1.000000,-27.146913,-23.697786,-22.090291,-20.315341,-17.662090,-12.827881,-6.320121,-19.371691,0.644612,ok
32,Unnamed,NISAR_L2_PR_GCOV_030_024_A_018_4005_DHDH_A_20260907T202858_20260907T202933_P05023_N_F_J_001,2026-09-07T20:28:58.000000Z,2026-09-07,ASCENDING,HHHH,whole,36309.579932,100.000000,366,366,1.000000,-21.235780,-16.348176,-14.535809,-12.943538,-10.614787,-6.707362,1.842187,-12.277093,0.510900,ok
32,Unnamed,NISAR_L2_PR_GCOV_030_024_A_018_4005_DHDH_A_20260907T202858_20260907T202933_P05023_N_F_J_001,2026-09-07T20:28:58.000000Z,2026-09-07,ASCENDING,HVHV,whole,36309.579932,100.000000,366,366,1.000000,-27.146913,-23.711378,-22.087948,-20.628313,-17.971724,-13.174965,-6.320121,-19.545668,0.644612,ok
33,Unnamed,NISAR_L2_PR_GCOV_030_024_A_018_4005_DHDH_A_20260907T202858_20260907T202933_P05023_N_F_J_001,2026-09-07T20:28:58.000000Z,2026-09-07,ASCENDING,HHHH,shoreline,9956.188808,100.000000,98,98,1.000000,-18.023074,-14.246952,-12.093168,-10.370323,-8.317540,-5.707973,0.921069,-10.075345,0.510900,ok
33,Unnamed,NISAR_L2_PR_GCOV_030_024_A_018_4005_DHDH_A_20260907T202858_20260907T202933_P05023_N_F_J_001,2026-09-07T20:28:58.000000Z,2026-09-07,ASCENDING,HVHV,shoreline,9956.188808,100.000000,98,98,1.000000,-23.692734,-22.055881,-20.418381,-18.072611,-15.357219,-12.373818,-6.364078,-17.598823,0.644612,ok
33,Unnamed,NISAR_L2_PR_GCOV_030_024_A_018_4005_DHDH_A_20260907T202858_20260907T202933_P05023_N_F_J_001,2026-09-07T20:28:58.000000Z,2026-09-07,ASCENDING,HHHH,whole,9956.188808,100.000000,98,98,1.000000,-18.023074,-14.246952,-12.093168,-10.370323,-8.317540,-5.707973,0.921069,-10.075345,0.510900,ok
33,Unnamed,NISAR_L2_PR_GCOV_030_024_A_018_4005_DHDH_A_20260907T202858_20260907T202933_P05023_N_F_J_001,2026-09-07T20:28:58.000000Z,2026-09-07,ASCENDING,HVHV,whole,9956.188808,100.000000,98,98,1.000000,-23.692734,-22.055881,-20.418381,-18.072611,-15.357219,-12.373818,-6.364078,-17.598823,0.644612,ok
34,Unnamed,NISAR_L2_PR_GCOV_030_024_A_018_4005_DHDH_A_20260907T202858_20260907T202933_P05023_N_F_J_001,2026-09-07T20:28:58.000000Z,2026-09-07,ASCENDING,HHHH,shoreline,16977.653409,100.000000,170,170,1.000000,-20.180397,-16.109211,-14.730188,-12.451378,-10.307569,-8.885926,-2.666677,-12.377603,0.510900,ok
34,Unnamed,NISAR_L2_PR_GCOV_030_024_A_018_4005_DHDH_A_20260907T202858_20260907T202933_P05023_N_F_J_001,2026-09-07T20:28:58.000000Z,2026-09-07,ASCENDING,HVHV,shoreline,16977.653409,100.000000,170,170,1.000000,-26.445764,-23.606780,-21.939778,-20.403410,-18.079344,-14.823361,-6.180325,-19.688716,0.644612,ok
34,Unnamed,NISAR_L2_PR_GCOV_030_024_A_018_4005_DHDH_A_20260907T202858_20260907T202933_P05023_N_F_J_001,2026-09-07T20:28:58.000000Z,2026-09-07,ASCENDING,HHHH,whole,16977.653409,100.000000,170,170,1.000000,-20.180397,-16.109211,-14.730188,-12.451378,-10.307569,-8.885926,-2.666677,-12.377603,0.510900,ok
34,Unnamed,NISAR_L2_PR_GCOV_030_024_A_018_4005_DHDH_A_20260907T202858_20260907T202933_P05023_N_F_J_001,2026-09-07T20:28:58.000000Z,2026-09-07,ASCENDING,HVHV,whole,16977.653409,100.000000,170,170,1.000000,-26.445764,-23.606780,-21.939778,-20.403410,-18.079344,-14.823361,-6.180325,-19.688716,0.644612,ok
35,Unnamed,NISAR_L2_PR_GCOV_030_024_A_018_4005_DHDH_A_20260907T202858_20260907T202933_P05023_N_F_J_001,2026-09-07T20:28:58.000000Z,2026-09-07,ASCENDING,HHHH,core,163.178983,100.000000,2,2,1.000000,-14.135096,-13.691227,-13.025423,-11.915750,-10.806077,-10.140274,-9.696405,-11.915750,0.510900,ok
35,Unnamed,NISAR_L2_PR_GCOV_030_024_A_018_4005_DHDH_A_20260907T202858_20260907T202933_P05023_N_F_J_001,2026-09-07T20:28:58.000000Z,2026-09-07,ASCENDING,HVHV,core,163.178983,100.000000,2,2,1.000000,-23.029554,-22.978496,-22.901908,-22.774262,-22.646617,-22.570029,-22.518971,-22.774262,0.644612,ok
35,Unnamed,NISAR_L2_PR_GCOV_030_024_A_018_4005_DHDH_A_20260907T202858_20260907T202933_P05023_N_F_J_001,2026-09-07T20:28:58.000000Z,2026-09-07,ASCENDING,HHHH,shoreline,26376.921634,100.000000,266,266,1.000000,-17.873372,-13.990784,-12.161666,-10.596443,-8.364156,-5.877945,1.120593,-10.204519,0.510900,ok
35,Unnamed,NISAR_L2_PR_GCOV_030_024_A_018_4005_DHDH_A_20260907T202858_20260907T202933_P05023_N_F_J_001,2026-09-07T20:28:58.000000Z,2026-09-07,ASCENDING,HVHV,shoreline,26376.921634,100.000000,266,266,1.000000,-26.829972,-22.333592,-21.260372,-19.008526,-15.587990,-11.906299,-4.591932,-17.936656,0.644612,ok
35,Unnamed,NISAR_L2_PR_GCOV_030_024_A_018_4005_DHDH_A_20260907T202858_20260907T202933_P05023_N_F_J_001,2026-09-07T20:28:58.000000Z,2026-09-07,ASCENDING,HHHH,whole,26540.100617,100.000000,268,268,1.000000,-17.873372,-14.094262,-12.171584,-10.596443,-8.367482,-5.915187,1.120593,-10.217289,0.510900,ok
35,Unnamed,NISAR_L2_PR_GCOV_030_024_A_018_4005_DHDH_A_20260907T202858_20260907T202933_P05023_N_F_J_001,2026-09-07T20:28:58.000000Z,2026-09-07,ASCENDING,HVHV,whole,26540.100617,100.000000,268,268,1.000000,-26.829972,-22.397251,-21.274132,-19.030883,-15.654421,-11.915126,-4.591932,-17.972758,0.644612,ok
43,Unnamed,NISAR_L2_PR_GCOV_030_024_A_018_4005_DHDH_A_20260907T202858_20260907T202933_P05023_N_F_J_001,2026-09-07T20:28:58.000000Z,2026-09-07,ASCENDING,HHHH,shoreline,14166.390215,100.000000,143,143,1.000000,-18.152534,-16.627718,-15.332995,-12.830296,-10.561731,-8.049975,-1.709201,-12.531876,0.510900,ok
43,Unnamed,NISAR_L2_PR_GCOV_030_024_A_018_4005_DHDH_A_20260907T202858_20260907T202933_P05023_N_F_J_001,2026-09-07T20:28:58.000000Z,2026-09-07,ASCENDING,HVHV,shoreline,14166.390215,100.000000,143,143,1.000000,-27.383000,-22.946771,-21.162499,-19.213467,-17.378823,-14.023053,-9.672256,-18.831405,0.644612,ok
43,Unnamed,NISAR_L2_PR_GCOV_030_024_A_018_4005_DHDH_A_20260907T202858_20260907T202933_P05023_N_F_J_001,2026-09-07T20:28:58.000000Z,2026-09-07,ASCENDING,HHHH,whole,14166.390215,100.000000,143,143,1.000000,-18.152534,-16.627718,-15.332995,-12.830296,-10.561731,-8.049975,-1.709201,-12.531876,0.510900,ok
43,Unnamed,NISAR_L2_PR_GCOV_030_024_A_018_4005_DHDH_A_20260907T202858_20260907T202933_P05023_N_F_J_001,2026-09-07T20:28:58.000000Z,2026-09-07,ASCENDING,HVHV,whole,14166.390215,100.000000,143,143,1.000000,-27.383000,-22.946771,-21.162499,-19.213467,-17.378823,-14.023053,-9.672256,-18.831405,0.644612,ok
48,Unnamed,NISAR_L2_PR_GCOV_030_024_A_018_4005_DHDH_A_20260907T202858_20260907T202933_P05023_N_F_J_001,2026-09-07T20:28:58.000000Z,2026-09-07,ASCENDING,HHHH,shoreline,3435.845157,100.000000,35,35,1.000000,-16.740220,-15.855184,-14.474864,-13.655191,-10.994089,-8.931437,-3.234578,-12.552021,0.510900,ok
48,Unnamed,NISAR_L2_PR_GCOV_030_024_A_018_4005_DHDH_A_20260907T202858_20260907T202933_P05023_N_F_J_001,2026-09-07T20:28:58.000000Z,2026-09-07,ASCENDING,HVHV,shoreline,3435.845157,100.000000,35,35,1.000000,-26.401173,-22.699291,-21.045815,-18.254928,-16.424812,-15.502891,-14.324347,-18.715969,0.644612,ok
48,Unnamed,NISAR_L2_PR_GCOV_030_024_A_018_4005_DHDH_A_20260907T202858_20260907T202933_P05023_N_F_J_001,2026-09-07T20:28:58.000000Z,2026-09-07,ASCENDING,HHHH,whole,3435.845157,100.000000,35,35,1.000000,-16.740220,-15.855184,-14.474864,-13.655191,-10.994089,-8.931437,-3.234578,-12.552021,0.510900,ok
48,Unnamed,NISAR_L2_PR_GCOV_030_024_A_018_4005_DHDH_A_20260907T202858_20260907T202933_P05023_N_F_J_001,2026-09-07T20:28:58.000000Z,2026-09-07,ASCENDING,HVHV,whole,3435.845157,100.000000,35,35,1.000000,-26.401173,-22.699291,-21.045815,-18.254928,-16.424812,-15.502891,-14.324347,-18.715969,0.644612,ok
0,Unnamed,NISAR_L2_PR_GCOV_031_003_D_072_4005_DHDH_A_20260918T100216_20260918T100251_P05023_F_F_J_001,2026-09-18T10:02:16.000000Z,2026-09-18,DESCENDING,HHHH,shoreline,15668.030102,100.000000,155,155,1.000000,-22.888198,-17.107092,-14.269979,-12.074494,-9.934304,-8.046328,-3.268905,-12.271947,0.863891,ok
0,Unnamed,NISAR_L2_PR_GCOV_031_003_D_072_4005_DHDH_A_20260918T100216_20260918T100251_P05023_F_F_J_001,2026-09-18T10:02:16.000000Z,2026-09-18,DESCENDING,HVHV,shoreline,15668.030102,100.000000,155,155,1.000000,-25.252811,-21.938009,-20.265579,-17.675468,-15.330775,-13.098667,-7.803103,-17.576376,0.591026,ok
0,Unnamed,NISAR_L2_PR_GCOV_031_003_D_072_4005_DHDH_A_20260918T100216_20260918T100251_P05023_F_F_J_001,2026-09-18T10:02:16.000000Z,2026-09-18,DESCENDING,HHHH,whole,15668.030102,100.000000,155,155,1.000000,-22.888198,-17.107092,-14.269979,-12.074494,-9.934304,-8.046328,-3.268905,-12.271947,0.863891,ok
0,Unnamed,NISAR_L2_PR_GCOV_031_003_D_072_4005_DHDH_A_20260918T100216_20260918T100251_P05023_F_F_J_001,2026-09-18T10:02:16.000000Z,2026-09-18,DESCENDING,HVHV,whole,15668.030102,100.000000,155,155,1.000000,-25.252811,-21.938009,-20.265579,-17.675468,-15.330775,-13.098667,-7.803103,-17.576376,0.591026,ok
1,Unnamed,NISAR_L2_PR_GCOV_031_003_D_072_4005_DHDH_A_20260918T100216_20260918T100251_P05023_F_F_J_001,2026-09-18T10:02:16.000000Z,2026-09-18,DESCENDING,HHHH,shoreline,14315.224709,100.000000,141,141,1.000000,-20.261013,-16.304511,-14.094397,-10.616062,-8.266576,-4.723334,-0.312498,-10.861521,0.863891,ok
1,Unnamed,NISAR_L2_PR_GCOV_031_003_D_072_4005_DHDH_A_20260918T100216_20260918T100251_P05023_F_F_J_001,2026-09-18T10:02:16.000000Z,2026-09-18,DESCENDING,HVHV,shoreline,14315.224709,100.000000,141,141,1.000000,-24.311495,-21.289858,-18.771947,-16.374491,-14.062195,-10.824656,-4.066060,-16.145974,0.591026,ok
1,Unnamed,NISAR_L2_PR_GCOV_031_003_D_072_4005_DHDH_A_20260918T100216_20260918T100251_P05023_F_F_J_001,2026-09-18T10:02:16.000000Z,2026-09-18,DESCENDING,HHHH,whole,14315.224709,100.000000,141,141,1.000000,-20.261013,-16.304511,-14.094397,-10.616062,-8.266576,-4.723334,-0.312498,-10.861521,0.863891,ok
1,Unnamed,NISAR_L2_PR_GCOV_031_003_D_072_4005_DHDH_A_20260918T100216_20260918T100251_P05023_F_F_J_001,2026-09-18T10:02:16.000000Z,2026-09-18,DESCENDING,HVHV,whole,14315.224709,100.000000,141,141,1.000000,-24.311495,-21.289858,-18.771947,-16.374491,-14.062195,-10.824656,-4.066060,-16.145974,0.591026,ok
12,Unnamed,NISAR_L2_PR_GCOV_031_003_D_072_4005_DHDH_A_20260918T100216_20260918T100251_P05023_F_F_J_001,2026-09-18T10:02:16.000000Z,2026-09-18,DESCENDING,HHHH,shoreline,6395.508556,100.000000,63,63,1.000000,-20.586156,-16.373931,-14.899337,-11.521436,-6.363474,-3.940574,-2.612948,-10.693216,0.863891,ok
12,Unnamed,NISAR_L2_PR_GCOV_031_003_D_072_4005_DHDH_A_20260918T100216_20260918T100251_P05023_F_F_J_001,2026-09-18T10:02:16.000000Z,2026-09-18,DESCENDING,HVHV,shoreline,6395.508556,100.000000,63,63,1.000000,-23.903628,-21.489331,-19.890528,-15.733178,-12.508521,-9.608123,-8.122284,-16.076076,0.591026,ok
12,Unnamed,NISAR_L2_PR_GCOV_031_003_D_072_4005_DHDH_A_20260918T100216_20260918T100251_P05023_F_F_J_001,2026-09-18T10:02:16.000000Z,2026-09-18,DESCENDING,HHHH,whole,6395.508556,100.000000,63,63,1.000000,-20.586156,-16.373931,-14.899337,-11.521436,-6.363474,-3.940574,-2.612948,-10.693216,0.863891,ok
12,Unnamed,NISAR_L2_PR_GCOV_031_003_D_072_4005_DHDH_A_20260918T100216_20260918T100251_P05023_F_F_J_001,2026-09-18T10:02:16.000000Z,2026-09-18,DESCENDING,HVHV,whole,6395.508556,100.000000,63,63,1.000000,-23.903628,-21.489331,-19.890528,-15.733178,-12.508521,-9.608123,-8.122284,-16.076076,0.591026,ok
13,Unnamed,NISAR_L2_PR_GCOV_031_003_D_072_4005_DHDH_A_20260918T100216_20260918T100251_P05023_F_F_J_001,2026-09-18T10:02:16.000000Z,2026-09-18,DESCENDING,HHHH,shoreline,18329.633771,100.000000,177,177,1.000000,-20.925115,-16.442288,-14.805521,-9.913826,-4.158686,-1.422245,5.022177,-9.170437,0.863891,ok
13,Unnamed,NISAR_L2_PR_GCOV_031_003_D_072_4005_DHDH_A_20260918T100216_20260918T100251_P05023_F_F_J_001,2026-09-18T10:02:16.000000Z,2026-09-18,DESCENDING,HVHV,shoreline,18329.633771,100.000000,177,177,1.000000,-24.573340,-21.501803,-19.599634,-13.254248,-9.365744,-5.983794,-1.721940,-14.088752,0.591026,ok
13,Unnamed,NISAR_L2_PR_GCOV_031_003_D_072_4005_DHDH_A_20260918T100216_20260918T100251_P05023_F_F_J_001,2026-09-18T10:02:16.000000Z,2026-09-18,DESCENDING,HHHH,whole,18329.633771,100.000000,177,177,1.000000,-20.925115,-16.442288,-14.805521,-9.913826,-4.158686,-1.422245,5.022177,-9.170437,0.863891,ok
13,Unnamed,NISAR_L2_PR_GCOV_031_003_D_072_4005_DHDH_A_20260918T100216_20260918T100251_P05023_F_F_J_001,2026-09-18T10:02:16.000000Z,2026-09-18,DESCENDING,HVHV,whole,18329.633771,100.000000,177,177,1.000000,-24.573340,-21.501803,-19.599634,-13.254248,-9.365744,-5.983794,-1.721940,-14.088752,0.591026,ok
14,Unnamed,NISAR_L2_PR_GCOV_031_003_D_072_4005_DHDH_A_20260918T100216_20260918T100251_P05023_F_F_J_001,2026-09-18T10:02:16.000000Z,2026-09-18,DESCENDING,HHHH,shoreline,6151.446071,100.000000,63,63,1.000000,-20.027635,-17.418397,-14.814220,-12.417363,-9.315091,-6.831015,-5.576811,-12.136842,0.863891,ok
14,Unnamed,NISAR_L2_PR_GCOV_031_003_D_072_4005_DHDH_A_20260918T100216_20260918T100251_P05023_F_F_J_001,2026-09-18T10:02:16.000000Z,2026-09-18,DESCENDING,HVHV,shoreline,6151.446071,100.000000,63,63,1.000000,-25.513211,-22.045237,-20.984820,-18.118966,-15.216247,-11.747709,-8.326846,-17.598708,0.591026,ok
14,Unnamed,NISAR_L2_PR_GCOV_031_003_D_072_4005_DHDH_A_20260918T100216_20260918T100251_P05023_F_F_J_001,2026-09-18T10:02:16.000000Z,2026-09-18,DESCENDING,HHHH,whole,6151.446071,100.000000,63,63,1.000000,-20.027635,-17.418397,-14.814220,-12.417363,-9.315091,-6.831015,-5.576811,-12.136842,0.863891,ok
14,Unnamed,NISAR_L2_PR_GCOV_031_003_D_072_4005_DHDH_A_20260918T100216_20260918T100251_P05023_F_F_J_001,2026-09-18T10:02:16.000000Z,2026-09-18,DESCENDING,HVHV,whole,6151.446071,100.000000,63,63,1.000000,-25.513211,-22.045237,-20.984820,-18.118966,-15.216247,-11.747709,-8.326846,-17.598708,0.591026,ok
15,Unnamed,NISAR_L2_PR_GCOV_031_003_D_072_4005_DHDH_A_20260918T100216_20260918T100251_P05023_F_F_J_001,2026-09-18T10:02:16.000000Z,2026-09-18,DESCENDING,HHHH,shoreline,11176.661939,100.000000,112,112,1.000000,-20.424765,-16.852371,-14.867390,-11.078096,-7.715662,-5.877766,-0.954158,-11.314708,0.863891,ok
15,Unnamed,NISAR_L2_PR_GCOV_031_003_D_072_4005_DHDH_A_20260918T100216_20260918T100251_P05023_F_F_J_001,2026-09-18T10:02:16.000000Z,2026-09-18,DESCENDING,HVHV,shoreline,11176.661939,100.000000,112,112,1.000000,-25.429000,-21.979201,-19.608309,-15.586138,-11.950751,-9.891598,-6.320263,-15.772674,0.591026,ok
15,Unnamed,NISAR_L2_PR_GCOV_031_003_D_072_4005_DHDH_A_20260918T100216_20260918T100251_P05023_F_F_J_001,2026-09-18T10:02:16.000000Z,2026-09-18,DESCENDING,HHHH,whole,11176.661939,100.000000,112,112,1.000000,-20.424765,-16.852371,-14.867390,-11.078096,-7.715662,-5.877766,-0.954158,-11.314708,0.863891,ok
15,Unnamed,NISAR_L2_PR_GCOV_031_003_D_072_4005_DHDH_A_20260918T100216_20260918T100251_P05023_F_F_J_001,2026-09-18T10:02:16.000000Z,2026-09-18,DESCENDING,HVHV,whole,11176.661939,100.000000,112,112,1.000000,-25.429000,-21.979201,-19.608309,-15.586138,-11.950751,-9.891598,-6.320263,-15.772674,0.591026,ok
16,Unnamed,NISAR_L2_PR_GCOV_031_003_D_072_4005_DHDH_A_20260918T100216_20260918T100251_P05023_F_F_J_001,2026-09-18T10:02:16.000000Z,2026-09-18,DESCENDING,HHHH,shoreline,4542.975923,100.000000,45,45,1.000000,-18.715310,-15.530536,-14.711797,-12.688629,-9.057422,-6.592363,-2.420609,-11.664884,0.863891,ok
16,Unnamed,NISAR_L2_PR_GCOV_031_003_D_072_4005_DHDH_A_20260918T100216_20260918T100251_P05023_F_F_J_001,2026-09-18T10:02:16.000000Z,2026-09-18,DESCENDING,HVHV,shoreline,4542.975923,100.000000,45,45,1.000000,-25.113512,-21.561452,-20.199815,-17.908413,-16.161211,-12.081083,-9.106841,-17.796837,0.591026,ok
16,Unnamed,NISAR_L2_PR_GCOV_031_003_D_072_4005_DHDH_A_20260918T100216_20260918T100251_P05023_F_F_J_001,2026-09-18T10:02:16.000000Z,2026-09-18,DESCENDING,HHHH,whole,4542.975923,100.000000,45,45,1.000000,-18.715310,-15.530536,-14.711797,-12.688629,-9.057422,-6.592363,-2.420609,-11.664884,0.863891,ok
16,Unnamed,NISAR_L2_PR_GCOV_031_003_D_072_4005_DHDH_A_20260918T100216_20260918T100251_P05023_F_F_J_001,2026-09-18T10:02:16.000000Z,2026-09-18,DESCENDING,HVHV,whole,4542.975923,100.000000,45,45,1.000000,-25.113512,-21.561452,-20.199815,-17.908413,-16.161211,-12.081083,-9.106841,-17.796837,0.591026,ok
17,Unnamed,NISAR_L2_PR_GCOV_031_003_D_072_4005_DHDH_A_20260918T100216_20260918T100251_P05023_F_F_J_001,2026-09-18T10:02:16.000000Z,2026-09-18,DESCENDING,HHHH,shoreline,9008.570954,100.000000,90,90,1.000000,-18.809372,-16.546539,-14.905061,-13.195453,-9.937929,-6.919887,-0.235107,-12.219778,0.863891,ok
17,Unnamed,NISAR_L2_PR_GCOV_031_003_D_072_4005_DHDH_A_20260918T100216_20260918T100251_P05023_F_F_J_001,2026-09-18T10:02:16.000000Z,2026-09-18,DESCENDING,HVHV,shoreline,9008.570954,100.000000,90,90,1.000000,-25.114814,-22.499310,-21.293968,-19.293462,-16.050958,-13.171187,-3.441807,-18.368783,0.591026,ok
17,Unnamed,NISAR_L2_PR_GCOV_031_003_D_072_4005_DHDH_A_20260918T100216_20260918T100251_P05023_F_F_J_001,2026-09-18T10:02:16.000000Z,2026-09-18,DESCENDING,HHHH,whole,9008.570954,100.000000,90,90,1.000000,-18.809372,-16.546539,-14.905061,-13.195453,-9.937929,-6.919887,-0.235107,-12.219778,0.863891,ok
17,Unnamed,NISAR_L2_PR_GCOV_031_003_D_072_4005_DHDH_A_20260918T100216_20260918T100251_P05023_F_F_J_001,2026-09-18T10:02:16.000000Z,2026-09-18,DESCENDING,HVHV,whole,9008.570954,100.000000,90,90,1.000000,-25.114814,-22.499310,-21.293968,-19.293462,-16.050958,-13.171187,-3.441807,-18.368783,0.591026,ok
18,Unnamed,NISAR_L2_PR_GCOV_031_003_D_072_4005_DHDH_A_20260918T100216_20260918T100251_P05023_F_F_J_001,2026-09-18T10:02:16.000000Z,2026-09-18,DESCENDING,HHHH,core,118503.797474,100.000000,1184,1184,1.000000,-23.723985,-17.564170,-16.307812,-14.879954,-13.261340,-11.010789,4.319740,-14.344728,0.863891,ok
18,Unnamed,NISAR_L2_PR_GCOV_031_003_D_072_4005_DHDH_A_20260918T100216_20260918T100251_P05023_F_F_J_001,2026-09-18T10:02:16.000000Z,2026-09-18,DESCENDING,HVHV,core,118503.797474,100.000000,1184,1184,1.000000,-27.477145,-22.462897,-21.316758,-19.952531,-18.427840,-16.846543,-6.565820,-19.709377,0.591026,ok
18,Unnamed,NISAR_L2_PR_GCOV_031_003_D_072_4005_DHDH_A_20260918T100216_20260918T100251_P05023_F_F_J_001,2026-09-18T10:02:16.000000Z,2026-09-18,DESCENDING,HHHH,shoreline,155455.397743,100.000000,1557,1557,1.000000,-21.891221,-14.790008,-12.623960,-10.034246,-6.749008,-3.201094,8.777285,-9.504761,0.863891,ok
18,Unnamed,NISAR_L2_PR_GCOV_031_003_D_072_4005_DHDH_A_20260918T100216_20260918T100251_P05023_F_F_J_001,2026-09-18T10:02:16.000000Z,2026-09-18,DESCENDING,HVHV,shoreline,155455.397743,100.000000,1557,1557,1.000000,-27.222313,-20.427256,-18.830045,-16.505589,-14.083990,-11.185785,-3.586472,-16.206907,0.591026,ok
18,Unnamed,NISAR_L2_PR_GCOV_031_003_D_072_4005_DHDH_A_20260918T100216_20260918T100251_P05023_F_F_J_001,2026-09-18T10:02:16.000000Z,2026-09-18,DESCENDING,HHHH,whole,273959.195218,100.000000,2741,2741,1.000000,-23.723985,-16.728894,-15.076288,-12.564425,-8.761627,-4.847490,8.777285,-11.595429,0.863891,ok
18,Unnamed,NISAR_L2_PR_GCOV_031_003_D_072_4005_DHDH_A_20260918T100216_20260918T100251_P05023_F_F_J_001,2026-09-18T10:02:16.000000Z,2026-09-18,DESCENDING,HVHV,whole,273959.195218,100.000000,2741,2741,1.000000,-27.477145,-21.736986,-20.259804,-18.280499,-15.565838,-12.704658,-3.586472,-17.719831,0.591026,ok
19,Unnamed,NISAR_L2_PR_GCOV_031_003_D_072_4005_DHDH_A_20260918T100216_20260918T100251_P05023_F_F_J_001,2026-09-18T10:02:16.000000Z,2026-09-18,DESCENDING,HHHH,core,5376.480528,100.000000,55,55,1.000000,-18.492538,-16.798029,-15.454473,-14.323899,-10.832578,-8.474948,-6.490518,-13.260091,0.863891,ok
19,Unnamed,NISAR_L2_PR_GCOV_031_003_D_072_4005_DHDH_A_20260918T100216_20260918T100251_P05023_F_F_J_001,2026-09-18T10:02:16.000000Z,2026-09-18,DESCENDING,HVHV,core,5376.480528,100.000000,55,55,1.000000,-24.646217,-21.389003,-20.391292,-18.959123,-17.465933,-16.285455,-14.130913,-18.958783,0.591026,ok
19,Unnamed,NISAR_L2_PR_GCOV_031_003_D_072_4005_DHDH_A_20260918T100216_20260918T100251_P05023_F_F_J_001,2026-09-18T10:02:16.000000Z,2026-09-18,DESCENDING,HHHH,shoreline,82008.590567,100.000000,820,820,1.000000,-19.730817,-13.894303,-11.668703,-9.097562,-6.368976,-3.556091,7.729066,-8.880078,0.863891,ok
19,Unnamed,NISAR_L2_PR_GCOV_031_003_D_072_4005_DHDH_A_20260918T100216_20260918T100251_P05023_F_F_J_001,2026-09-18T10:02:16.000000Z,2026-09-18,DESCENDING,HVHV,shoreline,82008.590567,100.000000,820,820,1.000000,-25.967757,-19.853764,-17.718138,-15.411066,-12.561130,-9.391162,-2.649750,-15.028627,0.591026,ok
19,Unnamed,NISAR_L2_PR_GCOV_031_003_D_072_4005_DHDH_A_20260918T100216_20260918T100251_P05023_F_F_J_001,2026-09-18T10:02:16.000000Z,2026-09-18,DESCENDING,HHHH,whole,87385.071095,100.000000,875,875,1.000000,-19.730817,-14.480621,-11.947604,-9.389466,-6.547695,-3.789824,7.729066,-9.155393,0.863891,ok
19,Unnamed,NISAR_L2_PR_GCOV_031_003_D_072_4005_DHDH_A_20260918T100216_20260918T100251_P05023_F_F_J_001,2026-09-18T10:02:16.000000Z,2026-09-18,DESCENDING,HVHV,whole,87385.071095,100.000000,875,875,1.000000,-25.967757,-20.133783,-18.055277,-15.649482,-12.741448,-9.549402,-2.649750,-15.275665,0.591026,ok
2,Unnamed,NISAR_L2_PR_GCOV_031_003_D_072_4005_DHDH_A_20260918T100216_20260918T100251_P05023_F_F_J_001,2026-09-18T10:02:16.000000Z,2026-09-18,DESCENDING,HHHH,core,3277.550963,100.000000,32,32,1.000000,-19.714546,-18.770669,-18.083832,-16.450575,-15.618568,-14.190141,-14.116890,-16.684371,0.863891,ok
2,Unnamed,NISAR_L2_PR_GCOV_031_003_D_072_4005_DHDH_A_20260918T100216_20260918T100251_P05023_F_F_J_001,2026-09-18T10:02:16.000000Z,2026-09-18,DESCENDING,HVHV,core,3277.550963,100.000000,32,32,1.000000,-24.893765,-23.081975,-22.403236,-21.325946,-20.471748,-19.612608,-17.325408,-21.344164,0.591026,ok
2,Unnamed,NISAR_L2_PR_GCOV_031_003_D_072_4005_DHDH_A_20260918T100216_20260918T100251_P05023_F_F_J_001,2026-09-18T10:02:16.000000Z,2026-09-18,DESCENDING,HHHH,shoreline,30352.017361,100.000000,299,299,1.000000,-21.180769,-18.225858,-16.694989,-15.230241,-13.836012,-11.757941,-2.850074,-15.035024,0.863891,ok
2,Unnamed,NISAR_L2_PR_GCOV_031_003_D_072_4005_DHDH_A_20260918T100216_20260918T100251_P05023_F_F_J_001,2026-09-18T10:02:16.000000Z,2026-09-18,DESCENDING,HVHV,shoreline,30352.017361,100.000000,299,299,1.000000,-26.864604,-23.246062,-21.826445,-20.561871,-19.297479,-18.231693,-4.300211,-20.408938,0.591026,ok
2,Unnamed,NISAR_L2_PR_GCOV_031_003_D_072_4005_DHDH_A_20260918T100216_20260918T100251_P05023_F_F_J_001,2026-09-18T10:02:16.000000Z,2026-09-18,DESCENDING,HHHH,whole,33629.568324,100.000000,331,331,1.000000,-21.180769,-18.397611,-16.890132,-15.399966,-13.991562,-11.971844,-2.850074,-15.194477,0.863891,ok
2,Unnamed,NISAR_L2_PR_GCOV_031_003_D_072_4005_DHDH_A_20260918T100216_20260918T100251_P05023_F_F_J_001,2026-09-18T10:02:16.000000Z,2026-09-18,DESCENDING,HVHV,whole,33629.568324,100.000000,331,331,1.000000,-26.864604,-23.232343,-21.858218,-20.653813,-19.447564,-18.255864,-4.300211,-20.499353,0.591026,ok
20,Unnamed,NISAR_L2_PR_GCOV_031_003_D_072_4005_DHDH_A_20260918T100216_20260918T100251_P05023_F_F_J_001,2026-09-18T10:02:16.000000Z,2026-09-18,DESCENDING,HHHH,core,2083.796132,100.000000,21,21,1.000000,-19.267494,-17.442358,-16.505450,-15.929880,-15.597547,-14.839847,-14.008390,-16.099886,0.863891,ok
20,Unnamed,NISAR_L2_PR_GCOV_031_003_D_072_4005_DHDH_A_20260918T100216_20260918T100251_P05023_F_F_J_001,2026-09-18T10:02:16.000000Z,2026-09-18,DESCENDING,HVHV,core,2083.796132,100.000000,21,21,1.000000,-24.000410,-23.135889,-22.339816,-20.831134,-20.099820,-19.414051,-18.691918,-21.046027,0.591026,ok
20,Unnamed,NISAR_L2_PR_GCOV_031_003_D_072_4005_DHDH_A_20260918T100216_20260918T100251_P05023_F_F_J_001,2026-09-18T10:02:16.000000Z,2026-09-18,DESCENDING,HHHH,shoreline,47295.150140,100.000000,474,474,1.000000,-20.584023,-17.423867,-16.064024,-14.565586,-12.333308,-8.722383,3.239715,-13.671802,0.863891,ok
20,Unnamed,NISAR_L2_PR_GCOV_031_003_D_072_4005_DHDH_A_20260918T100216_20260918T100251_P05023_F_F_J_001,2026-09-18T10:02:16.000000Z,2026-09-18,DESCENDING,HVHV,shoreline,47295.150140,100.000000,474,474,1.000000,-26.309522,-22.244669,-21.228197,-19.625703,-17.514914,-14.028149,-1.883261,-18.792832,0.591026,ok
20,Unnamed,NISAR_L2_PR_GCOV_031_003_D_072_4005_DHDH_A_20260918T100216_20260918T100251_P05023_F_F_J_001,2026-09-18T10:02:16.000000Z,2026-09-18,DESCENDING,HHHH,whole,49378.946273,100.000000,495,495,1.000000,-20.584023,-17.435133,-16.161276,-14.705796,-12.491576,-9.014657,3.239715,-13.774812,0.863891,ok
20,Unnamed,NISAR_L2_PR_GCOV_031_003_D_072_4005_DHDH_A_20260918T100216_20260918T100251_P05023_F_F_J_001,2026-09-18T10:02:16.000000Z,2026-09-18,DESCENDING,HVHV,whole,49378.946273,100.000000,495,495,1.000000,-26.309522,-22.272246,-21.278333,-19.720173,-17.530234,-14.138270,-1.883261,-18.888422,0.591026,ok
21,Unnamed,NISAR_L2_PR_GCOV_031_003_D_072_4005_DHDH_A_20260918T100216_20260918T100251_P05023_F_F_J_001,2026-09-18T10:02:16.000000Z,2026-09-18,DESCENDING,HHHH,core,2786.707526,100.000000,27,27,1.000000,-20.443130,-17.113645,-16.529987,-14.929893,-12.063422,-10.863525,-2.819398,-14.112955,0.863891,ok
21,Unnamed,NISAR_L2_PR_GCOV_031_003_D_072_4005_DHDH_A_20260918T100216_20260918T100251_P05023_F_F_J_001,2026-09-18T10:02:16.000000Z,2026-09-18,DESCENDING,HVHV,core,2786.707526,100.000000,27,27,1.000000,-24.660275,-23.089930,-21.999927,-20.460479,-19.864204,-18.232538,-8.088068,-20.262475,0.591026,ok
21,Unnamed,NISAR_L2_PR_GCOV_031_003_D_072_4005_DHDH_A_20260918T100216_20260918T100251_P05023_F_F_J_001,2026-09-18T10:02:16.000000Z,2026-09-18,DESCENDING,HHHH,shoreline,71791.547537,100.000000,716,716,1.000000,-21.594017,-16.900231,-15.115425,-12.043719,-8.438723,-5.162398,5.012826,-11.565997,0.863891,ok
21,Unnamed,NISAR_L2_PR_GCOV_031_003_D_072_4005_DHDH_A_20260918T100216_20260918T100251_P05023_F_F_J_001,2026-09-18T10:02:16.000000Z,2026-09-18,DESCENDING,HVHV,shoreline,71791.547537,100.000000,716,716,1.000000,-29.310701,-22.000569,-20.002934,-17.745458,-14.633412,-11.167248,-3.950364,-17.135154,0.591026,ok
21,Unnamed,NISAR_L2_PR_GCOV_031_003_D_072_4005_DHDH_A_20260918T100216_20260918T100251_P05023_F_F_J_001,2026-09-18T10:02:16.000000Z,2026-09-18,DESCENDING,HHHH,whole,74578.255063,100.000000,743,743,1.000000,-21.594017,-16.932421,-15.170214,-12.144098,-8.661520,-5.194532,5.012826,-11.658551,0.863891,ok
21,Unnamed,NISAR_L2_PR_GCOV_031_003_D_072_4005_DHDH_A_20260918T100216_20260918T100251_P05023_F_F_J_001,2026-09-18T10:02:16.000000Z,2026-09-18,DESCENDING,HVHV,whole,74578.255063,100.000000,743,743,1.000000,-29.310701,-22.092228,-20.149990,-17.888119,-14.719011,-11.257958,-3.950364,-17.248798,0.591026,ok
22,Unnamed,NISAR_L2_PR_GCOV_031_003_D_072_4005_DHDH_A_20260918T100216_20260918T100251_P05023_F_F_J_001,2026-09-18T10:02:16.000000Z,2026-09-18,DESCENDING,HHHH,core,7912.597630,100.000000,78,78,1.000000,-20.868154,-18.665103,-17.540466,-16.300257,-14.884651,-13.700126,-11.673094,-16.235022,0.863891,ok
22,Unnamed,NISAR_L2_PR_GCOV_031_003_D_072_4005_DHDH_A_20260918T100216_20260918T100251_P05023_F_F_J_001,2026-09-18T10:02:16.000000Z,2026-09-18,DESCENDING,HVHV,core,7912.597630,100.000000,78,78,1.000000,-25.841490,-23.365953,-22.409944,-21.313264,-20.601958,-19.508612,-18.247314,-21.505725,0.591026,ok
22,Unnamed,NISAR_L2_PR_GCOV_031_003_D_072_4005_DHDH_A_20260918T100216_20260918T100251_P05023_F_F_J_001,2026-09-18T10:02:16.000000Z,2026-09-18,DESCENDING,HHHH,shoreline,41207.491649,100.000000,409,409,1.000000,-21.812201,-18.231994,-16.832105,-15.326454,-14.035157,-11.849053,-3.115709,-15.127882,0.863891,ok
22,Unnamed,NISAR_L2_PR_GCOV_031_003_D_072_4005_DHDH_A_20260918T100216_20260918T100251_P05023_F_F_J_001,2026-09-18T10:02:16.000000Z,2026-09-18,DESCENDING,HVHV,shoreline,41207.491649,100.000000,409,409,1.000000,-27.501540,-23.473401,-22.091967,-20.638374,-18.983840,-17.512400,-7.963000,-20.404569,0.591026,ok
22,Unnamed,NISAR_L2_PR_GCOV_031_003_D_072_4005_DHDH_A_20260918T100216_20260918T100251_P05023_F_F_J_001,2026-09-18T10:02:16.000000Z,2026-09-18,DESCENDING,HHHH,whole,49120.089278,100.000000,487,487,1.000000,-21.812201,-18.346422,-17.088216,-15.537582,-14.105510,-12.183141,-3.115709,-15.305206,0.863891,ok
22,Unnamed,NISAR_L2_PR_GCOV_031_003_D_072_4005_DHDH_A_20260918T100216_20260918T100251_P05023_F_F_J_001,2026-09-18T10:02:16.000000Z,2026-09-18,DESCENDING,HVHV,whole,49120.089278,100.000000,487,487,1.000000,-27.501540,-23.426441,-22.142973,-20.802142,-19.203417,-17.721252,-7.963000,-20.580935,0.591026,ok
23,Unnamed,NISAR_L2_PR_GCOV_031_003_D_072_4005_DHDH_A_20260918T100216_20260918T100251_P05023_F_F_J_001,2026-09-18T10:02:16.000000Z,2026-09-18,DESCENDING,HHHH,core,3617.292935,100.000000,35,35,1.000000,-19.939441,-18.307136,-17.290675,-16.223213,-15.293069,-14.385181,-13.927938,-16.351181,0.863891,ok
23,Unnamed,NISAR_L2_PR_GCOV_031_003_D_072_4005_DHDH_A_20260918T100216_20260918T100251_P05023_F_F_J_001,2026-09-18T10:02:16.000000Z,2026-09-18,DESCENDING,HVHV,core,3617.292935,100.000000,35,35,1.000000,-25.266672,-24.805792,-22.893573,-21.811454,-20.061295,-19.096819,-17.725776,-21.737834,0.591026,ok
23,Unnamed,NISAR_L2_PR_GCOV_031_003_D_072_4005_DHDH_A_20260918T100216_20260918T100251_P05023_F_F_J_001,2026-09-18T10:02:16.000000Z,2026-09-18,DESCENDING,HHHH,shoreline,61852.370253,100.000000,624,624,1.000000,-22.693738,-18.882445,-17.582722,-16.164764,-14.683076,-12.829273,-0.275519,-15.835028,0.863891,ok
23,Unnamed,NISAR_L2_PR_GCOV_031_003_D_072_4005_DHDH_A_20260918T100216_20260918T100251_P05023_F_F_J_001,2026-09-18T10:02:16.000000Z,2026-09-18,DESCENDING,HVHV,shoreline,61852.370253,100.000000,624,624,1.000000,-26.484246,-23.294921,-21.902522,-20.491825,-19.041064,-17.414322,-7.433759,-20.393960,0.591026,ok
23,Unnamed,NISAR_L2_PR_GCOV_031_003_D_072_4005_DHDH_A_20260918T100216_20260918T100251_P05023_F_F_J_001,2026-09-18T10:02:16.000000Z,2026-09-18,DESCENDING,HHHH,whole,65469.663188,100.000000,659,659,1.000000,-22.693738,-18.875955,-17.567309,-16.167119,-14.742678,-12.947127,-0.275519,-15.862442,0.863891,ok
23,Unnamed,NISAR_L2_PR_GCOV_031_003_D_072_4005_DHDH_A_20260918T100216_20260918T100251_P05023_F_F_J_001,2026-09-18T10:02:16.000000Z,2026-09-18,DESCENDING,HVHV,whole,65469.663188,100.000000,659,659,1.000000,-26.484246,-23.416630,-21.950498,-20.535963,-19.106800,-17.469433,-7.433759,-20.465334,0.591026,ok
24,Unnamed,NISAR_L2_PR_GCOV_031_003_D_072_4005_DHDH_A_20260918T100216_20260918T100251_P05023_F_F_J_001,2026-09-18T10:02:16.000000Z,2026-09-18,DESCENDING,HHHH,shoreline,11788.240185,100.000000,122,122,1.000000,-20.981015,-16.108245,-14.527532,-11.883443,-6.466602,-3.439996,-0.347030,-10.746021,0.863891,ok
24,Unnamed,NISAR_L2_PR_GCOV_031_003_D_072_4005_DHDH_A_20260918T100216_20260918T100251_P05023_F_F_J_001,2026-09-18T10:02:16.000000Z,2026-09-18,DESCENDING,HVHV,shoreline,11788.240185,100.000000,122,122,1.000000,-28.325067,-21.194926,-19.477043,-16.986269,-12.324920,-9.843261,-4.901082,-16.041320,0.591026,ok
24,Unnamed,NISAR_L2_PR_GCOV_031_003_D_072_4005_DHDH_A_20260918T100216_20260918T100251_P05023_F_F_J_001,2026-09-18T10:02:16.000000Z,2026-09-18,DESCENDING,HHHH,whole,11788.240185,100.000000,122,122,1.000000,-20.981015,-16.108245,-14.527532,-11.883443,-6.466602,-3.439996,-0.347030,-10.746021,0.863891,ok
24,Unnamed,NISAR_L2_PR_GCOV_031_003_D_072_4005_DHDH_A_20260918T100216_20260918T100251_P05023_F_F_J_001,2026-09-18T10:02:16.000000Z,2026-09-18,DESCENDING,HVHV,whole,11788.240185,100.000000,122,122,1.000000,-28.325067,-21.194926,-19.477043,-16.986269,-12.324920,-9.843261,-4.901082,-16.041320,0.591026,ok
25,Unnamed,NISAR_L2_PR_GCOV_031_003_D_072_4005_DHDH_A_20260918T100216_20260918T100251_P05023_F_F_J_001,2026-09-18T10:02:16.000000Z,2026-09-18,DESCENDING,HHHH,shoreline,30021.819698,100.000000,299,299,1.000000,-21.382035,-17.452309,-15.892983,-14.318521,-11.823242,-7.830417,-1.584972,-13.495417,0.863891,ok
25,Unnamed,NISAR_L2_PR_GCOV_031_003_D_072_4005_DHDH_A_20260918T100216_20260918T100251_P05023_F_F_J_001,2026-09-18T10:02:16.000000Z,2026-09-18,DESCENDING,HVHV,shoreline,30021.819698,100.000000,299,299,1.000000,-26.522665,-22.889482,-21.334799,-19.646008,-17.525709,-13.054278,-7.891864,-18.907780,0.591026,ok
25,Unnamed,NISAR_L2_PR_GCOV_031_003_D_072_4005_DHDH_A_20260918T100216_20260918T100251_P05023_F_F_J_001,2026-09-18T10:02:16.000000Z,2026-09-18,DESCENDING,HHHH,whole,30021.819698,100.000000,299,299,1.000000,-21.382035,-17.452309,-15.892983,-14.318521,-11.823242,-7.830417,-1.584972,-13.495417,0.863891,ok
25,Unnamed,NISAR_L2_PR_GCOV_031_003_D_072_4005_DHDH_A_20260918T100216_20260918T100251_P05023_F_F_J_001,2026-09-18T10:02:16.000000Z,2026-09-18,DESCENDING,HVHV,whole,30021.819698,100.000000,299,299,1.000000,-26.522665,-22.889482,-21.334799,-19.646008,-17.525709,-13.054278,-7.891864,-18.907780,0.591026,ok
26,Unnamed,NISAR_L2_PR_GCOV_031_003_D_072_4005_DHDH_A_20260918T100216_20260918T100251_P05023_F_F_J_001,2026-09-18T10:02:16.000000Z,2026-09-18,DESCENDING,HHHH,shoreline,14439.595936,100.000000,144,144,1.000000,-19.084056,-16.319449,-14.625368,-11.853977,-7.575638,-5.099516,0.421655,-11.159085,0.863891,ok
26,Unnamed,NISAR_L2_PR_GCOV_031_003_D_072_4005_DHDH_A_20260918T100216_20260918T100251_P05023_F_F_J_001,2026-09-18T10:02:16.000000Z,2026-09-18,DESCENDING,HVHV,shoreline,14439.595936,100.000000,144,144,1.000000,-25.104530,-21.555344,-20.480023,-17.596891,-13.924026,-11.024257,-5.224824,-16.883969,0.591026,ok
26,Unnamed,NISAR_L2_PR_GCOV_031_003_D_072_4005_DHDH_A_20260918T100216_20260918T100251_P05023_F_F_J_001,2026-09-18T10:02:16.000000Z,2026-09-18,DESCENDING,HHHH,whole,14439.595936,100.000000,144,144,1.000000,-19.084056,-16.319449,-14.625368,-11.853977,-7.575638,-5.099516,0.421655,-11.159085,0.863891,ok
26,Unnamed,NISAR_L2_PR_GCOV_031_003_D_072_4005_DHDH_A_20260918T100216_20260918T100251_P05023_F_F_J_001,2026-09-18T10:02:16.000000Z,2026-09-18,DESCENDING,HVHV,whole,14439.595936,100.000000,144,144,1.000000,-25.104530,-21.555344,-20.480023,-17.596891,-13.924026,-11.024257,-5.224824,-16.883969,0.591026,ok
27,Unnamed,NISAR_L2_PR_GCOV_031_003_D_072_4005_DHDH_A_20260918T100216_20260918T100251_P05023_F_F_J_001,2026-09-18T10:02:16.000000Z,2026-09-18,DESCENDING,HHHH,core,4488.032286,100.000000,46,46,1.000000,-20.933836,-18.113755,-17.263194,-15.807857,-14.932552,-13.857424,-12.440149,-15.979341,0.863891,ok
27,Unnamed,NISAR_L2_PR_GCOV_031_003_D_072_4005_DHDH_A_20260918T100216_20260918T100251_P05023_F_F_J_001,2026-09-18T10:02:16.000000Z,2026-09-18,DESCENDING,HVHV,core,4488.032286,100.000000,46,46,1.000000,-24.029182,-23.545752,-22.214690,-20.932404,-19.543694,-18.459612,-16.723194,-20.924460,0.591026,ok
27,Unnamed,NISAR_L2_PR_GCOV_031_003_D_072_4005_DHDH_A_20260918T100216_20260918T100251_P05023_F_F_J_001,2026-09-18T10:02:16.000000Z,2026-09-18,DESCENDING,HHHH,shoreline,34066.736745,100.000000,345,345,1.000000,-21.576974,-17.743986,-16.233988,-14.528797,-11.901845,-6.900103,0.165970,-13.576756,0.863891,ok
27,Unnamed,NISAR_L2_PR_GCOV_031_003_D_072_4005_DHDH_A_20260918T100216_20260918T100251_P05023_F_F_J_001,2026-09-18T10:02:16.000000Z,2026-09-18,DESCENDING,HVHV,shoreline,34066.736745,100.000000,345,345,1.000000,-26.931516,-23.198076,-21.769156,-19.942148,-17.195428,-12.634874,-4.984792,-18.960885,0.591026,ok
27,Unnamed,NISAR_L2_PR_GCOV_031_003_D_072_4005_DHDH_A_20260918T100216_20260918T100251_P05023_F_F_J_001,2026-09-18T10:02:16.000000Z,2026-09-18,DESCENDING,HHHH,whole,38554.769032,100.000000,391,391,1.000000,-21.576974,-17.771340,-16.435420,-14.815615,-12.440204,-7.129285,0.165970,-13.859413,0.863891,ok
27,Unnamed,NISAR_L2_PR_GCOV_031_003_D_072_4005_DHDH_A_20260918T100216_20260918T100251_P05023_F_F_J_001,2026-09-18T10:02:16.000000Z,2026-09-18,DESCENDING,HVHV,whole,38554.769032,100.000000,391,391,1.000000,-26.931516,-23.318798,-21.827340,-20.227987,-17.671809,-13.109696,-4.984792,-19.191894,0.591026,ok
28,Unnamed,NISAR_L2_PR_GCOV_031_003_D_072_4005_DHDH_A_20260918T100216_20260918T100251_P05023_F_F_J_001,2026-09-18T10:02:16.000000Z,2026-09-18,DESCENDING,HHHH,shoreline,6322.670708,100.000000,64,64,1.000000,-15.696045,-14.213248,-12.029484,-9.361387,-7.128361,-5.099542,2.239800,-9.367883,0.863891,ok
28,Unnamed,NISAR_L2_PR_GCOV_031_003_D_072_4005_DHDH_A_20260918T100216_20260918T100251_P05023_F_F_J_001,2026-09-18T10:02:16.000000Z,2026-09-18,DESCENDING,HVHV,shoreline,6322.670708,100.000000,64,64,1.000000,-23.624334,-20.116892,-17.309527,-15.839019,-13.030754,-10.983247,-8.374326,-15.451175,0.591026,ok
28,Unnamed,NISAR_L2_PR_GCOV_031_003_D_072_4005_DHDH_A_20260918T100216_20260918T100251_P05023_F_F_J_001,2026-09-18T10:02:16.000000Z,2026-09-18,DESCENDING,HHHH,whole,6322.670708,100.000000,64,64,1.000000,-15.696045,-14.213248,-12.029484,-9.361387,-7.128361,-5.099542,2.239800,-9.367883,0.863891,ok
28,Unnamed,NISAR_L2_PR_GCOV_031_003_D_072_4005_DHDH_A_20260918T100216_20260918T100251_P05023_F_F_J_001,2026-09-18T10:02:16.000000Z,2026-09-18,DESCENDING,HVHV,whole,6322.670708,100.000000,64,64,1.000000,-23.624334,-20.116892,-17.309527,-15.839019,-13.030754,-10.983247,-8.374326,-15.451175,0.591026,ok
29,Unnamed,NISAR_L2_PR_GCOV_031_003_D_072_4005_DHDH_A_20260918T100216_20260918T100251_P05023_F_F_J_001,2026-09-18T10:02:16.000000Z,2026-09-18,DESCENDING,HHHH,shoreline,11156.619258,100.000000,110,110,1.000000,-19.430594,-16.678622,-15.112812,-13.089919,-8.585015,-5.603805,1.990475,-11.797471,0.863891,ok
29,Unnamed,NISAR_L2_PR_GCOV_031_003_D_072_4005_DHDH_A_20260918T100216_20260918T100251_P05023_F_F_J_001,2026-09-18T10:02:16.000000Z,2026-09-18,DESCENDING,HVHV,shoreline,11156.619258,100.000000,110,110,1.000000,-24.667851,-21.442178,-19.646807,-17.549424,-14.200142,-10.437564,-6.165260,-16.723017,0.591026,ok
29,Unnamed,NISAR_L2_PR_GCOV_031_003_D_072_4005_DHDH_A_20260918T100216_20260918T100251_P05023_F_F_J_001,2026-09-18T10:02:16.000000Z,2026-09-18,DESCENDING,HHHH,whole,11156.619258,100.000000,110,110,1.000000,-19.430594,-16.678622,-15.112812,-13.089919,-8.585015,-5.603805,1.990475,-11.797471,0.863891,ok
29,Unnamed,NISAR_L2_PR_GCOV_031_003_D_072_4005_DHDH_A_20260918T100216_20260918T100251_P05023_F_F_J_001,2026-09-18T10:02:16.000000Z,2026-09-18,DESCENDING,HVHV,whole,11156.619258,100.000000,110,110,1.000000,-24.667851,-21.442178,-19.646807,-17.549424,-14.200142,-10.437564,-6.165260,-16.723017,0.591026,ok
3,Unnamed,NISAR_L2_PR_GCOV_031_003_D_072_4005_DHDH_A_20260918T100216_20260918T100251_P05023_F_F_J_001,2026-09-18T10:02:16.000000Z,2026-09-18,DESCENDING,HHHH,shoreline,11434.168985,100.000000,113,113,1.000000,-18.330721,-15.523794,-14.401482,-13.150612,-10.315686,-7.956650,1.667854,-12.207401,0.863891,ok
3,Unnamed,NISAR_L2_PR_GCOV_031_003_D_072_4005_DHDH_A_20260918T100216_20260918T100251_P05023_F_F_J_001,2026-09-18T10:02:16.000000Z,2026-09-18,DESCENDING,HVHV,shoreline,11434.168985,100.000000,113,113,1.000000,-25.570942,-21.493134,-19.845602,-18.039129,-15.671898,-12.929663,-9.601703,-17.780109,0.591026,ok
3,Unnamed,NISAR_L2_PR_GCOV_031_003_D_072_4005_DHDH_A_20260918T100216_20260918T100251_P05023_F_F_J_001,2026-09-18T10:02:16.000000Z,2026-09-18,DESCENDING,HHHH,whole,11434.168985,100.000000,113,113,1.000000,-18.330721,-15.523794,-14.401482,-13.150612,-10.315686,-7.956650,1.667854,-12.207401,0.863891,ok
3,Unnamed,NISAR_L2_PR_GCOV_031_003_D_072_4005_DHDH_A_20260918T100216_20260918T100251_P05023_F_F_J_001,2026-09-18T10:02:16.000000Z,2026-09-18,DESCENDING,HVHV,whole,11434.168985,100.000000,113,113,1.000000,-25.570942,-21.493134,-19.845602,-18.039129,-15.671898,-12.929663,-9.601703,-17.780109,0.591026,ok
30,Unnamed,NISAR_L2_PR_GCOV_031_003_D_072_4005_DHDH_A_20260918T100216_20260918T100251_P05023_F_F_J_001,2026-09-18T10:02:16.000000Z,2026-09-18,DESCENDING,HHHH,shoreline,24517.632812,100.000000,241,241,1.000000,-18.455812,-11.023756,-9.550874,-7.298621,-5.171361,-3.309856,-0.154194,-7.340145,0.863891,ok
30,Unnamed,NISAR_L2_PR_GCOV_031_003_D_072_4005_DHDH_A_20260918T100216_20260918T100251_P05023_F_F_J_001,2026-09-18T10:02:16.000000Z,2026-09-18,DESCENDING,HVHV,shoreline,24517.632812,100.000000,241,241,1.000000,-22.038658,-17.103581,-15.104170,-12.789835,-10.785174,-8.415482,-4.463371,-12.847364,0.591026,ok
30,Unnamed,NISAR_L2_PR_GCOV_031_003_D_072_4005_DHDH_A_20260918T100216_20260918T100251_P05023_F_F_J_001,2026-09-18T10:02:16.000000Z,2026-09-18,DESCENDING,HHHH,whole,24517.632812,100.000000,241,241,1.000000,-18.455812,-11.023756,-9.550874,-7.298621,-5.171361,-3.309856,-0.154194,-7.340145,0.863891,ok
30,Unnamed,NISAR_L2_PR_GCOV_031_003_D_072_4005_DHDH_A_20260918T100216_20260918T100251_P05023_F_F_J_001,2026-09-18T10:02:16.000000Z,2026-09-18,DESCENDING,HVHV,whole,24517.632812,100.000000,241,241,1.000000,-22.038658,-17.103581,-15.104170,-12.789835,-10.785174,-8.415482,-4.463371,-12.847364,0.591026,ok
31,Unnamed,NISAR_L2_PR_GCOV_031_003_D_072_4005_DHDH_A_20260918T100216_20260918T100251_P05023_F_F_J_001,2026-09-18T10:02:16.000000Z,2026-09-18,DESCENDING,HHHH,core,1481.449039,100.000000,16,16,1.000000,-20.193748,-17.358832,-16.430168,-15.452493,-14.826874,-14.062704,-11.425092,-15.638047,0.863891,ok
31,Unnamed,NISAR_L2_PR_GCOV_031_003_D_072_4005_DHDH_A_20260918T100216_20260918T100251_P05023_F_F_J_001,2026-09-18T10:02:16.000000Z,2026-09-18,DESCENDING,HVHV,core,1481.449039,100.000000,16,16,1.000000,-25.052063,-23.994624,-22.076556,-20.728005,-19.595103,-19.073838,-18.759440,-21.140191,0.591026,ok
31,Unnamed,NISAR_L2_PR_GCOV_031_003_D_072_4005_DHDH_A_20260918T100216_20260918T100251_P05023_F_F_J_001,2026-09-18T10:02:16.000000Z,2026-09-18,DESCENDING,HHHH,shoreline,17270.036923,100.000000,174,174,1.000000,-23.684624,-17.868363,-16.485686,-15.060256,-13.502046,-9.437302,-2.768394,-14.537578,0.863891,ok
31,Unnamed,NISAR_L2_PR_GCOV_031_003_D_072_4005_DHDH_A_20260918T100216_20260918T100251_P05023_F_F_J_001,2026-09-18T10:02:16.000000Z,2026-09-18,DESCENDING,HVHV,shoreline,17270.036923,100.000000,174,174,1.000000,-25.344219,-23.116346,-21.646379,-20.155633,-18.209047,-15.042627,-7.005950,-19.547367,0.591026,ok
31,Unnamed,NISAR_L2_PR_GCOV_031_003_D_072_4005_DHDH_A_20260918T100216_20260918T100251_P05023_F_F_J_001,2026-09-18T10:02:16.000000Z,2026-09-18,DESCENDING,HHHH,whole,18751.485962,100.000000,190,190,1.000000,-23.684624,-17.892328,-16.475052,-15.080315,-13.633035,-9.657401,-2.768394,-14.630249,0.863891,ok
31,Unnamed,NISAR_L2_PR_GCOV_031_003_D_072_4005_DHDH_A_20260918T100216_20260918T100251_P05023_F_F_J_001,2026-09-18T10:02:16.000000Z,2026-09-18,DESCENDING,HVHV,whole,18751.485962,100.000000,190,190,1.000000,-25.344219,-23.291918,-21.681650,-20.176190,-18.494949,-15.807465,-7.005950,-19.681499,0.591026,ok
32,Unnamed,NISAR_L2_PR_GCOV_031_003_D_072_4005_DHDH_A_20260918T100216_20260918T100251_P05023_F_F_J_001,2026-09-18T10:02:16.000000Z,2026-09-18,DESCENDING,HHHH,core,3445.772556,100.000000,33,33,1.000000,-18.514032,-17.189419,-16.423929,-15.806517,-15.135135,-14.328330,-12.078770,-15.830539,0.863891,ok
32,Unnamed,NISAR_L2_PR_GCOV_031_003_D_072_4005_DHDH_A_20260918T100216_20260918T100251_P05023_F_F_J_001,2026-09-18T10:02:16.000000Z,2026-09-18,DESCENDING,HVHV,core,3445.772556,100.000000,33,33,1.000000,-26.583708,-22.913239,-21.700647,-20.664720,-19.770313,-18.099884,-16.036891,-20.678726,0.591026,ok
32,Unnamed,NISAR_L2_PR_GCOV_031_003_D_072_4005_DHDH_A_20260918T100216_20260918T100251_P05023_F_F_J_001,2026-09-18T10:02:16.000000Z,2026-09-18,DESCENDING,HHHH,shoreline,32863.807375,100.000000,333,333,1.000000,-21.307907,-17.031933,-15.665405,-13.848549,-11.370236,-5.743653,2.050608,-12.780857,0.863891,ok
32,Unnamed,NISAR_L2_PR_GCOV_031_003_D_072_4005_DHDH_A_20260918T100216_20260918T100251_P05023_F_F_J_001,2026-09-18T10:02:16.000000Z,2026-09-18,DESCENDING,HVHV,shoreline,32863.807375,100.000000,333,333,1.000000,-26.236382,-22.377174,-21.019472,-19.120180,-16.446530,-12.287961,-6.023484,-18.170419,0.591026,ok
32,Unnamed,NISAR_L2_PR_GCOV_031_003_D_072_4005_DHDH_A_20260918T100216_20260918T100251_P05023_F_F_J_001,2026-09-18T10:02:16.000000Z,2026-09-18,DESCENDING,HHHH,whole,36309.579932,100.000000,366,366,1.000000,-21.307907,-17.112696,-15.814370,-14.221194,-11.833638,-6.304492,2.050608,-13.055828,0.863891,ok
32,Unnamed,NISAR_L2_PR_GCOV_031_003_D_072_4005_DHDH_A_20260918T100216_20260918T100251_P05023_F_F_J_001,2026-09-18T10:02:16.000000Z,2026-09-18,DESCENDING,HVHV,whole,36309.579932,100.000000,366,366,1.000000,-26.583708,-22.446685,-21.121535,-19.332401,-16.751370,-12.446633,-6.023484,-18.396578,0.591026,ok
33,Unnamed,NISAR_L2_PR_GCOV_031_003_D_072_4005_DHDH_A_20260918T100216_20260918T100251_P05023_F_F_J_001,2026-09-18T10:02:16.000000Z,2026-09-18,DESCENDING,HHHH,shoreline,9956.188808,100.000000,98,98,1.000000,-17.924948,-16.212464,-14.376320,-11.516344,-9.051997,-5.954393,-0.129067,-11.451153,0.863891,ok
33,Unnamed,NISAR_L2_PR_GCOV_031_003_D_072_4005_DHDH_A_20260918T100216_20260918T100251_P05023_F_F_J_001,2026-09-18T10:02:16.000000Z,2026-09-18,DESCENDING,HVHV,shoreline,9956.188808,100.000000,98,98,1.000000,-24.992125,-21.777238,-20.334606,-16.998471,-14.565234,-11.213816,-6.397666,-16.966448,0.591026,ok
33,Unnamed,NISAR_L2_PR_GCOV_031_003_D_072_4005_DHDH_A_20260918T100216_20260918T100251_P05023_F_F_J_001,2026-09-18T10:02:16.000000Z,2026-09-18,DESCENDING,HHHH,whole,9956.188808,100.000000,98,98,1.000000,-17.924948,-16.212464,-14.376320,-11.516344,-9.051997,-5.954393,-0.129067,-11.451153,0.863891,ok
33,Unnamed,NISAR_L2_PR_GCOV_031_003_D_072_4005_DHDH_A_20260918T100216_20260918T100251_P05023_F_F_J_001,2026-09-18T10:02:16.000000Z,2026-09-18,DESCENDING,HVHV,whole,9956.188808,100.000000,98,98,1.000000,-24.992125,-21.777238,-20.334606,-16.998471,-14.565234,-11.213816,-6.397666,-16.966448,0.591026,ok
34,Unnamed,NISAR_L2_PR_GCOV_031_003_D_072_4005_DHDH_A_20260918T100216_20260918T100251_P05023_F_F_J_001,2026-09-18T10:02:16.000000Z,2026-09-18,DESCENDING,HHHH,shoreline,16977.653409,100.000000,170,170,1.000000,-23.294576,-17.919695,-16.442358,-14.923560,-12.003525,-6.697831,0.615303,-13.603841,0.863891,ok
34,Unnamed,NISAR_L2_PR_GCOV_031_003_D_072_4005_DHDH_A_20260918T100216_20260918T100251_P05023_F_F_J_001,2026-09-18T10:02:16.000000Z,2026-09-18,DESCENDING,HVHV,shoreline,16977.653409,100.000000,170,170,1.000000,-25.459558,-22.596686,-21.198122,-18.975081,-16.070440,-13.395665,-3.098329,-18.355168,0.591026,ok
34,Unnamed,NISAR_L2_PR_GCOV_031_003_D_072_4005_DHDH_A_20260918T100216_20260918T100251_P05023_F_F_J_001,2026-09-18T10:02:16.000000Z,2026-09-18,DESCENDING,HHHH,whole,16977.653409,100.000000,170,170,1.000000,-23.294576,-17.919695,-16.442358,-14.923560,-12.003525,-6.697831,0.615303,-13.603841,0.863891,ok
34,Unnamed,NISAR_L2_PR_GCOV_031_003_D_072_4005_DHDH_A_20260918T100216_20260918T100251_P05023_F_F_J_001,2026-09-18T10:02:16.000000Z,2026-09-18,DESCENDING,HVHV,whole,16977.653409,100.000000,170,170,1.000000,-25.459558,-22.596686,-21.198122,-18.975081,-16.070440,-13.395665,-3.098329,-18.355168,0.591026,ok
35,Unnamed,NISAR_L2_PR_GCOV_031_003_D_072_4005_DHDH_A_20260918T100216_20260918T100251_P05023_F_F_J_001,2026-09-18T10:02:16.000000Z,2026-09-18,DESCENDING,HHHH,core,163.178983,100.000000,2,2,1.000000,-17.099385,-16.898453,-16.597057,-16.094729,-15.592401,-15.291004,-15.090073,-16.094729,0.863891,ok
35,Unnamed,NISAR_L2_PR_GCOV_031_003_D_072_4005_DHDH_A_20260918T100216_20260918T100251_P05023_F_F_J_001,2026-09-18T10:02:16.000000Z,2026-09-18,DESCENDING,HVHV,core,163.178983,100.000000,2,2,1.000000,-24.696382,-24.324462,-23.766583,-22.836785,-21.906987,-21.349108,-20.977188,-22.836785,0.591026,ok
35,Unnamed,NISAR_L2_PR_GCOV_031_003_D_072_4005_DHDH_A_20260918T100216_20260918T100251_P05023_F_F_J_001,2026-09-18T10:02:16.000000Z,2026-09-18,DESCENDING,HHHH,shoreline,26376.921634,100.000000,266,266,1.000000,-21.167675,-17.336472,-15.789267,-13.775126,-9.570810,-5.466399,1.824112,-12.315606,0.863891,ok
35,Unnamed,NISAR_L2_PR_GCOV_031_003_D_072_4005_DHDH_A_20260918T100216_20260918T100251_P05023_F_F_J_001,2026-09-18T10:02:16.000000Z,2026-09-18,DESCENDING,HVHV,shoreline,26376.921634,100.000000,266,266,1.000000,-24.292535,-21.558219,-20.350143,-18.435978,-14.910997,-10.837431,-5.127225,-17.458909,0.591026,ok
35,Unnamed,NISAR_L2_PR_GCOV_031_003_D_072_4005_DHDH_A_20260918T100216_20260918T100251_P05023_F_F_J_001,2026-09-18T10:02:16.000000Z,2026-09-18,DESCENDING,HHHH,whole,26540.100617,100.000000,268,268,1.000000,-21.167675,-17.321051,-15.799919,-13.802428,-9.582099,-5.477237,1.824112,-12.343809,0.863891,ok
35,Unnamed,NISAR_L2_PR_GCOV_031_003_D_072_4005_DHDH_A_20260918T100216_20260918T100251_P05023_F_F_J_001,2026-09-18T10:02:16.000000Z,2026-09-18,DESCENDING,HVHV,whole,26540.100617,100.000000,268,268,1.000000,-24.696382,-21.634276,-20.384036,-18.476581,-14.966396,-10.846683,-5.127225,-17.499042,0.591026,ok
43,Unnamed,NISAR_L2_PR_GCOV_031_003_D_072_4005_DHDH_A_20260918T100216_20260918T100251_P05023_F_F_J_001,2026-09-18T10:02:16.000000Z,2026-09-18,DESCENDING,HHHH,shoreline,14166.390215,100.000000,143,143,1.000000,-19.445469,-17.389240,-15.161228,-12.597479,-9.828876,-7.374590,-2.506439,-12.424185,0.863891,ok
43,Unnamed,NISAR_L2_PR_GCOV_031_003_D_072_4005_DHDH_A_20260918T100216_20260918T100251_P05023_F_F_J_001,2026-09-18T10:02:16.000000Z,2026-09-18,DESCENDING,HVHV,shoreline,14166.390215,100.000000,143,143,1.000000,-25.703123,-22.077949,-20.731815,-18.322516,-15.680301,-12.731334,-5.884519,-17.858952,0.591026,ok
43,Unnamed,NISAR_L2_PR_GCOV_031_003_D_072_4005_DHDH_A_20260918T100216_20260918T100251_P05023_F_F_J_001,2026-09-18T10:02:16.000000Z,2026-09-18,DESCENDING,HHHH,whole,14166.390215,100.000000,143,143,1.000000,-19.445469,-17.389240,-15.161228,-12.597479,-9.828876,-7.374590,-2.506439,-12.424185,0.863891,ok
43,Unnamed,NISAR_L2_PR_GCOV_031_003_D_072_4005_DHDH_A_20260918T100216_20260918T100251_P05023_F_F_J_001,2026-09-18T10:02:16.000000Z,2026-09-18,DESCENDING,HVHV,whole,14166.390215,100.000000,143,143,1.000000,-25.703123,-22.077949,-20.731815,-18.322516,-15.680301,-12.731334,-5.884519,-17.858952,0.591026,ok
48,Unnamed,NISAR_L2_PR_GCOV_031_003_D_072_4005_DHDH_A_20260918T100216_20260918T100251_P05023_F_F_J_001,2026-09-18T10:02:16.000000Z,2026-09-18,DESCENDING,HHHH,shoreline,3435.845157,100.000000,35,35,1.000000,-18.564702,-16.057242,-14.835221,-13.443866,-9.828359,-8.277726,-4.861169,-12.345361,0.863891,ok
48,Unnamed,NISAR_L2_PR_GCOV_031_003_D_072_4005_DHDH_A_20260918T100216_20260918T100251_P05023_F_F_J_001,2026-09-18T10:02:16.000000Z,2026-09-18,DESCENDING,HVHV,shoreline,3435.845157,100.000000,35,35,1.000000,-22.092973,-20.963592,-19.552580,-18.008452,-14.582196,-12.526364,-6.896304,-17.108957,0.591026,ok
48,Unnamed,NISAR_L2_PR_GCOV_031_003_D_072_4005_DHDH_A_20260918T100216_20260918T100251_P05023_F_F_J_001,2026-09-18T10:02:16.000000Z,2026-09-18,DESCENDING,HHHH,whole,3435.845157,100.000000,35,35,1.000000,-18.564702,-16.057242,-14.835221,-13.443866,-9.828359,-8.277726,-4.861169,-12.345361,0.863891,ok
48,Unnamed,NISAR_L2_PR_GCOV_031_003_D_072_4005_DHDH_A_20260918T100216_20260918T100251_P05023_F_F_J_001,2026-09-18T10:02:16.000000Z,2026-09-18,DESCENDING,HVHV,whole,3435.845157,100.000000,35,35,1.000000,-22.092973,-20.963592,-19.552580,-18.008452,-14.582196,-12.526364,-6.896304,-17.108957,0.591026,ok
0,Unnamed,NISAR_L2_PR_GCOV_031_024_A_018_4005_DHDH_A_20260919T202858_20260919T202933_P05023_F_F_J_001,2026-09-19T20:28:58.000000Z,2026-09-19,ASCENDING,HHHH,shoreline,15668.030102,100.000000,155,155,1.000000,-21.593867,-16.529868,-14.409979,-12.523800,-10.429322,-8.273539,-2.063790,-12.369134,0.922207,ok
0,Unnamed,NISAR_L2_PR_GCOV_031_024_A_018_4005_DHDH_A_20260919T202858_20260919T202933_P05023_F_F_J_001,2026-09-19T20:28:58.000000Z,2026-09-19,ASCENDING,HVHV,shoreline,15668.030102,100.000000,155,155,1.000000,-24.583591,-21.380982,-20.073103,-18.184966,-16.462357,-13.892110,-9.463322,-17.965749,0.365089,ok
0,Unnamed,NISAR_L2_PR_GCOV_031_024_A_018_4005_DHDH_A_20260919T202858_20260919T202933_P05023_F_F_J_001,2026-09-19T20:28:58.000000Z,2026-09-19,ASCENDING,HHHH,whole,15668.030102,100.000000,155,155,1.000000,-21.593867,-16.529868,-14.409979,-12.523800,-10.429322,-8.273539,-2.063790,-12.369134,0.922207,ok
0,Unnamed,NISAR_L2_PR_GCOV_031_024_A_018_4005_DHDH_A_20260919T202858_20260919T202933_P05023_F_F_J_001,2026-09-19T20:28:58.000000Z,2026-09-19,ASCENDING,HVHV,whole,15668.030102,100.000000,155,155,1.000000,-24.583591,-21.380982,-20.073103,-18.184966,-16.462357,-13.892110,-9.463322,-17.965749,0.365089,ok
1,Unnamed,NISAR_L2_PR_GCOV_031_024_A_018_4005_DHDH_A_20260919T202858_20260919T202933_P05023_F_F_J_001,2026-09-19T20:28:58.000000Z,2026-09-19,ASCENDING,HHHH,shoreline,14315.224709,100.000000,141,141,1.000000,-19.092450,-15.912353,-14.968274,-12.851487,-9.610441,-6.622957,-1.198047,-11.964259,0.922207,ok
1,Unnamed,NISAR_L2_PR_GCOV_031_024_A_018_4005_DHDH_A_20260919T202858_20260919T202933_P05023_F_F_J_001,2026-09-19T20:28:58.000000Z,2026-09-19,ASCENDING,HVHV,shoreline,14315.224709,100.000000,141,141,1.000000,-24.158205,-21.543754,-19.671085,-17.288704,-15.405103,-12.893336,-10.198102,-17.389668,0.365089,ok
1,Unnamed,NISAR_L2_PR_GCOV_031_024_A_018_4005_DHDH_A_20260919T202858_20260919T202933_P05023_F_F_J_001,2026-09-19T20:28:58.000000Z,2026-09-19,ASCENDING,HHHH,whole,14315.224709,100.000000,141,141,1.000000,-19.092450,-15.912353,-14.968274,-12.851487,-9.610441,-6.622957,-1.198047,-11.964259,0.922207,ok
1,Unnamed,NISAR_L2_PR_GCOV_031_024_A_018_4005_DHDH_A_20260919T202858_20260919T202933_P05023_F_F_J_001,2026-09-19T20:28:58.000000Z,2026-09-19,ASCENDING,HVHV,whole,14315.224709,100.000000,141,141,1.000000,-24.158205,-21.543754,-19.671085,-17.288704,-15.405103,-12.893336,-10.198102,-17.389668,0.365089,ok
12,Unnamed,NISAR_L2_PR_GCOV_031_024_A_018_4005_DHDH_A_20260919T202858_20260919T202933_P05023_F_F_J_001,2026-09-19T20:28:58.000000Z,2026-09-19,ASCENDING,HHHH,shoreline,6395.508556,100.000000,63,63,1.000000,-19.763493,-16.079298,-14.475219,-12.160925,-8.750851,-4.776791,-0.703714,-11.332737,0.922207,ok
12,Unnamed,NISAR_L2_PR_GCOV_031_024_A_018_4005_DHDH_A_20260919T202858_20260919T202933_P05023_F_F_J_001,2026-09-19T20:28:58.000000Z,2026-09-19,ASCENDING,HVHV,shoreline,6395.508556,100.000000,63,63,1.000000,-22.555557,-21.755602,-18.759439,-15.843697,-13.553174,-10.517184,-6.135253,-15.906564,0.365089,ok
12,Unnamed,NISAR_L2_PR_GCOV_031_024_A_018_4005_DHDH_A_20260919T202858_20260919T202933_P05023_F_F_J_001,2026-09-19T20:28:58.000000Z,2026-09-19,ASCENDING,HHHH,whole,6395.508556,100.000000,63,63,1.000000,-19.763493,-16.079298,-14.475219,-12.160925,-8.750851,-4.776791,-0.703714,-11.332737,0.922207,ok
12,Unnamed,NISAR_L2_PR_GCOV_031_024_A_018_4005_DHDH_A_20260919T202858_20260919T202933_P05023_F_F_J_001,2026-09-19T20:28:58.000000Z,2026-09-19,ASCENDING,HVHV,whole,6395.508556,100.000000,63,63,1.000000,-22.555557,-21.755602,-18.759439,-15.843697,-13.553174,-10.517184,-6.135253,-15.906564,0.365089,ok
13,Unnamed,NISAR_L2_PR_GCOV_031_024_A_018_4005_DHDH_A_20260919T202858_20260919T202933_P05023_F_F_J_001,2026-09-19T20:28:58.000000Z,2026-09-19,ASCENDING,HHHH,shoreline,18329.633771,100.000000,177,177,1.000000,-24.605998,-19.753319,-17.676680,-15.031269,-13.006516,-10.406742,-5.848192,-15.149143,0.922207,ok
13,Unnamed,NISAR_L2_PR_GCOV_031_024_A_018_4005_DHDH_A_20260919T202858_20260919T202933_P05023_F_F_J_001,2026-09-19T20:28:58.000000Z,2026-09-19,ASCENDING,HVHV,shoreline,18329.633771,100.000000,177,177,1.000000,-28.703329,-23.857691,-22.046778,-19.994106,-17.351326,-15.004511,-11.616479,-19.784835,0.365089,ok
13,Unnamed,NISAR_L2_PR_GCOV_031_024_A_018_4005_DHDH_A_20260919T202858_20260919T202933_P05023_F_F_J_001,2026-09-19T20:28:58.000000Z,2026-09-19,ASCENDING,HHHH,whole,18329.633771,100.000000,177,177,1.000000,-24.605998,-19.753319,-17.676680,-15.031269,-13.006516,-10.406742,-5.848192,-15.149143,0.922207,ok
13,Unnamed,NISAR_L2_PR_GCOV_031_024_A_018_4005_DHDH_A_20260919T202858_20260919T202933_P05023_F_F_J_001,2026-09-19T20:28:58.000000Z,2026-09-19,ASCENDING,HVHV,whole,18329.633771,100.000000,177,177,1.000000,-28.703329,-23.857691,-22.046778,-19.994106,-17.351326,-15.004511,-11.616479,-19.784835,0.365089,ok
14,Unnamed,NISAR_L2_PR_GCOV_031_024_A_018_4005_DHDH_A_20260919T202858_20260919T202933_P05023_F_F_J_001,2026-09-19T20:28:58.000000Z,2026-09-19,ASCENDING,HHHH,shoreline,6151.446071,100.000000,63,63,1.000000,-18.685372,-16.173713,-13.868322,-10.121019,-6.543155,-3.786726,-1.640305,-10.187007,0.922207,ok
14,Unnamed,NISAR_L2_PR_GCOV_031_024_A_018_4005_DHDH_A_20260919T202858_20260919T202933_P05023_F_F_J_001,2026-09-19T20:28:58.000000Z,2026-09-19,ASCENDING,HVHV,shoreline,6151.446071,100.000000,63,63,1.000000,-23.421100,-20.427166,-18.771097,-16.657283,-13.106738,-9.216570,-5.089785,-15.407842,0.365089,ok
14,Unnamed,NISAR_L2_PR_GCOV_031_024_A_018_4005_DHDH_A_20260919T202858_20260919T202933_P05023_F_F_J_001,2026-09-19T20:28:58.000000Z,2026-09-19,ASCENDING,HHHH,whole,6151.446071,100.000000,63,63,1.000000,-18.685372,-16.173713,-13.868322,-10.121019,-6.543155,-3.786726,-1.640305,-10.187007,0.922207,ok
14,Unnamed,NISAR_L2_PR_GCOV_031_024_A_018_4005_DHDH_A_20260919T202858_20260919T202933_P05023_F_F_J_001,2026-09-19T20:28:58.000000Z,2026-09-19,ASCENDING,HVHV,whole,6151.446071,100.000000,63,63,1.000000,-23.421100,-20.427166,-18.771097,-16.657283,-13.106738,-9.216570,-5.089785,-15.407842,0.365089,ok
15,Unnamed,NISAR_L2_PR_GCOV_031_024_A_018_4005_DHDH_A_20260919T202858_20260919T202933_P05023_F_F_J_001,2026-09-19T20:28:58.000000Z,2026-09-19,ASCENDING,HHHH,shoreline,11176.661939,100.000000,112,112,1.000000,-19.013770,-15.281028,-13.284334,-10.291541,-7.324593,-4.275425,0.616856,-10.053217,0.922207,ok
15,Unnamed,NISAR_L2_PR_GCOV_031_024_A_018_4005_DHDH_A_20260919T202858_20260919T202933_P05023_F_F_J_001,2026-09-19T20:28:58.000000Z,2026-09-19,ASCENDING,HVHV,shoreline,11176.661939,100.000000,112,112,1.000000,-24.363076,-21.555632,-18.689577,-16.316316,-12.787826,-10.651675,-6.513395,-15.854926,0.365089,ok
15,Unnamed,NISAR_L2_PR_GCOV_031_024_A_018_4005_DHDH_A_20260919T202858_20260919T202933_P05023_F_F_J_001,2026-09-19T20:28:58.000000Z,2026-09-19,ASCENDING,HHHH,whole,11176.661939,100.000000,112,112,1.000000,-19.013770,-15.281028,-13.284334,-10.291541,-7.324593,-4.275425,0.616856,-10.053217,0.922207,ok
15,Unnamed,NISAR_L2_PR_GCOV_031_024_A_018_4005_DHDH_A_20260919T202858_20260919T202933_P05023_F_F_J_001,2026-09-19T20:28:58.000000Z,2026-09-19,ASCENDING,HVHV,whole,11176.661939,100.000000,112,112,1.000000,-24.363076,-21.555632,-18.689577,-16.316316,-12.787826,-10.651675,-6.513395,-15.854926,0.365089,ok
16,Unnamed,NISAR_L2_PR_GCOV_031_024_A_018_4005_DHDH_A_20260919T202858_20260919T202933_P05023_F_F_J_001,2026-09-19T20:28:58.000000Z,2026-09-19,ASCENDING,HHHH,shoreline,4542.975923,100.000000,45,45,1.000000,-18.000538,-15.293548,-13.469571,-11.137318,-7.116515,-5.471566,-1.658082,-10.409722,0.922207,ok
16,Unnamed,NISAR_L2_PR_GCOV_031_024_A_018_4005_DHDH_A_20260919T202858_20260919T202933_P05023_F_F_J_001,2026-09-19T20:28:58.000000Z,2026-09-19,ASCENDING,HVHV,shoreline,4542.975923,100.000000,45,45,1.000000,-24.865540,-22.052666,-21.347406,-18.767073,-15.027247,-12.226472,-7.495393,-17.996981,0.365089,ok
16,Unnamed,NISAR_L2_PR_GCOV_031_024_A_018_4005_DHDH_A_20260919T202858_20260919T202933_P05023_F_F_J_001,2026-09-19T20:28:58.000000Z,2026-09-19,ASCENDING,HHHH,whole,4542.975923,100.000000,45,45,1.000000,-18.000538,-15.293548,-13.469571,-11.137318,-7.116515,-5.471566,-1.658082,-10.409722,0.922207,ok
16,Unnamed,NISAR_L2_PR_GCOV_031_024_A_018_4005_DHDH_A_20260919T202858_20260919T202933_P05023_F_F_J_001,2026-09-19T20:28:58.000000Z,2026-09-19,ASCENDING,HVHV,whole,4542.975923,100.000000,45,45,1.000000,-24.865540,-22.052666,-21.347406,-18.767073,-15.027247,-12.226472,-7.495393,-17.996981,0.365089,ok
17,Unnamed,NISAR_L2_PR_GCOV_031_024_A_018_4005_DHDH_A_20260919T202858_20260919T202933_P05023_F_F_J_001,2026-09-19T20:28:58.000000Z,2026-09-19,ASCENDING,HHHH,shoreline,9008.570954,100.000000,90,90,1.000000,-17.401354,-15.288285,-13.330923,-11.428105,-8.828536,-3.765427,4.136214,-10.500519,0.922207,ok
17,Unnamed,NISAR_L2_PR_GCOV_031_024_A_018_4005_DHDH_A_20260919T202858_20260919T202933_P05023_F_F_J_001,2026-09-19T20:28:58.000000Z,2026-09-19,ASCENDING,HVHV,shoreline,9008.570954,100.000000,90,90,1.000000,-25.594861,-23.486708,-22.351497,-19.990677,-16.449866,-10.678819,-4.545680,-18.491324,0.365089,ok
17,Unnamed,NISAR_L2_PR_GCOV_031_024_A_018_4005_DHDH_A_20260919T202858_20260919T202933_P05023_F_F_J_001,2026-09-19T20:28:58.000000Z,2026-09-19,ASCENDING,HHHH,whole,9008.570954,100.000000,90,90,1.000000,-17.401354,-15.288285,-13.330923,-11.428105,-8.828536,-3.765427,4.136214,-10.500519,0.922207,ok
17,Unnamed,NISAR_L2_PR_GCOV_031_024_A_018_4005_DHDH_A_20260919T202858_20260919T202933_P05023_F_F_J_001,2026-09-19T20:28:58.000000Z,2026-09-19,ASCENDING,HVHV,whole,9008.570954,100.000000,90,90,1.000000,-25.594861,-23.486708,-22.351497,-19.990677,-16.449866,-10.678819,-4.545680,-18.491324,0.365089,ok
18,Unnamed,NISAR_L2_PR_GCOV_031_024_A_018_4005_DHDH_A_20260919T202858_20260919T202933_P05023_F_F_J_001,2026-09-19T20:28:58.000000Z,2026-09-19,ASCENDING,HHHH,core,118503.797474,100.000000,1184,1184,1.000000,-20.963400,-17.669300,-16.269326,-14.722719,-13.104530,-11.178604,2.551149,-14.316661,0.922207,ok
18,Unnamed,NISAR_L2_PR_GCOV_031_024_A_018_4005_DHDH_A_20260919T202858_20260919T202933_P05023_F_F_J_001,2026-09-19T20:28:58.000000Z,2026-09-19,ASCENDING,HVHV,core,118503.797474,100.000000,1184,1184,1.000000,-26.637915,-23.276815,-22.073954,-20.519012,-19.081385,-17.540332,-9.974916,-20.453724,0.365089,ok
18,Unnamed,NISAR_L2_PR_GCOV_031_024_A_018_4005_DHDH_A_20260919T202858_20260919T202933_P05023_F_F_J_001,2026-09-19T20:28:58.000000Z,2026-09-19,ASCENDING,HHHH,shoreline,155455.397743,100.000000,1557,1557,1.000000,-20.367482,-15.100469,-13.422090,-10.976981,-7.133050,-2.864858,8.570644,-9.874866,0.922207,ok
18,Unnamed,NISAR_L2_PR_GCOV_031_024_A_018_4005_DHDH_A_20260919T202858_20260919T202933_P05023_F_F_J_001,2026-09-19T20:28:58.000000Z,2026-09-19,ASCENDING,HVHV,shoreline,155455.397743,100.000000,1557,1557,1.000000,-27.833351,-21.287385,-19.847051,-17.898701,-15.456956,-12.273682,-4.196401,-17.346672,0.365089,ok
18,Unnamed,NISAR_L2_PR_GCOV_031_024_A_018_4005_DHDH_A_20260919T202858_20260919T202933_P05023_F_F_J_001,2026-09-19T20:28:58.000000Z,2026-09-19,ASCENDING,HHHH,whole,273959.195218,100.000000,2741,2741,1.000000,-20.963400,-16.752311,-15.030741,-12.987605,-9.613054,-4.613590,8.570644,-11.793540,0.922207,ok
18,Unnamed,NISAR_L2_PR_GCOV_031_024_A_018_4005_DHDH_A_20260919T202858_20260919T202933_P05023_F_F_J_001,2026-09-19T20:28:58.000000Z,2026-09-19,ASCENDING,HVHV,whole,273959.195218,100.000000,2741,2741,1.000000,-27.833351,-22.562043,-20.990695,-19.228872,-16.923019,-14.118226,-4.196401,-18.688791,0.365089,ok
19,Unnamed,NISAR_L2_PR_GCOV_031_024_A_018_4005_DHDH_A_20260919T202858_20260919T202933_P05023_F_F_J_001,2026-09-19T20:28:58.000000Z,2026-09-19,ASCENDING,HHHH,core,5376.480528,100.000000,55,55,1.000000,-18.201119,-16.881946,-15.210651,-13.680442,-11.129322,-7.759184,-6.096035,-13.065698,0.922207,ok
19,Unnamed,NISAR_L2_PR_GCOV_031_024_A_018_4005_DHDH_A_20260919T202858_20260919T202933_P05023_F_F_J_001,2026-09-19T20:28:58.000000Z,2026-09-19,ASCENDING,HVHV,core,5376.480528,100.000000,55,55,1.000000,-24.181194,-21.571780,-20.928116,-20.002956,-18.878478,-16.707858,-13.696613,-19.557610,0.365089,ok
19,Unnamed,NISAR_L2_PR_GCOV_031_024_A_018_4005_DHDH_A_20260919T202858_20260919T202933_P05023_F_F_J_001,2026-09-19T20:28:58.000000Z,2026-09-19,ASCENDING,HHHH,shoreline,82008.590567,100.000000,820,820,1.000000,-20.022375,-14.763619,-12.779003,-9.746223,-6.576475,-3.438164,6.669019,-9.407582,0.922207,ok
19,Unnamed,NISAR_L2_PR_GCOV_031_024_A_018_4005_DHDH_A_20260919T202858_20260919T202933_P05023_F_F_J_001,2026-09-19T20:28:58.000000Z,2026-09-19,ASCENDING,HVHV,shoreline,82008.590567,100.000000,820,820,1.000000,-25.917871,-21.330747,-19.672441,-17.176797,-14.154676,-11.278239,-3.917412,-16.739620,0.365089,ok
19,Unnamed,NISAR_L2_PR_GCOV_031_024_A_018_4005_DHDH_A_20260919T202858_20260919T202933_P05023_F_F_J_001,2026-09-19T20:28:58.000000Z,2026-09-19,ASCENDING,HHHH,whole,87385.071095,100.000000,875,875,1.000000,-20.022375,-15.032941,-12.953706,-10.060290,-6.773665,-3.686474,6.669019,-9.637521,0.922207,ok
19,Unnamed,NISAR_L2_PR_GCOV_031_024_A_018_4005_DHDH_A_20260919T202858_20260919T202933_P05023_F_F_J_001,2026-09-19T20:28:58.000000Z,2026-09-19,ASCENDING,HVHV,whole,87385.071095,100.000000,875,875,1.000000,-25.917871,-21.346185,-19.758789,-17.402208,-14.451730,-11.548417,-3.917412,-16.916751,0.365089,ok
2,Unnamed,NISAR_L2_PR_GCOV_031_024_A_018_4005_DHDH_A_20260919T202858_20260919T202933_P05023_F_F_J_001,2026-09-19T20:28:58.000000Z,2026-09-19,ASCENDING,HHHH,core,3277.550963,100.000000,32,32,1.000000,-17.258913,-14.346000,-13.853504,-12.664191,-11.244047,-10.043272,-8.116697,-12.557387,0.922207,ok
2,Unnamed,NISAR_L2_PR_GCOV_031_024_A_018_4005_DHDH_A_20260919T202858_20260919T202933_P05023_F_F_J_001,2026-09-19T20:28:58.000000Z,2026-09-19,ASCENDING,HVHV,core,3277.550963,100.000000,32,32,1.000000,-25.208871,-23.226379,-22.793537,-21.257287,-20.325985,-19.546801,-18.087921,-21.424790,0.365089,ok
2,Unnamed,NISAR_L2_PR_GCOV_031_024_A_018_4005_DHDH_A_20260919T202858_20260919T202933_P05023_F_F_J_001,2026-09-19T20:28:58.000000Z,2026-09-19,ASCENDING,HHHH,shoreline,30352.017361,100.000000,299,299,1.000000,-19.449708,-15.156679,-13.540876,-12.152758,-10.140282,-7.682256,-1.741638,-11.782652,0.922207,ok
2,Unnamed,NISAR_L2_PR_GCOV_031_024_A_018_4005_DHDH_A_20260919T202858_20260919T202933_P05023_F_F_J_001,2026-09-19T20:28:58.000000Z,2026-09-19,ASCENDING,HVHV,shoreline,30352.017361,100.000000,299,299,1.000000,-27.831819,-23.774197,-22.612729,-20.924218,-19.123297,-16.574269,-7.822326,-20.530555,0.365089,ok
2,Unnamed,NISAR_L2_PR_GCOV_031_024_A_018_4005_DHDH_A_20260919T202858_20260919T202933_P05023_F_F_J_001,2026-09-19T20:28:58.000000Z,2026-09-19,ASCENDING,HHHH,whole,33629.568324,100.000000,331,331,1.000000,-19.449708,-15.135203,-13.627747,-12.201131,-10.295534,-7.793474,-1.741638,-11.857550,0.922207,ok
2,Unnamed,NISAR_L2_PR_GCOV_031_024_A_018_4005_DHDH_A_20260919T202858_20260919T202933_P05023_F_F_J_001,2026-09-19T20:28:58.000000Z,2026-09-19,ASCENDING,HVHV,whole,33629.568324,100.000000,331,331,1.000000,-27.831819,-23.716243,-22.637578,-21.014106,-19.341868,-17.027506,-7.822326,-20.617007,0.365089,ok
20,Unnamed,NISAR_L2_PR_GCOV_031_024_A_018_4005_DHDH_A_20260919T202858_20260919T202933_P05023_F_F_J_001,2026-09-19T20:28:58.000000Z,2026-09-19,ASCENDING,HHHH,core,2083.796132,100.000000,21,21,1.000000,-21.701145,-19.424786,-18.417380,-16.879746,-15.455319,-14.484954,-12.104145,-16.868979,0.922207,ok
20,Unnamed,NISAR_L2_PR_GCOV_031_024_A_018_4005_DHDH_A_20260919T202858_20260919T202933_P05023_F_F_J_001,2026-09-19T20:28:58.000000Z,2026-09-19,ASCENDING,HVHV,core,2083.796132,100.000000,21,21,1.000000,-25.226989,-24.324053,-22.609179,-20.966892,-19.865383,-18.835862,-16.935170,-21.196972,0.365089,ok
20,Unnamed,NISAR_L2_PR_GCOV_031_024_A_018_4005_DHDH_A_20260919T202858_20260919T202933_P05023_F_F_J_001,2026-09-19T20:28:58.000000Z,2026-09-19,ASCENDING,HHHH,shoreline,47295.150140,100.000000,474,474,1.000000,-21.310846,-17.972462,-16.428556,-14.564585,-12.695784,-10.755724,-0.828053,-14.380905,0.922207,ok
20,Unnamed,NISAR_L2_PR_GCOV_031_024_A_018_4005_DHDH_A_20260919T202858_20260919T202933_P05023_F_F_J_001,2026-09-19T20:28:58.000000Z,2026-09-19,ASCENDING,HVHV,shoreline,47295.150140,100.000000,474,474,1.000000,-25.938498,-23.146858,-21.985402,-20.515895,-18.828605,-17.273029,-6.709029,-20.151017,0.365089,ok
20,Unnamed,NISAR_L2_PR_GCOV_031_024_A_018_4005_DHDH_A_20260919T202858_20260919T202933_P05023_F_F_J_001,2026-09-19T20:28:58.000000Z,2026-09-19,ASCENDING,HHHH,whole,49378.946273,100.000000,495,495,1.000000,-21.701145,-18.125081,-16.586369,-14.697970,-12.794958,-10.846900,-0.828053,-14.486460,0.922207,ok
20,Unnamed,NISAR_L2_PR_GCOV_031_024_A_018_4005_DHDH_A_20260919T202858_20260919T202933_P05023_F_F_J_001,2026-09-19T20:28:58.000000Z,2026-09-19,ASCENDING,HVHV,whole,49378.946273,100.000000,495,495,1.000000,-25.938498,-23.241688,-21.999019,-20.533797,-18.876623,-17.326739,-6.709029,-20.195391,0.365089,ok
21,Unnamed,NISAR_L2_PR_GCOV_031_024_A_018_4005_DHDH_A_20260919T202858_20260919T202933_P05023_F_F_J_001,2026-09-19T20:28:58.000000Z,2026-09-19,ASCENDING,HHHH,core,2786.707526,100.000000,27,27,1.000000,-18.366507,-15.289040,-14.358386,-12.687667,-11.220697,-9.325540,-3.719745,-12.622079,0.922207,ok
21,Unnamed,NISAR_L2_PR_GCOV_031_024_A_018_4005_DHDH_A_20260919T202858_20260919T202933_P05023_F_F_J_001,2026-09-19T20:28:58.000000Z,2026-09-19,ASCENDING,HVHV,core,2786.707526,100.000000,27,27,1.000000,-24.177365,-22.960350,-21.995978,-19.424377,-17.346026,-15.390028,-8.664804,-19.021189,0.365089,ok
21,Unnamed,NISAR_L2_PR_GCOV_031_024_A_018_4005_DHDH_A_20260919T202858_20260919T202933_P05023_F_F_J_001,2026-09-19T20:28:58.000000Z,2026-09-19,ASCENDING,HHHH,shoreline,71791.547537,100.000000,716,716,1.000000,-19.659725,-15.085831,-13.301082,-10.465219,-7.633728,-5.113202,0.440497,-10.330822,0.922207,ok
21,Unnamed,NISAR_L2_PR_GCOV_031_024_A_018_4005_DHDH_A_20260919T202858_20260919T202933_P05023_F_F_J_001,2026-09-19T20:28:58.000000Z,2026-09-19,ASCENDING,HVHV,shoreline,71791.547537,100.000000,716,716,1.000000,-27.183299,-21.720321,-20.120930,-17.691172,-14.016998,-10.728799,-4.677955,-16.992609,0.365089,ok
21,Unnamed,NISAR_L2_PR_GCOV_031_024_A_018_4005_DHDH_A_20260919T202858_20260919T202933_P05023_F_F_J_001,2026-09-19T20:28:58.000000Z,2026-09-19,ASCENDING,HHHH,whole,74578.255063,100.000000,743,743,1.000000,-19.659725,-15.100398,-13.429933,-10.737597,-7.743645,-5.176913,0.440497,-10.414084,0.922207,ok
21,Unnamed,NISAR_L2_PR_GCOV_031_024_A_018_4005_DHDH_A_20260919T202858_20260919T202933_P05023_F_F_J_001,2026-09-19T20:28:58.000000Z,2026-09-19,ASCENDING,HVHV,whole,74578.255063,100.000000,743,743,1.000000,-27.183299,-21.810191,-20.127935,-17.759270,-14.260927,-10.769254,-4.677955,-17.066326,0.365089,ok
22,Unnamed,NISAR_L2_PR_GCOV_031_024_A_018_4005_DHDH_A_20260919T202858_20260919T202933_P05023_F_F_J_001,2026-09-19T20:28:58.000000Z,2026-09-19,ASCENDING,HHHH,core,7912.597630,100.000000,78,78,1.000000,-24.020681,-20.738187,-19.493137,-18.231177,-17.169618,-15.853811,-12.879649,-18.254698,0.922207,ok
22,Unnamed,NISAR_L2_PR_GCOV_031_024_A_018_4005_DHDH_A_20260919T202858_20260919T202933_P05023_F_F_J_001,2026-09-19T20:28:58.000000Z,2026-09-19,ASCENDING,HVHV,core,7912.597630,100.000000,78,78,1.000000,-25.608023,-24.089907,-23.227003,-22.155793,-20.628020,-19.641931,-18.077966,-21.980477,0.365089,ok
22,Unnamed,NISAR_L2_PR_GCOV_031_024_A_018_4005_DHDH_A_20260919T202858_20260919T202933_P05023_F_F_J_001,2026-09-19T20:28:58.000000Z,2026-09-19,ASCENDING,HHHH,shoreline,41207.491649,100.000000,409,409,1.000000,-23.228912,-19.666554,-18.363629,-17.008122,-15.550238,-13.415867,-1.323215,-16.588306,0.922207,ok
22,Unnamed,NISAR_L2_PR_GCOV_031_024_A_018_4005_DHDH_A_20260919T202858_20260919T202933_P05023_F_F_J_001,2026-09-19T20:28:58.000000Z,2026-09-19,ASCENDING,HVHV,shoreline,41207.491649,100.000000,409,409,1.000000,-30.434410,-24.481066,-23.242217,-21.801566,-20.159830,-18.447245,-7.334299,-21.487059,0.365089,ok
22,Unnamed,NISAR_L2_PR_GCOV_031_024_A_018_4005_DHDH_A_20260919T202858_20260919T202933_P05023_F_F_J_001,2026-09-19T20:28:58.000000Z,2026-09-19,ASCENDING,HHHH,whole,49120.089278,100.000000,487,487,1.000000,-24.020681,-19.981448,-18.485994,-17.194017,-15.721140,-13.864876,-1.323215,-16.855202,0.922207,ok
22,Unnamed,NISAR_L2_PR_GCOV_031_024_A_018_4005_DHDH_A_20260919T202858_20260919T202933_P05023_F_F_J_001,2026-09-19T20:28:58.000000Z,2026-09-19,ASCENDING,HVHV,whole,49120.089278,100.000000,487,487,1.000000,-30.434410,-24.422416,-23.243856,-21.831772,-20.263760,-18.859115,-7.334299,-21.566087,0.365089,ok
23,Unnamed,NISAR_L2_PR_GCOV_031_024_A_018_4005_DHDH_A_20260919T202858_20260919T202933_P05023_F_F_J_001,2026-09-19T20:28:58.000000Z,2026-09-19,ASCENDING,HHHH,core,3617.292935,100.000000,35,35,1.000000,-24.028528,-21.223143,-19.699454,-18.269293,-17.267428,-16.271797,-15.565875,-18.549116,0.922207,ok
23,Unnamed,NISAR_L2_PR_GCOV_031_024_A_018_4005_DHDH_A_20260919T202858_20260919T202933_P05023_F_F_J_001,2026-09-19T20:28:58.000000Z,2026-09-19,ASCENDING,HVHV,core,3617.292935,100.000000,35,35,1.000000,-26.590905,-24.607750,-24.066101,-21.563559,-21.033447,-20.404656,-18.379891,-22.264473,0.365089,ok
23,Unnamed,NISAR_L2_PR_GCOV_031_024_A_018_4005_DHDH_A_20260919T202858_20260919T202933_P05023_F_F_J_001,2026-09-19T20:28:58.000000Z,2026-09-19,ASCENDING,HHHH,shoreline,61852.370253,100.000000,624,624,1.000000,-24.506374,-19.873894,-18.572607,-16.884065,-15.210589,-12.534889,-2.004405,-16.501922,0.922207,ok
23,Unnamed,NISAR_L2_PR_GCOV_031_024_A_018_4005_DHDH_A_20260919T202858_20260919T202933_P05023_F_F_J_001,2026-09-19T20:28:58.000000Z,2026-09-19,ASCENDING,HVHV,shoreline,61852.370253,100.000000,624,624,1.000000,-28.362057,-24.066749,-22.817971,-21.373473,-19.915004,-17.977927,-6.945140,-21.064434,0.365089,ok
23,Unnamed,NISAR_L2_PR_GCOV_031_024_A_018_4005_DHDH_A_20260919T202858_20260919T202933_P05023_F_F_J_001,2026-09-19T20:28:58.000000Z,2026-09-19,ASCENDING,HHHH,whole,65469.663188,100.000000,659,659,1.000000,-24.506374,-19.996504,-18.696364,-16.978691,-15.365674,-12.730796,-2.004405,-16.610650,0.922207,ok
23,Unnamed,NISAR_L2_PR_GCOV_031_024_A_018_4005_DHDH_A_20260919T202858_20260919T202933_P05023_F_F_J_001,2026-09-19T20:28:58.000000Z,2026-09-19,ASCENDING,HVHV,whole,65469.663188,100.000000,659,659,1.000000,-28.362057,-24.110599,-22.839671,-21.430090,-19.985896,-18.098775,-6.945140,-21.128169,0.365089,ok
24,Unnamed,NISAR_L2_PR_GCOV_031_024_A_018_4005_DHDH_A_20260919T202858_20260919T202933_P05023_F_F_J_001,2026-09-19T20:28:58.000000Z,2026-09-19,ASCENDING,HHHH,shoreline,11788.240185,100.000000,122,122,1.000000,-19.898434,-16.163196,-14.058792,-11.537016,-8.289922,-4.698479,-2.563759,-11.051995,0.922207,ok
24,Unnamed,NISAR_L2_PR_GCOV_031_024_A_018_4005_DHDH_A_20260919T202858_20260919T202933_P05023_F_F_J_001,2026-09-19T20:28:58.000000Z,2026-09-19,ASCENDING,HVHV,shoreline,11788.240185,100.000000,122,122,1.000000,-24.829500,-22.294272,-20.976644,-18.745394,-14.349696,-11.412371,-6.964698,-17.505562,0.365089,ok
24,Unnamed,NISAR_L2_PR_GCOV_031_024_A_018_4005_DHDH_A_20260919T202858_20260919T202933_P05023_F_F_J_001,2026-09-19T20:28:58.000000Z,2026-09-19,ASCENDING,HHHH,whole,11788.240185,100.000000,122,122,1.000000,-19.898434,-16.163196,-14.058792,-11.537016,-8.289922,-4.698479,-2.563759,-11.051995,0.922207,ok
24,Unnamed,NISAR_L2_PR_GCOV_031_024_A_018_4005_DHDH_A_20260919T202858_20260919T202933_P05023_F_F_J_001,2026-09-19T20:28:58.000000Z,2026-09-19,ASCENDING,HVHV,whole,11788.240185,100.000000,122,122,1.000000,-24.829500,-22.294272,-20.976644,-18.745394,-14.349696,-11.412371,-6.964698,-17.505562,0.365089,ok
25,Unnamed,NISAR_L2_PR_GCOV_031_024_A_018_4005_DHDH_A_20260919T202858_20260919T202933_P05023_F_F_J_001,2026-09-19T20:28:58.000000Z,2026-09-19,ASCENDING,HHHH,shoreline,30021.819698,100.000000,299,299,1.000000,-19.534965,-15.260099,-14.046506,-12.306668,-10.752522,-8.664202,-3.723922,-12.148600,0.922207,ok
25,Unnamed,NISAR_L2_PR_GCOV_031_024_A_018_4005_DHDH_A_20260919T202858_20260919T202933_P05023_F_F_J_001,2026-09-19T20:28:58.000000Z,2026-09-19,ASCENDING,HVHV,shoreline,30021.819698,100.000000,299,299,1.000000,-26.018844,-23.348509,-21.819457,-20.130121,-18.580247,-15.853929,-7.828753,-19.870823,0.365089,ok
25,Unnamed,NISAR_L2_PR_GCOV_031_024_A_018_4005_DHDH_A_20260919T202858_20260919T202933_P05023_F_F_J_001,2026-09-19T20:28:58.000000Z,2026-09-19,ASCENDING,HHHH,whole,30021.819698,100.000000,299,299,1.000000,-19.534965,-15.260099,-14.046506,-12.306668,-10.752522,-8.664202,-3.723922,-12.148600,0.922207,ok
25,Unnamed,NISAR_L2_PR_GCOV_031_024_A_018_4005_DHDH_A_20260919T202858_20260919T202933_P05023_F_F_J_001,2026-09-19T20:28:58.000000Z,2026-09-19,ASCENDING,HVHV,whole,30021.819698,100.000000,299,299,1.000000,-26.018844,-23.348509,-21.819457,-20.130121,-18.580247,-15.853929,-7.828753,-19.870823,0.365089,ok
26,Unnamed,NISAR_L2_PR_GCOV_031_024_A_018_4005_DHDH_A_20260919T202858_20260919T202933_P05023_F_F_J_001,2026-09-19T20:28:58.000000Z,2026-09-19,ASCENDING,HHHH,shoreline,14439.595936,100.000000,144,144,1.000000,-18.428579,-15.579147,-13.628896,-11.248243,-8.376773,-5.384921,1.818884,-10.737255,0.922207,ok
26,Unnamed,NISAR_L2_PR_GCOV_031_024_A_018_4005_DHDH_A_20260919T202858_20260919T202933_P05023_F_F_J_001,2026-09-19T20:28:58.000000Z,2026-09-19,ASCENDING,HVHV,shoreline,14439.595936,100.000000,144,144,1.000000,-26.683933,-22.234494,-20.754746,-18.232832,-14.297765,-11.879778,-7.165836,-17.545812,0.365089,ok
26,Unnamed,NISAR_L2_PR_GCOV_031_024_A_018_4005_DHDH_A_20260919T202858_20260919T202933_P05023_F_F_J_001,2026-09-19T20:28:58.000000Z,2026-09-19,ASCENDING,HHHH,whole,14439.595936,100.000000,144,144,1.000000,-18.428579,-15.579147,-13.628896,-11.248243,-8.376773,-5.384921,1.818884,-10.737255,0.922207,ok
26,Unnamed,NISAR_L2_PR_GCOV_031_024_A_018_4005_DHDH_A_20260919T202858_20260919T202933_P05023_F_F_J_001,2026-09-19T20:28:58.000000Z,2026-09-19,ASCENDING,HVHV,whole,14439.595936,100.000000,144,144,1.000000,-26.683933,-22.234494,-20.754746,-18.232832,-14.297765,-11.879778,-7.165836,-17.545812,0.365089,ok
27,Unnamed,NISAR_L2_PR_GCOV_031_024_A_018_4005_DHDH_A_20260919T202858_20260919T202933_P05023_F_F_J_001,2026-09-19T20:28:58.000000Z,2026-09-19,ASCENDING,HHHH,core,4488.032286,100.000000,46,46,1.000000,-21.141437,-16.368372,-15.027771,-13.881295,-12.474702,-10.460127,-8.152331,-13.693761,0.922207,ok
27,Unnamed,NISAR_L2_PR_GCOV_031_024_A_018_4005_DHDH_A_20260919T202858_20260919T202933_P05023_F_F_J_001,2026-09-19T20:28:58.000000Z,2026-09-19,ASCENDING,HVHV,core,4488.032286,100.000000,46,46,1.000000,-27.182081,-24.300678,-23.315878,-21.551097,-20.460235,-19.759163,-18.057627,-21.918815,0.365089,ok
27,Unnamed,NISAR_L2_PR_GCOV_031_024_A_018_4005_DHDH_A_20260919T202858_20260919T202933_P05023_F_F_J_001,2026-09-19T20:28:58.000000Z,2026-09-19,ASCENDING,HHHH,shoreline,34066.736745,100.000000,345,345,1.000000,-19.803636,-15.196763,-14.041559,-11.985234,-9.221500,-4.561896,3.138345,-11.078868,0.922207,ok
27,Unnamed,NISAR_L2_PR_GCOV_031_024_A_018_4005_DHDH_A_20260919T202858_20260919T202933_P05023_F_F_J_001,2026-09-19T20:28:58.000000Z,2026-09-19,ASCENDING,HVHV,shoreline,34066.736745,100.000000,345,345,1.000000,-26.173775,-23.326425,-21.840464,-19.884800,-16.606222,-12.052241,-4.562416,-18.735111,0.365089,ok
27,Unnamed,NISAR_L2_PR_GCOV_031_024_A_018_4005_DHDH_A_20260919T202858_20260919T202933_P05023_F_F_J_001,2026-09-19T20:28:58.000000Z,2026-09-19,ASCENDING,HHHH,whole,38554.769032,100.000000,391,391,1.000000,-21.141437,-15.386917,-14.181068,-12.305119,-9.526058,-5.425532,3.138345,-11.386503,0.922207,ok
27,Unnamed,NISAR_L2_PR_GCOV_031_024_A_018_4005_DHDH_A_20260919T202858_20260919T202933_P05023_F_F_J_001,2026-09-19T20:28:58.000000Z,2026-09-19,ASCENDING,HVHV,whole,38554.769032,100.000000,391,391,1.000000,-27.182081,-23.391099,-21.991013,-20.272133,-17.248360,-12.293410,-4.562416,-19.109664,0.365089,ok
28,Unnamed,NISAR_L2_PR_GCOV_031_024_A_018_4005_DHDH_A_20260919T202858_20260919T202933_P05023_F_F_J_001,2026-09-19T20:28:58.000000Z,2026-09-19,ASCENDING,HHHH,shoreline,6322.670708,100.000000,64,64,1.000000,-16.387226,-12.978573,-11.044863,-8.961041,-6.027334,-4.374595,-2.481843,-8.625071,0.922207,ok
28,Unnamed,NISAR_L2_PR_GCOV_031_024_A_018_4005_DHDH_A_20260919T202858_20260919T202933_P05023_F_F_J_001,2026-09-19T20:28:58.000000Z,2026-09-19,ASCENDING,HVHV,shoreline,6322.670708,100.000000,64,64,1.000000,-25.402785,-21.140712,-19.397078,-16.599663,-13.911373,-12.077136,-7.830059,-16.742446,0.365089,ok
28,Unnamed,NISAR_L2_PR_GCOV_031_024_A_018_4005_DHDH_A_20260919T202858_20260919T202933_P05023_F_F_J_001,2026-09-19T20:28:58.000000Z,2026-09-19,ASCENDING,HHHH,whole,6322.670708,100.000000,64,64,1.000000,-16.387226,-12.978573,-11.044863,-8.961041,-6.027334,-4.374595,-2.481843,-8.625071,0.922207,ok
28,Unnamed,NISAR_L2_PR_GCOV_031_024_A_018_4005_DHDH_A_20260919T202858_20260919T202933_P05023_F_F_J_001,2026-09-19T20:28:58.000000Z,2026-09-19,ASCENDING,HVHV,whole,6322.670708,100.000000,64,64,1.000000,-25.402785,-21.140712,-19.397078,-16.599663,-13.911373,-12.077136,-7.830059,-16.742446,0.365089,ok
29,Unnamed,NISAR_L2_PR_GCOV_031_024_A_018_4005_DHDH_A_20260919T202858_20260919T202933_P05023_F_F_J_001,2026-09-19T20:28:58.000000Z,2026-09-19,ASCENDING,HHHH,shoreline,11156.619258,100.000000,110,110,1.000000,-20.123352,-15.435740,-13.947422,-11.777189,-9.690710,-6.495358,0.180997,-11.456166,0.922207,ok
29,Unnamed,NISAR_L2_PR_GCOV_031_024_A_018_4005_DHDH_A_20260919T202858_20260919T202933_P05023_F_F_J_001,2026-09-19T20:28:58.000000Z,2026-09-19,ASCENDING,HVHV,shoreline,11156.619258,100.000000,110,110,1.000000,-25.653980,-22.315991,-21.060193,-18.946992,-15.122129,-10.849189,-3.443893,-17.384411,0.365089,ok
29,Unnamed,NISAR_L2_PR_GCOV_031_024_A_018_4005_DHDH_A_20260919T202858_20260919T202933_P05023_F_F_J_001,2026-09-19T20:28:58.000000Z,2026-09-19,ASCENDING,HHHH,whole,11156.619258,100.000000,110,110,1.000000,-20.123352,-15.435740,-13.947422,-11.777189,-9.690710,-6.495358,0.180997,-11.456166,0.922207,ok
29,Unnamed,NISAR_L2_PR_GCOV_031_024_A_018_4005_DHDH_A_20260919T202858_20260919T202933_P05023_F_F_J_001,2026-09-19T20:28:58.000000Z,2026-09-19,ASCENDING,HVHV,whole,11156.619258,100.000000,110,110,1.000000,-25.653980,-22.315991,-21.060193,-18.946992,-15.122129,-10.849189,-3.443893,-17.384411,0.365089,ok
3,Unnamed,NISAR_L2_PR_GCOV_031_024_A_018_4005_DHDH_A_20260919T202858_20260919T202933_P05023_F_F_J_001,2026-09-19T20:28:58.000000Z,2026-09-19,ASCENDING,HHHH,shoreline,11434.168985,100.000000,113,113,1.000000,-21.101223,-18.148512,-16.725191,-14.806022,-12.138977,-9.136855,0.602920,-14.101563,0.922207,ok
3,Unnamed,NISAR_L2_PR_GCOV_031_024_A_018_4005_DHDH_A_20260919T202858_20260919T202933_P05023_F_F_J_001,2026-09-19T20:28:58.000000Z,2026-09-19,ASCENDING,HVHV,shoreline,11434.168985,100.000000,113,113,1.000000,-26.458344,-23.288741,-21.585953,-20.275552,-17.959568,-15.303434,-6.638438,-19.568424,0.365089,ok
3,Unnamed,NISAR_L2_PR_GCOV_031_024_A_018_4005_DHDH_A_20260919T202858_20260919T202933_P05023_F_F_J_001,2026-09-19T20:28:58.000000Z,2026-09-19,ASCENDING,HHHH,whole,11434.168985,100.000000,113,113,1.000000,-21.101223,-18.148512,-16.725191,-14.806022,-12.138977,-9.136855,0.602920,-14.101563,0.922207,ok
3,Unnamed,NISAR_L2_PR_GCOV_031_024_A_018_4005_DHDH_A_20260919T202858_20260919T202933_P05023_F_F_J_001,2026-09-19T20:28:58.000000Z,2026-09-19,ASCENDING,HVHV,whole,11434.168985,100.000000,113,113,1.000000,-26.458344,-23.288741,-21.585953,-20.275552,-17.959568,-15.303434,-6.638438,-19.568424,0.365089,ok
30,Unnamed,NISAR_L2_PR_GCOV_031_024_A_018_4005_DHDH_A_20260919T202858_20260919T202933_P05023_F_F_J_001,2026-09-19T20:28:58.000000Z,2026-09-19,ASCENDING,HHHH,shoreline,24517.632812,100.000000,241,241,1.000000,-14.106429,-10.039217,-8.812751,-7.360699,-5.405757,-3.552178,0.677488,-7.099268,0.922207,ok
30,Unnamed,NISAR_L2_PR_GCOV_031_024_A_018_4005_DHDH_A_20260919T202858_20260919T202933_P05023_F_F_J_001,2026-09-19T20:28:58.000000Z,2026-09-19,ASCENDING,HVHV,shoreline,24517.632812,100.000000,241,241,1.000000,-22.089160,-17.936071,-16.301196,-14.197631,-12.109661,-10.190176,-5.135649,-14.182325,0.365089,ok
30,Unnamed,NISAR_L2_PR_GCOV_031_024_A_018_4005_DHDH_A_20260919T202858_20260919T202933_P05023_F_F_J_001,2026-09-19T20:28:58.000000Z,2026-09-19,ASCENDING,HHHH,whole,24517.632812,100.000000,241,241,1.000000,-14.106429,-10.039217,-8.812751,-7.360699,-5.405757,-3.552178,0.677488,-7.099268,0.922207,ok
30,Unnamed,NISAR_L2_PR_GCOV_031_024_A_018_4005_DHDH_A_20260919T202858_20260919T202933_P05023_F_F_J_001,2026-09-19T20:28:58.000000Z,2026-09-19,ASCENDING,HVHV,whole,24517.632812,100.000000,241,241,1.000000,-22.089160,-17.936071,-16.301196,-14.197631,-12.109661,-10.190176,-5.135649,-14.182325,0.365089,ok
31,Unnamed,NISAR_L2_PR_GCOV_031_024_A_018_4005_DHDH_A_20260919T202858_20260919T202933_P05023_F_F_J_001,2026-09-19T20:28:58.000000Z,2026-09-19,ASCENDING,HHHH,core,1481.449039,100.000000,16,16,1.000000,-15.525851,-14.306188,-14.183300,-13.212628,-11.866385,-11.097183,-8.980760,-12.919146,0.922207,ok
31,Unnamed,NISAR_L2_PR_GCOV_031_024_A_018_4005_DHDH_A_20260919T202858_20260919T202933_P05023_F_F_J_001,2026-09-19T20:28:58.000000Z,2026-09-19,ASCENDING,HVHV,core,1481.449039,100.000000,16,16,1.000000,-24.559191,-22.953378,-21.587875,-19.995396,-18.768485,-17.555622,-17.467829,-20.215761,0.365089,ok
31,Unnamed,NISAR_L2_PR_GCOV_031_024_A_018_4005_DHDH_A_20260919T202858_20260919T202933_P05023_F_F_J_001,2026-09-19T20:28:58.000000Z,2026-09-19,ASCENDING,HHHH,shoreline,17270.036923,100.000000,174,174,1.000000,-19.632477,-15.091021,-13.726673,-11.835521,-9.904743,-8.133754,1.186140,-11.531079,0.922207,ok
31,Unnamed,NISAR_L2_PR_GCOV_031_024_A_018_4005_DHDH_A_20260919T202858_20260919T202933_P05023_F_F_J_001,2026-09-19T20:28:58.000000Z,2026-09-19,ASCENDING,HVHV,shoreline,17270.036923,100.000000,174,174,1.000000,-26.370370,-23.206804,-21.934538,-20.560989,-18.262470,-15.563793,-7.283128,-19.840049,0.365089,ok
31,Unnamed,NISAR_L2_PR_GCOV_031_024_A_018_4005_DHDH_A_20260919T202858_20260919T202933_P05023_F_F_J_001,2026-09-19T20:28:58.000000Z,2026-09-19,ASCENDING,HHHH,whole,18751.485962,100.000000,190,190,1.000000,-19.632477,-15.026204,-13.756919,-11.937772,-10.252544,-8.229213,1.186140,-11.647969,0.922207,ok
31,Unnamed,NISAR_L2_PR_GCOV_031_024_A_018_4005_DHDH_A_20260919T202858_20260919T202933_P05023_F_F_J_001,2026-09-19T20:28:58.000000Z,2026-09-19,ASCENDING,HVHV,whole,18751.485962,100.000000,190,190,1.000000,-26.370370,-23.245946,-21.874839,-20.461457,-18.262470,-16.012669,-7.283128,-19.871688,0.365089,ok
32,Unnamed,NISAR_L2_PR_GCOV_031_024_A_018_4005_DHDH_A_20260919T202858_20260919T202933_P05023_F_F_J_001,2026-09-19T20:28:58.000000Z,2026-09-19,ASCENDING,HHHH,core,3445.772556,100.000000,33,33,1.000000,-17.845479,-16.601184,-14.539091,-13.055497,-11.215239,-10.568401,-9.400275,-13.207101,0.922207,ok
32,Unnamed,NISAR_L2_PR_GCOV_031_024_A_018_4005_DHDH_A_20260919T202858_20260919T202933_P05023_F_F_J_001,2026-09-19T20:28:58.000000Z,2026-09-19,ASCENDING,HVHV,core,3445.772556,100.000000,33,33,1.000000,-23.709305,-22.889659,-22.286419,-20.875051,-19.527204,-18.478769,-17.323395,-20.873772,0.365089,ok
32,Unnamed,NISAR_L2_PR_GCOV_031_024_A_018_4005_DHDH_A_20260919T202858_20260919T202933_P05023_F_F_J_001,2026-09-19T20:28:58.000000Z,2026-09-19,ASCENDING,HHHH,shoreline,32863.807375,100.000000,333,333,1.000000,-19.597510,-14.741972,-13.543300,-11.783652,-9.353807,-6.240791,1.492249,-11.135430,0.922207,ok
32,Unnamed,NISAR_L2_PR_GCOV_031_024_A_018_4005_DHDH_A_20260919T202858_20260919T202933_P05023_F_F_J_001,2026-09-19T20:28:58.000000Z,2026-09-19,ASCENDING,HVHV,shoreline,32863.807375,100.000000,333,333,1.000000,-26.267068,-22.793292,-21.331620,-19.594161,-17.332629,-12.766645,-5.771054,-18.837447,0.365089,ok
32,Unnamed,NISAR_L2_PR_GCOV_031_024_A_018_4005_DHDH_A_20260919T202858_20260919T202933_P05023_F_F_J_001,2026-09-19T20:28:58.000000Z,2026-09-19,ASCENDING,HHHH,whole,36309.579932,100.000000,366,366,1.000000,-19.597510,-14.818193,-13.675809,-11.907427,-9.655049,-6.735029,1.492249,-11.322220,0.922207,ok
32,Unnamed,NISAR_L2_PR_GCOV_031_024_A_018_4005_DHDH_A_20260919T202858_20260919T202933_P05023_F_F_J_001,2026-09-19T20:28:58.000000Z,2026-09-19,ASCENDING,HVHV,whole,36309.579932,100.000000,366,366,1.000000,-26.267068,-22.859164,-21.501898,-19.746065,-17.488445,-13.111373,-5.771054,-19.021050,0.365089,ok
33,Unnamed,NISAR_L2_PR_GCOV_031_024_A_018_4005_DHDH_A_20260919T202858_20260919T202933_P05023_F_F_J_001,2026-09-19T20:28:58.000000Z,2026-09-19,ASCENDING,HHHH,shoreline,9956.188808,100.000000,98,98,1.000000,-19.314502,-14.134865,-12.591454,-10.412732,-8.472663,-5.698079,2.233465,-10.214023,0.922207,ok
33,Unnamed,NISAR_L2_PR_GCOV_031_024_A_018_4005_DHDH_A_20260919T202858_20260919T202933_P05023_F_F_J_001,2026-09-19T20:28:58.000000Z,2026-09-19,ASCENDING,HVHV,shoreline,9956.188808,100.000000,98,98,1.000000,-25.062099,-21.353759,-20.120622,-18.036450,-14.934139,-11.971890,-5.290757,-17.327875,0.365089,ok
33,Unnamed,NISAR_L2_PR_GCOV_031_024_A_018_4005_DHDH_A_20260919T202858_20260919T202933_P05023_F_F_J_001,2026-09-19T20:28:58.000000Z,2026-09-19,ASCENDING,HHHH,whole,9956.188808,100.000000,98,98,1.000000,-19.314502,-14.134865,-12.591454,-10.412732,-8.472663,-5.698079,2.233465,-10.214023,0.922207,ok
33,Unnamed,NISAR_L2_PR_GCOV_031_024_A_018_4005_DHDH_A_20260919T202858_20260919T202933_P05023_F_F_J_001,2026-09-19T20:28:58.000000Z,2026-09-19,ASCENDING,HVHV,whole,9956.188808,100.000000,98,98,1.000000,-25.062099,-21.353759,-20.120622,-18.036450,-14.934139,-11.971890,-5.290757,-17.327875,0.365089,ok
34,Unnamed,NISAR_L2_PR_GCOV_031_024_A_018_4005_DHDH_A_20260919T202858_20260919T202933_P05023_F_F_J_001,2026-09-19T20:28:58.000000Z,2026-09-19,ASCENDING,HHHH,shoreline,16977.653409,100.000000,170,170,1.000000,-19.730330,-15.487551,-14.284661,-12.875856,-10.785524,-8.434672,-1.679492,-12.349374,0.922207,ok
34,Unnamed,NISAR_L2_PR_GCOV_031_024_A_018_4005_DHDH_A_20260919T202858_20260919T202933_P05023_F_F_J_001,2026-09-19T20:28:58.000000Z,2026-09-19,ASCENDING,HVHV,shoreline,16977.653409,100.000000,170,170,1.000000,-27.211301,-23.418942,-22.313388,-20.085569,-17.812400,-14.908932,-8.184605,-19.690951,0.365089,ok
34,Unnamed,NISAR_L2_PR_GCOV_031_024_A_018_4005_DHDH_A_20260919T202858_20260919T202933_P05023_F_F_J_001,2026-09-19T20:28:58.000000Z,2026-09-19,ASCENDING,HHHH,whole,16977.653409,100.000000,170,170,1.000000,-19.730330,-15.487551,-14.284661,-12.875856,-10.785524,-8.434672,-1.679492,-12.349374,0.922207,ok
34,Unnamed,NISAR_L2_PR_GCOV_031_024_A_018_4005_DHDH_A_20260919T202858_20260919T202933_P05023_F_F_J_001,2026-09-19T20:28:58.000000Z,2026-09-19,ASCENDING,HVHV,whole,16977.653409,100.000000,170,170,1.000000,-27.211301,-23.418942,-22.313388,-20.085569,-17.812400,-14.908932,-8.184605,-19.690951,0.365089,ok
35,Unnamed,NISAR_L2_PR_GCOV_031_024_A_018_4005_DHDH_A_20260919T202858_20260919T202933_P05023_F_F_J_001,2026-09-19T20:28:58.000000Z,2026-09-19,ASCENDING,HHHH,core,163.178983,100.000000,2,2,1.000000,-12.227578,-12.012786,-11.690597,-11.153615,-10.616633,-10.294444,-10.079651,-11.153615,0.922207,ok
35,Unnamed,NISAR_L2_PR_GCOV_031_024_A_018_4005_DHDH_A_20260919T202858_20260919T202933_P05023_F_F_J_001,2026-09-19T20:28:58.000000Z,2026-09-19,ASCENDING,HVHV,core,163.178983,100.000000,2,2,1.000000,-20.038172,-19.942304,-19.798501,-19.558830,-19.319159,-19.175357,-19.079488,-19.558830,0.365089,ok
35,Unnamed,NISAR_L2_PR_GCOV_031_024_A_018_4005_DHDH_A_20260919T202858_20260919T202933_P05023_F_F_J_001,2026-09-19T20:28:58.000000Z,2026-09-19,ASCENDING,HHHH,shoreline,26376.921634,100.000000,266,266,1.000000,-16.389705,-13.425795,-11.852816,-9.763003,-7.706193,-5.308289,1.772869,-9.554208,0.922207,ok
35,Unnamed,NISAR_L2_PR_GCOV_031_024_A_018_4005_DHDH_A_20260919T202858_20260919T202933_P05023_F_F_J_001,2026-09-19T20:28:58.000000Z,2026-09-19,ASCENDING,HVHV,shoreline,26376.921634,100.000000,266,266,1.000000,-26.510362,-22.254638,-20.940258,-18.987642,-15.574567,-11.485750,-2.340529,-17.909521,0.365089,ok
35,Unnamed,NISAR_L2_PR_GCOV_031_024_A_018_4005_DHDH_A_20260919T202858_20260919T202933_P05023_F_F_J_001,2026-09-19T20:28:58.000000Z,2026-09-19,ASCENDING,HHHH,whole,26540.100617,100.000000,268,268,1.000000,-16.389705,-13.401495,-11.890902,-9.775582,-7.708245,-5.313396,1.772869,-9.566143,0.922207,ok
35,Unnamed,NISAR_L2_PR_GCOV_031_024_A_018_4005_DHDH_A_20260919T202858_20260919T202933_P05023_F_F_J_001,2026-09-19T20:28:58.000000Z,2026-09-19,ASCENDING,HVHV,whole,26540.100617,100.000000,268,268,1.000000,-26.510362,-22.232452,-20.901984,-19.001619,-15.610803,-11.506905,-2.340529,-17.921830,0.365089,ok
43,Unnamed,NISAR_L2_PR_GCOV_031_024_A_018_4005_DHDH_A_20260919T202858_20260919T202933_P05023_F_F_J_001,2026-09-19T20:28:58.000000Z,2026-09-19,ASCENDING,HHHH,shoreline,14166.390215,100.000000,143,143,1.000000,-22.039071,-16.603563,-14.881275,-13.036163,-10.237442,-8.052246,-0.021591,-12.633178,0.922207,ok
43,Unnamed,NISAR_L2_PR_GCOV_031_024_A_018_4005_DHDH_A_20260919T202858_20260919T202933_P05023_F_F_J_001,2026-09-19T20:28:58.000000Z,2026-09-19,ASCENDING,HVHV,shoreline,14166.390215,100.000000,143,143,1.000000,-25.806606,-22.552584,-20.776560,-19.070618,-16.711764,-14.438088,-10.139884,-18.622408,0.365089,ok
43,Unnamed,NISAR_L2_PR_GCOV_031_024_A_018_4005_DHDH_A_20260919T202858_20260919T202933_P05023_F_F_J_001,2026-09-19T20:28:58.000000Z,2026-09-19,ASCENDING,HHHH,whole,14166.390215,100.000000,143,143,1.000000,-22.039071,-16.603563,-14.881275,-13.036163,-10.237442,-8.052246,-0.021591,-12.633178,0.922207,ok
43,Unnamed,NISAR_L2_PR_GCOV_031_024_A_018_4005_DHDH_A_20260919T202858_20260919T202933_P05023_F_F_J_001,2026-09-19T20:28:58.000000Z,2026-09-19,ASCENDING,HVHV,whole,14166.390215,100.000000,143,143,1.000000,-25.806606,-22.552584,-20.776560,-19.070618,-16.711764,-14.438088,-10.139884,-18.622408,0.365089,ok
48,Unnamed,NISAR_L2_PR_GCOV_031_024_A_018_4005_DHDH_A_20260919T202858_20260919T202933_P05023_F_F_J_001,2026-09-19T20:28:58.000000Z,2026-09-19,ASCENDING,HHHH,shoreline,3435.845157,100.000000,35,35,1.000000,-19.135893,-16.727553,-14.760223,-12.889104,-11.046232,-7.670083,-1.195603,-12.607019,0.922207,ok
48,Unnamed,NISAR_L2_PR_GCOV_031_024_A_018_4005_DHDH_A_20260919T202858_20260919T202933_P05023_F_F_J_001,2026-09-19T20:28:58.000000Z,2026-09-19,ASCENDING,HVHV,shoreline,3435.845157,100.000000,35,35,1.000000,-22.867860,-21.454524,-20.634497,-18.941073,-16.089331,-14.436461,-12.666417,-18.422779,0.365089,ok
48,Unnamed,NISAR_L2_PR_GCOV_031_024_A_018_4005_DHDH_A_20260919T202858_20260919T202933_P05023_F_F_J_001,2026-09-19T20:28:58.000000Z,2026-09-19,ASCENDING,HHHH,whole,3435.845157,100.000000,35,35,1.000000,-19.135893,-16.727553,-14.760223,-12.889104,-11.046232,-7.670083,-1.195603,-12.607019,0.922207,ok
48,Unnamed,NISAR_L2_PR_GCOV_031_024_A_018_4005_DHDH_A_20260919T202858_20260919T202933_P05023_F_F_J_001,2026-09-19T20:28:58.000000Z,2026-09-19,ASCENDING,HVHV,whole,3435.845157,100.000000,35,35,1.000000,-22.867860,-21.454524,-20.634497,-18.941073,-16.089331,-14.436461,-12.666417,-18.422779,0.365089,ok
