{
"type": "FeatureCollection",
"name": "search_aoi",
"crs": { "type": "name", "properties": { "name": "urn:ogc:def:crs:OGC:1.3:CRS84" } },
"features": [
{ "type": "Feature", "properties": { "name": "nisar_search_aoi" }, "geometry": { "type": "MultiPolygon", "coordinates": [ [ [ [ 131.583636997118901, 33.399074246907169 ], [ 131.583629244803461, 33.399165256157083 ], [ 131.583632501672128, 33.399256456501618 ], [ 131.583646734385098, 33.399346913385934 ], [ 131.583671797129142, 33.39943569987085 ], [ 131.583707433109936, 33.399521906131618 ], [ 131.583753277182666, 33.399604648781391 ], [ 131.583808859592523, 33.39968307992396 ], [ 131.583873610787691, 33.399756395842886 ], [ 131.583946867254895, 33.399823845237805 ], [ 131.584027878318352, 33.399884736923866 ], [ 131.584115813832113, 33.39993844691508 ], [ 131.584209772686933, 33.399984424818882 ], [ 131.584308792044737, 33.400022199476837 ], [ 131.584411857205737, 33.400051383793127 ], [ 131.584434257418081, 33.400056683835338 ], [ 131.584532039982747, 33.400075733457037 ], [ 131.584631515226334, 33.400087046468173 ], [ 131.584731815029556, 33.40009052414149 ], [ 131.58483206407675, 33.400086136128706 ], [ 131.584892164682003, 33.40008113604847 ], [ 131.58500981686683, 33.400065787887556 ], [ 131.585106717778473, 33.400048487669842 ], [ 131.585141103237277, 33.400041830052679 ], [ 131.585207131447874, 33.400041173848514 ], [ 131.585262039458001, 33.400039449774006 ], [ 131.585320640055897, 33.400036349713453 ], [ 131.585438870325277, 33.400024551477507 ], [ 131.585554818691463, 33.400001854723364 ], [ 131.585667061683779, 33.399968538096232 ], [ 131.585708461991032, 33.399954037943964 ], [ 131.585804850359239, 33.399915454288411 ], [ 131.585896196307601, 33.39986903572489 ], [ 131.585936336046984, 33.399843751379052 ], [ 131.585993124595319, 33.399823337274199 ], [ 131.585993984256703, 33.399823181376483 ], [ 131.586091653257597, 33.399801390849113 ], [ 131.586186449610466, 33.399772000410913 ], [ 131.586277534788422, 33.399735270039045 ], [ 131.586312634994812, 33.399719369885361 ], [ 131.586394085214749, 33.39967847652499 ], [ 131.586470914961438, 33.399631713503446 ], [ 131.586542524686223, 33.399579445746426 ], [ 131.586593924681068, 33.399538445441365 ], [ 131.586665758921953, 33.399475315081347 ], [ 131.586745558670202, 33.399398014573464 ], [ 131.586771156936578, 33.399372265428383 ], [ 131.586853756565318, 33.399285964891057 ], [ 131.586912808968265, 33.399217394222916 ], [ 131.587081604967068, 33.399092110804368 ], [ 131.587088524473046, 33.399086930178278 ], [ 131.587189024539498, 33.399011029595442 ], [ 131.587275879560394, 33.398937428507253 ], [ 131.587355379334525, 33.398861828004222 ], [ 131.587421653905977, 33.398792139736486 ], [ 131.587479397216157, 33.398717301043504 ], [ 131.5875280444547, 33.398638043983141 ], [ 131.587551144049144, 33.398595343821341 ], [ 131.587591219971387, 33.398509957483412 ], [ 131.587620737549855, 33.398421595761093 ], [ 131.58763939085847, 33.398331174551579 ], [ 131.587646986584758, 33.398239631096303 ], [ 131.587647586250199, 33.398212531107241 ], [ 131.587644326259209, 33.39812368843166 ], [ 131.587630649807636, 33.398035547068986 ], [ 131.587606689926616, 33.397948964172038 ], [ 131.587572679649099, 33.397864781735528 ], [ 131.587528949742648, 33.397783818408172 ], [ 131.587475925491702, 33.397706861531695 ], [ 131.587445825285641, 33.397667761759557 ], [ 131.587406250643909, 33.39761983090591 ], [ 131.587361245645837, 33.397568923211786 ], [ 131.587286514486578, 33.397463914476646 ], [ 131.587218095800552, 33.397366058094356 ], [ 131.587116724040754, 33.397215054714387 ], [ 131.587060662999022, 33.397140354687259 ], [ 131.586996160012433, 33.397070612378947 ], [ 131.586923833698194, 33.397006496635051 ], [ 131.586844377696423, 33.396948622339941 ], [ 131.586758554017933, 33.396897544520229 ], [ 131.586700654353848, 33.396866544772578 ], [ 131.586601476725917, 33.396819458112766 ], [ 131.586496911828732, 33.396781446530696 ], [ 131.586452012222281, 33.396767446646599 ], [ 131.586356014905874, 33.396741742518657 ], [ 131.586257569178542, 33.39672369429703 ], [ 131.586157540780505, 33.396713460700475 ], [ 131.586056809369012, 33.396711131725318 ], [ 131.585956260783519, 33.396716727854084 ], [ 131.585856779256005, 33.396730199875257 ], [ 131.585759239635877, 33.396751429316062 ], [ 131.585664499697089, 33.396780229484136 ], [ 131.585573392595307, 33.396816347109137 ], [ 131.585546692755429, 33.396828246993465 ], [ 131.585428932048245, 33.396889194349214 ], [ 131.58541163210873, 33.396899494260005 ], [ 131.585330569029196, 33.396952837794871 ], [ 131.585255969163399, 33.397012448217104 ], [ 131.585188518350918, 33.397077777506134 ], [ 131.585128836711533, 33.397148225064186 ], [ 131.58507747294388, 33.397223143237511 ], [ 131.585007495986474, 33.397337578118155 ], [ 131.584943856823656, 33.397431138780036 ], [ 131.584903961003903, 33.397498863195445 ], [ 131.584891910267714, 33.397504886636675 ], [ 131.584806731958793, 33.397557636131722 ], [ 131.584773332022451, 33.397580535946467 ], [ 131.584701441451017, 33.397634518984567 ], [ 131.584635613746087, 33.397693693586355 ], [ 131.584585513574439, 33.397742993265972 ], [ 131.584511637724745, 33.397824677850849 ], [ 131.584490548732987, 33.397850978746675 ], [ 131.584425859361033, 33.397870134843984 ], [ 131.584329178107964, 33.397908194752574 ], [ 131.584237478414252, 33.397954116572528 ], [ 131.584151666077275, 33.398007446699935 ], [ 131.584128866119528, 33.398023146573216 ], [ 131.584047692510126, 33.39808512636067 ], [ 131.583974480617087, 33.398153728874007 ], [ 131.583909994403427, 33.398228238268786 ], [ 131.583854906787735, 33.398307877061967 ], [ 131.583809792621906, 33.398391814244427 ], [ 131.583799592397583, 33.398413714173337 ], [ 131.583764265001747, 33.398503073456254 ], [ 131.583740242522623, 33.39859503612346 ], [ 131.583727787073315, 33.398688598895873 ], [ 131.583727034576128, 33.398782741034552 ], [ 131.583727552380054, 33.398792270788107 ], [ 131.583690961678656, 33.398868066460778 ], [ 131.583659800888512, 33.39895908673342 ], [ 131.583640197386558, 33.399052346921685 ], [ 131.583636997118901, 33.399074246907169 ] ] ], [ [ [ 131.563194057794732, 33.415586470303779 ], [ 131.56300057090948, 33.416085059549602 ], [ 131.562886005856853, 33.416313780035246 ], [ 131.562615257146945, 33.416789915238915 ], [ 131.562519194592056, 33.416882243909285 ], [ 131.562024614458295, 33.417330327685505 ], [ 131.561959773517401, 33.417394890897818 ], [ 131.5619024188982, 33.417464257620892 ], [ 131.561853053622229, 33.417537819505988 ], [ 131.561797552801096, 33.417630419117479 ], [ 131.561758683587215, 33.417703108888468 ], [ 131.56172761968989, 33.417778392821184 ], [ 131.561704603784193, 33.417855682838628 ], [ 131.561689815680268, 33.417934375191692 ], [ 131.561683370917962, 33.418013855175268 ], [ 131.561677268248104, 33.418229855249749 ], [ 131.561680156941009, 33.418320599187339 ], [ 131.561693915215557, 33.418410639261161 ], [ 131.561718403555517, 33.418499062200475 ], [ 131.561753373608269, 33.418584971134443 ], [ 131.561798470702456, 33.418667494689252 ], [ 131.561853237444325, 33.418745795826752 ], [ 131.561917118356348, 33.418819080334892 ], [ 131.56198946551055, 33.418886604883895 ], [ 131.562069545100201, 33.418947684566241 ], [ 131.562156544882583, 33.419001699844273 ], [ 131.562211945184771, 33.419032600094425 ], [ 131.562302876901612, 33.419078067244364 ], [ 131.562398701546442, 33.419115812079575 ], [ 131.56249848943412, 33.419145468401268 ], [ 131.562601272425098, 33.419166748485132 ], [ 131.562706053319118, 33.419179445873041 ], [ 131.562811815530722, 33.419183437376304 ], [ 131.562917532953207, 33.419178684270783 ], [ 131.56302217991481, 33.419165232672697 ], [ 131.563124741130707, 33.419143213090997 ], [ 131.563224221554179, 33.419112839161023 ], [ 131.563319656031211, 33.419074405571649 ], [ 131.563410118665217, 33.419028285205826 ], [ 131.563494731800404, 33.418974925522612 ], [ 131.563572674537113, 33.418914844215536 ], [ 131.563643190696183, 33.418848624189579 ], [ 131.563804521190548, 33.418681206811833 ], [ 131.563886714948154, 33.418623806944083 ], [ 131.564036868124902, 33.418576037750611 ], [ 131.564259903785654, 33.418533436079542 ], [ 131.564372171685704, 33.418506537360457 ], [ 131.564480297758251, 33.418469585131831 ], [ 131.564583006015454, 33.418423015468129 ], [ 131.564734906758304, 33.418344914748147 ], [ 131.564823724554941, 33.418293948420484 ], [ 131.564906019221752, 33.418235789135657 ], [ 131.564980965693337, 33.4181710199951 ], [ 131.565047812581724, 33.41810029036855 ], [ 131.565105889709542, 33.418024309383092 ], [ 131.565154614828543, 33.417943838813187 ], [ 131.565193499456484, 33.417859685442806 ], [ 131.565222153773675, 33.417772692976584 ], [ 131.565390071622943, 33.417141255077311 ], [ 131.565762790047216, 33.416638490005091 ], [ 131.565818828267567, 33.416552877439493 ], [ 131.565863492153682, 33.416462682988346 ], [ 131.565896257376323, 33.416368965558974 ], [ 131.565953554993058, 33.416164665191637 ], [ 131.565972038718513, 33.416081364426994 ], [ 131.565981113425721, 33.415996976194279 ], [ 131.565980698949886, 33.415912246224359 ], [ 131.565970798981255, 33.415827923265851 ], [ 131.565951501031634, 33.415744752468591 ], [ 131.565922975659987, 33.415663468798805 ], [ 131.565885474964404, 33.415584790544628 ], [ 131.565839330353612, 33.415509412968895 ], [ 131.565784949617637, 33.415438002165423 ], [ 131.565706049221717, 33.415344402739791 ], [ 131.565641048891194, 33.41527480330469 ], [ 131.565568231055067, 33.415210878642554 ], [ 131.565488296219144, 33.415153243694235 ], [ 131.56540201334829, 33.415102452894132 ], [ 131.565310212469655, 33.415058994836983 ], [ 131.565213776687983, 33.415023287578016 ], [ 131.565113633691055, 33.414995674611745 ], [ 131.564645338154151, 33.414887575470622 ], [ 131.564540253996142, 33.414868006730323 ], [ 131.56443336281896, 33.414857351084812 ], [ 131.564325736779864, 33.414855715415705 ], [ 131.564218455406774, 33.414863116130917 ], [ 131.564112594771245, 33.414879479000149 ], [ 131.564009216695894, 33.414904639899262 ], [ 131.563909358104979, 33.414938346456303 ], [ 131.563814020624392, 33.414980260582624 ], [ 131.563724160535543, 33.415029961863674 ], [ 131.563640679184033, 33.415086951775621 ], [ 131.563496679279154, 33.415195750940029 ], [ 131.5634172626132, 33.415262380731555 ], [ 131.563346572493344, 33.415335598066811 ], [ 131.563285381168441, 33.415414603113888 ], [ 131.563234357127214, 33.415498532812926 ], [ 131.563194057794732, 33.415586470303779 ] ] ], [ [ [ 131.581331058614722, 33.422802348555898 ], [ 131.581668960039792, 33.423017250248613 ], [ 131.581754999229133, 33.423066646985568 ], [ 131.581846341504189, 33.423108820491919 ], [ 131.581942127250329, 33.423143373874666 ], [ 131.582041455032282, 33.423169981953322 ], [ 131.582143390078045, 33.423188394320533 ], [ 131.582246973076707, 33.423198437698765 ], [ 131.582488375577128, 33.423211937717383 ], [ 131.582596734541085, 33.423213405993828 ], [ 131.582704719048905, 33.423205717195749 ], [ 131.5828112313703, 33.423188949486246 ], [ 131.58291518874239, 33.423163273321052 ], [ 131.583015534377694, 33.423128949715625 ], [ 131.5831112482077, 33.423086327591449 ], [ 131.583299049166243, 33.422992226714662 ], [ 131.58340867881347, 33.422929272269933 ], [ 131.583607179303755, 33.422799471193663 ], [ 131.583683823280325, 33.422744306433422 ], [ 131.583753953713369, 33.422683352488576 ], [ 131.583816951336416, 33.422617147608911 ], [ 131.583872259872464, 33.422546276410756 ], [ 131.583919390945937, 33.422471364714291 ], [ 131.583977991049295, 33.422366569067648 ], [ 131.584087692990181, 33.422202396924988 ], [ 131.584149424318952, 33.422093520575196 ], [ 131.584358619800071, 33.42165031911447 ], [ 131.584388993999568, 33.421576855171558 ], [ 131.584411704678587, 33.421501469389547 ], [ 131.584426582849488, 33.421424722773075 ], [ 131.584433517813522, 33.421347186452259 ], [ 131.584449032998947, 33.420937104763496 ], [ 131.584485426829161, 33.420473397543809 ], [ 131.584487140724178, 33.420383931073651 ], [ 131.584478267904217, 33.420294762950299 ], [ 131.584458895843397, 33.4202067719295 ], [ 131.584429215484846, 33.420120825164162 ], [ 131.584389519357444, 33.420037769658599 ], [ 131.584340198692189, 33.41995842392155 ], [ 131.584281739565654, 33.419883569900222 ], [ 131.584214718108825, 33.419813945274534 ], [ 131.584139794828985, 33.419750236187689 ], [ 131.584057708100175, 33.419693070484804 ], [ 131.583969266886385, 33.419643011525878 ], [ 131.58381906782148, 33.419566812151508 ], [ 131.583730346670563, 33.419526446964547 ], [ 131.583637501419076, 33.419493238859289 ], [ 131.58354135085591, 33.419467480693122 ], [ 131.583442742916588, 33.419449399623673 ], [ 131.583342547206087, 33.419439155105671 ], [ 131.583241647330652, 33.419436837484817 ], [ 131.583140933106165, 33.41944246720108 ], [ 131.583047980662457, 33.419455086639537 ], [ 131.582994640506541, 33.419338658531458 ], [ 131.582979198067761, 33.41930678258791 ], [ 131.582823595419313, 33.419002383948282 ], [ 131.582775893946263, 33.418920711791806 ], [ 131.582718621234761, 33.418843486244313 ], [ 131.582652360347367, 33.418771493465961 ], [ 131.582577785841636, 33.418705466345465 ], [ 131.582495656902779, 33.418646077039632 ], [ 131.582406809615037, 33.418593930131308 ], [ 131.582312148450399, 33.418549556475106 ], [ 131.582212637061389, 33.418513407793718 ], [ 131.582109288471685, 33.418485852079719 ], [ 131.582003154764379, 33.41846716984967 ], [ 131.581895316372538, 33.418457551288746 ], [ 131.581786871081704, 33.418457094314689 ], [ 131.581668872292511, 33.418461594210392 ], [ 131.581565226893872, 33.41846977882922 ], [ 131.58146301182569, 33.418486333483543 ], [ 131.581363185961976, 33.418511102876607 ], [ 131.581266685766082, 33.418543854649471 ], [ 131.581174416506542, 33.41858428156047 ], [ 131.581087243765154, 33.418632004367197 ], [ 131.581005985317489, 33.418686575383823 ], [ 131.580931403461449, 33.418747482680494 ], [ 131.58086419786639, 33.418814154885347 ], [ 131.580692596942384, 33.419002153754555 ], [ 131.580627312786874, 33.419082269399496 ], [ 131.580572677047684, 33.419167805977402 ], [ 131.580529322968374, 33.419257772147574 ], [ 131.580497753046501, 33.419351125228403 ], [ 131.580269856865897, 33.420195893445438 ], [ 131.580208562544783, 33.420400421621991 ], [ 131.580187596507244, 33.420488904035878 ], [ 131.580177283006947, 33.420578700741579 ], [ 131.580177725391763, 33.420668912207432 ], [ 131.580188919263492, 33.420758634744175 ], [ 131.580210752520344, 33.420846969557637 ], [ 131.580243006478952, 33.420933031752575 ], [ 131.580285358063492, 33.421015959197291 ], [ 131.580381956768207, 33.421181660007804 ], [ 131.580387206042104, 33.421190540260952 ], [ 131.580482484111457, 33.421349520114823 ], [ 131.580793644624549, 33.422065881050848 ], [ 131.580810393746191, 33.422102005904044 ], [ 131.580885492389939, 33.422254206567544 ], [ 131.580913245303549, 33.422305803927919 ], [ 131.58101514394005, 33.422480404782647 ], [ 131.581063394086385, 33.422554150788962 ], [ 131.581119632589235, 33.422623803852304 ], [ 131.581183369659044, 33.422688757332224 ], [ 131.581254050194048, 33.422748445517968 ], [ 131.581331058614722, 33.422802348555898 ] ] ], [ [ [ 131.56213187882139, 33.42424760533514 ], [ 131.562125946425823, 33.424333517442165 ], [ 131.562129811851491, 33.424419512382535 ], [ 131.56214343989194, 33.424504806268047 ], [ 131.562160239007852, 33.424581806452636 ], [ 131.562183549522018, 33.424665751830524 ], [ 131.562216315603393, 33.424747446395109 ], [ 131.562258237657232, 33.424826143113279 ], [ 131.562308932361447, 33.424901122363032 ], [ 131.562367936171199, 33.424971698514213 ], [ 131.56243470955701, 33.425037226198349 ], [ 131.562508641938052, 33.425097106210451 ], [ 131.5625890572652, 33.425150790988631 ], [ 131.562906058761541, 33.425342392515958 ], [ 131.562996641995198, 33.425391545138318 ], [ 131.563092645392629, 33.425432835578221 ], [ 131.563193101681264, 33.425465847816696 ], [ 131.563296998720006, 33.425490249241285 ], [ 131.563403289697931, 33.425505793997374 ], [ 131.563510903682072, 33.425512325465554 ], [ 131.563618756408744, 33.425509777839736 ], [ 131.563725761208957, 33.425498176790029 ], [ 131.563830839958172, 33.425477639204203 ], [ 131.563932933939867, 33.425448372009711 ], [ 131.564031014513489, 33.425410670088517 ], [ 131.564124093479165, 33.425364913305863 ], [ 131.564211233034882, 33.425311562682424 ], [ 131.564291555225651, 33.425251155749038 ], [ 131.564364250789168, 33.425184301130393 ], [ 131.564396180231711, 33.425148256388361 ], [ 131.564838857841465, 33.424884150107687 ], [ 131.564856420090791, 33.424876815953681 ], [ 131.564952301267084, 33.424875614115443 ], [ 131.565060096295298, 33.424865086129486 ], [ 131.565166075920729, 33.42484549762564 ], [ 131.565269159861202, 33.424817048277255 ], [ 131.565368297354155, 33.424780028078736 ], [ 131.565462477868181, 33.424734814389105 ], [ 131.565550741404138, 33.424681868085251 ], [ 131.565632188281285, 33.424621728863578 ], [ 131.56570598830794, 33.424555009738377 ], [ 131.565771389243821, 33.424482390792683 ], [ 131.565827724467312, 33.424404612245731 ], [ 131.565874419770125, 33.424322466907242 ], [ 131.565910999209365, 33.424236792095904 ], [ 131.565937089957856, 33.424148461104124 ], [ 131.565957779041753, 33.424059357028071 ], [ 131.566050328229096, 33.42392801218498 ], [ 131.566099469311496, 33.423849738684737 ], [ 131.566139223831073, 33.423767802987498 ], [ 131.566169208920655, 33.423682994255003 ], [ 131.56618913580985, 33.423596129318121 ], [ 131.566198812605023, 33.423508044809381 ], [ 131.566198146136514, 33.423419589104967 ], [ 131.566187142854687, 33.423331614153604 ], [ 131.566168441670612, 33.423230314369363 ], [ 131.566146346923091, 33.423140880035227 ], [ 131.566113572248639, 33.423053779810076 ], [ 131.566070454198211, 33.422969908011893 ], [ 131.566017435521587, 33.422890125807847 ], [ 131.56596817191172, 33.422830990887263 ], [ 131.56596541205684, 33.422814959209767 ], [ 131.565941108946902, 33.422731296545841 ], [ 131.565907396164874, 33.422649960349517 ], [ 131.565776593689037, 33.422377161514014 ], [ 131.565734489646161, 33.422300046391797 ], [ 131.565683928346004, 33.422226591168673 ], [ 131.565625357477927, 33.42215744621685 ], [ 131.565559295644164, 33.422093223744071 ], [ 131.565486327767871, 33.422034492373555 ], [ 131.565407099914097, 33.421981772109625 ], [ 131.565322313569453, 33.421935529733972 ], [ 131.56500471562245, 33.421779631019781 ], [ 131.564911524330682, 33.421738878960667 ], [ 131.564814032381662, 33.421705953669473 ], [ 131.564713171872768, 33.421681169937216 ], [ 131.56460990710454, 33.421664764715558 ], [ 131.564505225362353, 33.421656894851552 ], [ 131.564400127477882, 33.42165763558819 ], [ 131.564295618261355, 33.421666979844964 ], [ 131.564192696895873, 33.42168483828555 ], [ 131.564092347385184, 33.421711040171814 ], [ 131.563995529146808, 33.421745334995897 ], [ 131.563903167839896, 33.421787394875125 ], [ 131.563816146515904, 33.421836817686398 ], [ 131.563735297176123, 33.421893130910505 ], [ 131.563661392817409, 33.421955796149412 ], [ 131.563595140041826, 33.422024214273335 ], [ 131.563417738943315, 33.422226913092345 ], [ 131.56335936842035, 33.422300999491874 ], [ 131.563309974239019, 33.422379542457108 ], [ 131.563270035790254, 33.422461779737056 ], [ 131.563239940701465, 33.422546913225432 ], [ 131.563165237715282, 33.422804112741716 ], [ 131.563143728859217, 33.422900880251134 ], [ 131.563134931936929, 33.422999037471754 ], [ 131.563138951906893, 33.42309741374487 ], [ 131.563155740868353, 33.423194835795385 ], [ 131.563156784030639, 33.423199192477618 ], [ 131.562975211131175, 33.423264147170364 ], [ 131.562881061673778, 33.423302472278486 ], [ 131.562791803098776, 33.423348293318675 ], [ 131.562708281552005, 33.423401175926131 ], [ 131.562631288798826, 33.423460618794067 ], [ 131.562561554718457, 33.423526058425551 ], [ 131.562499740385022, 33.423596874474875 ], [ 131.562303538741475, 33.42384627314074 ], [ 131.562251180856833, 33.423920287154495 ], [ 131.562207479094127, 33.423998150775937 ], [ 131.562172831836051, 33.424079154248417 ], [ 131.562147554932608, 33.424162559192254 ], [ 131.56213187882139, 33.42424760533514 ] ] ], [ [ [ 131.431250380906533, 33.430170647036064 ], [ 131.431272756790918, 33.43019714098395 ], [ 131.431336254565537, 33.430265163065506 ], [ 131.431407226162747, 33.43032777658761 ], [ 131.431485019839215, 33.430384406548285 ], [ 131.431567151438543, 33.430433475563525 ], [ 131.431563465813099, 33.430444968828638 ], [ 131.431516574639886, 33.430470349106891 ], [ 131.431435838442326, 33.43052387050497 ], [ 131.431361576137448, 33.430583619999453 ], [ 131.431294468364996, 33.430649049977951 ], [ 131.431235130196541, 33.430719560764096 ], [ 131.431184105497891, 33.430794506113386 ], [ 131.43114186194407, 33.430873199135839 ], [ 131.431108786732125, 33.430954918591205 ], [ 131.431085183031854, 33.431038915499038 ], [ 131.431071267205937, 33.431124420003222 ], [ 131.431067166826267, 33.431210648427758 ], [ 131.431067666183765, 33.431262748461073 ], [ 131.431073945547723, 33.431353056153434 ], [ 131.431090988592558, 33.43144238138089 ], [ 131.431118623705686, 33.431529824525811 ], [ 131.431156572596819, 33.431614504922841 ], [ 131.431204453099269, 33.431695569728831 ], [ 131.431261783018016, 33.431772202512207 ], [ 131.43132798498516, 33.431843631475971 ], [ 131.431402392274293, 33.431909137231166 ], [ 131.431460792362117, 33.431955637573772 ], [ 131.431536714681499, 33.432010667693604 ], [ 131.431527873296034, 33.432026338209909 ], [ 131.431486925852539, 33.432109389551918 ], [ 131.431456044868128, 33.43219544676316 ], [ 131.431435537315508, 33.432283654476777 ], [ 131.431425607062437, 33.432373135948247 ], [ 131.431420905927013, 33.432464935959025 ], [ 131.431421331839488, 33.432549846904131 ], [ 131.431431284932188, 33.432634347518096 ], [ 131.431450676913585, 33.432717687984152 ], [ 131.431479335734849, 33.432799128778115 ], [ 131.431517007115474, 33.432877947230608 ], [ 131.431548681497929, 33.432929540084508 ], [ 131.431520901643353, 33.433006663917332 ], [ 131.431500688083361, 33.43309140827526 ], [ 131.431490246645382, 33.433177386168694 ], [ 131.431489673336472, 33.43326380728719 ], [ 131.431498973455831, 33.433349877243842 ], [ 131.431518061545006, 33.433434804877344 ], [ 131.43154676217236, 33.433517809524496 ], [ 131.431568217697674, 33.433570306687642 ], [ 131.431545320673337, 33.43360739982279 ], [ 131.431503526982823, 33.433697729657823 ], [ 131.431473537961608, 33.433791298716734 ], [ 131.43145570011643, 33.433887025981981 ], [ 131.431447899324866, 33.433951425950838 ], [ 131.431442662260139, 33.434022492338862 ], [ 131.431443729721224, 33.434074214876297 ], [ 131.43143374472848, 33.43407953059495 ], [ 131.431429997288205, 33.434080205762399 ], [ 131.431328317432843, 33.434107613178334 ], [ 131.431230382667962, 33.434143344114077 ], [ 131.431137159514634, 33.43418704594324 ], [ 131.431049567999111, 33.434238287374086 ], [ 131.430968472573795, 33.434296562705676 ], [ 131.43089467358584, 33.434361296818182 ], [ 131.430828899378639, 33.434431850848327 ], [ 131.430771799103326, 33.434507528493995 ], [ 131.430723936311949, 33.434587582885698 ], [ 131.430685783394892, 33.434671223957132 ], [ 131.430657716918034, 33.434757626242174 ], [ 131.430640013905219, 33.434845937021244 ], [ 131.43063241324009, 33.434900236986195 ], [ 131.430625166865724, 33.43499417606705 ], [ 131.430629644757687, 33.435088236514488 ], [ 131.43064579811778, 33.435181392506706 ], [ 131.43067345081397, 33.435272628082757 ], [ 131.430712301299479, 33.435360948222701 ], [ 131.430718006317761, 33.435372088173992 ], [ 131.430722784273371, 33.435402720642756 ], [ 131.430750696425548, 33.435498547827059 ], [ 131.430790930342283, 33.435591244075553 ], [ 131.430825529747494, 33.435659144376629 ], [ 131.430854598188006, 33.435709048179142 ], [ 131.430847481590661, 33.435723795452276 ], [ 131.430802965918502, 33.435763083027368 ], [ 131.430773955436678, 33.435780494558124 ], [ 131.430695315058244, 33.435838146255847 ], [ 131.430623719101987, 33.435901924575582 ], [ 131.43055984349408, 33.435971227411734 ], [ 131.430504291280414, 33.436045400502302 ], [ 131.430457586932818, 33.436123743605052 ], [ 131.43042017139706, 33.436205517108057 ], [ 131.43040507097831, 33.436244017003311 ], [ 131.430377751678179, 33.436326757633765 ], [ 131.430359944800472, 33.436411302037456 ], [ 131.43035181190217, 33.436496883299569 ], [ 131.430353426786866, 33.43658272509748 ], [ 131.430364774834288, 33.436668048742881 ], [ 131.430385753132015, 33.436752080245597 ], [ 131.430391675903934, 33.436768042097953 ], [ 131.430392326486015, 33.43677928509647 ], [ 131.430403188620346, 33.436870600322727 ], [ 131.430425068258955, 33.436960516396915 ], [ 131.4304577386647, 33.437048101388349 ], [ 131.430493540990255, 33.437118129376543 ], [ 131.430498320334863, 33.437134455590481 ], [ 131.430532021928343, 33.43721540492465 ], [ 131.430574744419062, 33.437293303509684 ], [ 131.430597144151221, 33.437329503693142 ], [ 131.430651050096145, 33.437406938083633 ], [ 131.430713864652262, 33.437479499624743 ], [ 131.430784966382248, 33.437546470427172 ], [ 131.430863651854537, 33.437607187912398 ], [ 131.430949142602628, 33.437661051368309 ], [ 131.43104059282669, 33.437707527892869 ], [ 131.431137097761876, 33.437746157666687 ], [ 131.431237702630085, 33.437776558502691 ], [ 131.43134141208688, 33.437798429627584 ], [ 131.431447200069755, 33.437811554657777 ], [ 131.43155401995034, 33.437815803740378 ], [ 131.431607297342936, 33.437813474550317 ], [ 131.433732534385399, 33.438182259068434 ], [ 131.433764107949543, 33.438193563028328 ], [ 131.433867488072821, 33.43822064115701 ], [ 131.433973593118395, 33.438238861638759 ], [ 131.434081346304424, 33.438248039568698 ], [ 131.434189654122122, 33.438248081808219 ], [ 131.43429741743401, 33.438238987930205 ], [ 131.434403542629241, 33.438220850223296 ], [ 131.434506952722899, 33.438193852755134 ], [ 131.43460659828645, 33.438158269504235 ], [ 131.434701468098353, 33.438114461579246 ], [ 131.434790599406824, 33.438062873553982 ], [ 131.435069400158454, 33.437883472056896 ], [ 131.435097985537396, 33.437863154450113 ], [ 131.435847256254164, 33.437897648496133 ], [ 131.435958239249942, 33.437897947646512 ], [ 131.436068667705996, 33.437888652892184 ], [ 131.436177364897759, 33.437869863279616 ], [ 131.436283172550958, 33.437841779032205 ], [ 131.436384963185503, 33.437804699416454 ], [ 131.436481652130453, 33.437759019552736 ], [ 131.436572209083067, 33.437705226204358 ], [ 131.436588245987906, 33.437693440913506 ], [ 131.436705643833449, 33.437653660463582 ], [ 131.436785144355412, 33.437620960138169 ], [ 131.436899593243936, 33.437566353619005 ], [ 131.436908973198797, 33.437560499144467 ], [ 131.436938983790895, 33.437549811525621 ], [ 131.43700423887492, 33.437520021941829 ], [ 131.43704603571075, 33.437556094437554 ], [ 131.437119651572885, 33.437613932554505 ], [ 131.437199409718374, 33.437665730776203 ], [ 131.437284607842571, 33.437711032991842 ], [ 131.437374495735327, 33.437749440290965 ], [ 131.437468281887334, 33.437780614476388 ], [ 131.437565140460066, 33.437804281042439 ], [ 131.437655559540929, 33.437818837583364 ], [ 131.437751210436147, 33.437847251476057 ], [ 131.437856577302711, 33.437868830933802 ], [ 131.437964001341697, 33.437881399779975 ], [ 131.438072389203882, 33.437884830091861 ], [ 131.438180637729715, 33.437879086957686 ], [ 131.438287645178406, 33.437864228831934 ], [ 131.438317745461262, 33.437858728763885 ], [ 131.438413026971915, 33.437837438248117 ], [ 131.438505581090823, 33.437808918318638 ], [ 131.438594629260365, 33.437773408884752 ], [ 131.43867942241755, 33.437731208650703 ], [ 131.438759247295422, 33.437682672602705 ], [ 131.438833432423138, 33.437628209022677 ], [ 131.438853432419307, 33.437612108903451 ], [ 131.438887085515091, 33.437582024937946 ], [ 131.438909373535949, 33.437567451023043 ], [ 131.438943273579497, 33.437542950830284 ], [ 131.43901465302622, 33.437486398601258 ], [ 131.439079579639298, 33.43742462149136 ], [ 131.439137511689296, 33.437358134966011 ], [ 131.439187965812408, 33.437287493784503 ], [ 131.439230521043186, 33.437213287370682 ], [ 131.439264822326606, 33.43713613489475 ], [ 131.439290583480044, 33.437056680106743 ], [ 131.439303582907115, 33.437007880023323 ], [ 131.439321254063202, 33.436922380024882 ], [ 131.439329037636668, 33.436835851606951 ], [ 131.439326861526041, 33.43674909663612 ], [ 131.439314745927049, 33.436662919076191 ], [ 131.439292803144497, 33.43657811753765 ], [ 131.439261236550323, 33.436495477877209 ], [ 131.439220338697993, 33.436415765915321 ], [ 131.439170488610586, 33.436339720339603 ], [ 131.439112148267668, 33.436268045859698 ], [ 131.439061148073733, 33.436211446219239 ], [ 131.438987761570644, 33.43613839639854 ], [ 131.43892810437535, 33.436090398447483 ], [ 131.438923898509358, 33.436083643198806 ], [ 131.438804420862454, 33.435911243084227 ], [ 131.438783025898317, 33.435870028871136 ], [ 131.438798953591856, 33.435819472068928 ], [ 131.438805518976693, 33.435794531108996 ], [ 131.438903224767557, 33.435661468707423 ], [ 131.438944869772456, 33.435599385569432 ], [ 131.438980538094683, 33.435534739359397 ], [ 131.439099186823825, 33.435295296710407 ], [ 131.439229508769841, 33.435043895656264 ], [ 131.439346823880186, 33.434913416469627 ], [ 131.439503464259275, 33.434760661164475 ], [ 131.439636149674612, 33.434661503030192 ], [ 131.439708585877355, 33.434601998299073 ], [ 131.439774012774024, 33.434537035975914 ], [ 131.43983184824873, 33.434467194060502 ], [ 131.439881577733672, 33.434393093966953 ], [ 131.43992275878702, 33.434315394994449 ], [ 131.439955025028809, 33.434234788460977 ], [ 131.440036552433014, 33.433994019479563 ], [ 131.440138159625974, 33.433822862513338 ], [ 131.440197447260573, 33.433701616479453 ], [ 131.440301644353696, 33.433434715757564 ], [ 131.440330254364625, 33.433346542102583 ], [ 131.440348566167387, 33.433276205994268 ], [ 131.440359841615958, 33.4332527833364 ], [ 131.440394061828414, 33.433170424653099 ], [ 131.44039480606429, 33.433167857380461 ], [ 131.440418330128551, 33.433133375472757 ], [ 131.440462546369588, 33.433049973796024 ], [ 131.440496476948624, 33.432963250685191 ], [ 131.440519774029042, 33.432874095256366 ], [ 131.440532198794926, 33.432783421559783 ], [ 131.440533623898261, 33.43269215920855 ], [ 131.440524034762973, 33.43260124384787 ], [ 131.440506033488163, 33.432493244059273 ], [ 131.440485044160198, 33.432401956099866 ], [ 131.440452952162218, 33.432312966329398 ], [ 131.440410098900031, 33.432227221361032 ], [ 131.44035694024663, 33.432145633289402 ], [ 131.440294041691772, 33.432069069988728 ], [ 131.44022207232581, 33.431998345881496 ], [ 131.440141797722134, 33.431934213275618 ], [ 131.440054071792815, 33.431877354362577 ], [ 131.440005072040265, 33.431848854592083 ], [ 131.439912214413908, 33.431800515296487 ], [ 131.439813982985669, 33.431760331040493 ], [ 131.439711393072827, 33.431728717166436 ], [ 131.43960550503806, 33.431706000433678 ], [ 131.439497413330344, 33.431692415641493 ], [ 131.439388235173936, 33.431688103202383 ], [ 131.43927909902186, 33.431693107690819 ], [ 131.439171132893279, 33.431707377382502 ], [ 131.43903213420711, 33.431731877076558 ], [ 131.43893319746013, 33.431753480450212 ], [ 131.438837155490063, 33.431782865922429 ], [ 131.4387448768382, 33.431819767752295 ], [ 131.438657196015981, 33.431863852225604 ], [ 131.438574905958802, 33.431914720672452 ], [ 131.438498750855445, 33.431971913072253 ], [ 131.438429419418213, 33.43203491221356 ], [ 131.438392481114704, 33.432075644239589 ], [ 131.438337272333627, 33.432103990454827 ], [ 131.43825316609383, 33.432157331830631 ], [ 131.438175697392154, 33.4322173256393 ], [ 131.438052797259985, 33.432322324889299 ], [ 131.437967780123358, 33.432404304947781 ], [ 131.437895142709692, 33.432494264975539 ], [ 131.437809769567821, 33.432615093507557 ], [ 131.437767925602941, 33.432639462088275 ], [ 131.437699709331127, 33.432677050585497 ], [ 131.437628251432926, 33.432687197850406 ], [ 131.437631624053438, 33.432680321627231 ], [ 131.437661845490197, 33.432596235120151 ], [ 131.437682164259968, 33.432510081886115 ], [ 131.437697263218183, 33.432424281804501 ], [ 131.437707471859795, 33.432337128452076 ], [ 131.437707545811236, 33.432249555809435 ], [ 131.437697484404964, 33.432162390420451 ], [ 131.437691201017259, 33.432135528844469 ], [ 131.437696867777618, 33.43211619785562 ], [ 131.437711529239124, 33.432034465316534 ], [ 131.437724360230106, 33.431930815632157 ], [ 131.437737703746109, 33.431890110784472 ], [ 131.437740206067446, 33.43188424425702 ], [ 131.437752508055866, 33.431868732824803 ], [ 131.437804043165272, 33.431796681991734 ], [ 131.43784735380973, 33.431720921119492 ], [ 131.437882063768114, 33.431642108349969 ], [ 131.437907871536765, 33.431560928335244 ], [ 131.437924552947919, 33.431478086289772 ], [ 131.437931963116171, 33.431394301864124 ], [ 131.43793003769639, 33.431310302893188 ], [ 131.43792433681358, 33.431237802982153 ], [ 131.437911720245154, 33.431147322833702 ], [ 131.437888276469977, 33.431058372436397 ], [ 131.437854244955389, 33.430971860255362 ], [ 131.437809973300205, 33.430888669851228 ], [ 131.437766872762779, 33.430817570206685 ], [ 131.437710120904399, 33.430735057479218 ], [ 131.437667211441408, 33.430685590310162 ], [ 131.437666311506945, 33.430683078351514 ], [ 131.437620119813346, 33.430578231880098 ], [ 131.437559018821389, 33.430462232406661 ], [ 131.437516104438288, 33.430389750548628 ], [ 131.437465610432639, 33.43032078775353 ], [ 131.437443552900504, 33.430295968093951 ], [ 131.437417660881124, 33.430232559195872 ], [ 131.437375706992441, 33.430154756643454 ], [ 131.437325161698823, 33.430080631548151 ], [ 131.437298166735047, 33.430048530749914 ], [ 131.4372945810602, 33.430042457037111 ], [ 131.437238900932698, 33.42996758652658 ], [ 131.437237096927561, 33.42996561928409 ], [ 131.437212574145377, 33.429912709816797 ], [ 131.437174473563232, 33.429842810141764 ], [ 131.437125989052447, 33.429764292061634 ], [ 131.437114772413594, 33.429749807260983 ], [ 131.437112315859139, 33.429735130130425 ], [ 131.437091530547491, 33.429644755422174 ], [ 131.437059862496, 33.42955662902888 ], [ 131.437040516963208, 33.429517700592292 ], [ 131.437048164671609, 33.429513861690261 ], [ 131.437130025279316, 33.429463396226247 ], [ 131.437205838129756, 33.429406676147536 ], [ 131.437295438084561, 33.429332975608844 ], [ 131.437334581694614, 33.429299046368335 ], [ 131.437341319741478, 33.429292891244302 ], [ 131.437368234596903, 33.429277449263395 ], [ 131.437386800466555, 33.42926462585875 ], [ 131.437416948352677, 33.429257142626042 ], [ 131.437508805889991, 33.429226392954064 ], [ 131.437596904109967, 33.429188694646975 ], [ 131.437680497276943, 33.429144366817567 ], [ 131.437834696861529, 33.42905401198351 ], [ 131.437922109820761, 33.429022739574705 ], [ 131.438011883728876, 33.428981774106987 ], [ 131.438096612130607, 33.428933845257724 ], [ 131.43817552916488, 33.428879386262608 ], [ 131.4382479215042, 33.428818889383138 ], [ 131.438313134802598, 33.428752901456598 ], [ 131.438370579610165, 33.428682018952919 ], [ 131.438419736700752, 33.428606882582756 ], [ 131.438460161764795, 33.428528171505818 ], [ 131.438491489424763, 33.428446597191666 ], [ 131.438513436537079, 33.428362896988538 ], [ 131.438526835743772, 33.428296996910625 ], [ 131.438541496606774, 33.428176359205025 ], [ 131.4385444573754, 33.428103873736568 ], [ 131.438577019636483, 33.428041961909784 ], [ 131.438611467121348, 33.427951910496333 ], [ 131.438619901625685, 33.427917967837573 ], [ 131.438624144234552, 33.427911384866128 ], [ 131.438663641354395, 33.427833348967027 ], [ 131.438694220990243, 33.427752546988266 ], [ 131.43871561270393, 33.427669693588811 ], [ 131.438727627322152, 33.427585521569462 ], [ 131.438731226806198, 33.427543721561882 ], [ 131.438733924768911, 33.427466918486758 ], [ 131.438728812349865, 33.427390201775303 ], [ 131.438715926716185, 33.427314128848458 ], [ 131.438700325908542, 33.427243729017185 ], [ 131.438673511236459, 33.42715059625052 ], [ 131.438635059375258, 33.427060375959989 ], [ 131.438585404750086, 33.426974087364108 ], [ 131.438525108338808, 33.426892705262304 ], [ 131.438454851333603, 33.426817149023165 ], [ 131.438406351267702, 33.426770349341616 ], [ 131.438329975720109, 33.426703858377294 ], [ 131.438245890368648, 33.426644266219981 ], [ 131.438154977150219, 33.426592197898742 ], [ 131.438058189610075, 33.426548199528604 ], [ 131.437956542901105, 33.426512732583063 ], [ 131.43789144347906, 33.426493232745628 ], [ 131.437793397882615, 33.426468213951388 ], [ 131.437692956600984, 33.426451137525191 ], [ 131.437591032483027, 33.426442158665331 ], [ 131.437488551853335, 33.426441358976355 ], [ 131.437486137912629, 33.426441533611758 ], [ 131.43743005774337, 33.426434535120073 ], [ 131.437328463487944, 33.426430009911599 ], [ 131.437245264349485, 33.426429609876706 ], [ 131.437128996053161, 33.426434335408395 ], [ 131.437014018697084, 33.426449574402589 ], [ 131.436901680373808, 33.426475148186327 ], [ 131.43683538567069, 33.426496929187941 ], [ 131.436835147907033, 33.426445056017592 ], [ 131.436827005873681, 33.426368584867134 ], [ 131.436820105356048, 33.426324884949487 ], [ 131.436816120701224, 33.42630192549192 ], [ 131.436787618943185, 33.426151325814011 ], [ 131.436762895349602, 33.426055028681247 ], [ 131.436725788494243, 33.425961568565413 ], [ 131.43669508789435, 33.425896368838629 ], [ 131.436655607948495, 33.425822435444097 ], [ 131.436608371792431, 33.425751772581144 ], [ 131.436553760920162, 33.425684950918956 ], [ 131.436521860797342, 33.425649451144047 ], [ 131.436422967074719, 33.425554114053718 ], [ 131.436362667123376, 33.425503614418716 ], [ 131.436274247956277, 33.425437320326061 ], [ 131.43617765714535, 33.425379597712677 ], [ 131.436129697438389, 33.425354160594893 ], [ 131.436056337244253, 33.425306658081922 ], [ 131.435968109422333, 33.42525521846229 ], [ 131.435874197916348, 33.425211421862443 ], [ 131.435775541118147, 33.425175705909112 ], [ 131.435673124831965, 33.42514842748507 ], [ 131.435567972424678, 33.425129859163313 ], [ 131.435461134600786, 33.425120186483696 ], [ 131.435353678904704, 33.425119506099023 ], [ 131.435246679054472, 33.42512782480933 ], [ 131.435141204214062, 33.425145059493872 ], [ 131.435038308310965, 33.425171037941588 ], [ 131.434939019506004, 33.425205500571607 ], [ 131.434844329920566, 33.425248103026803 ], [ 131.434755185723731, 33.425298419614336 ], [ 131.434672477678163, 33.425355947558863 ], [ 131.434597032239878, 33.42542011202606 ], [ 131.434529603299808, 33.425490271866067 ], [ 131.434471549153102, 33.425557273920923 ], [ 131.434433551812532, 33.425585065787118 ], [ 131.434360879624563, 33.425649850014594 ], [ 131.434296174909605, 33.425720324078341 ], [ 131.434240067602275, 33.425795801899099 ], [ 131.434193103944011, 33.425875548683017 ], [ 131.434155741164602, 33.425958788074652 ], [ 131.434128343029869, 33.426044709714702 ], [ 131.434111176299552, 33.426132477128903 ], [ 131.434104408129031, 33.426221235871161 ], [ 131.434108104440895, 33.426310121841851 ], [ 131.434115055885542, 33.426353503239433 ], [ 131.434086541261223, 33.426429419905894 ], [ 131.434058309510533, 33.426521157829789 ], [ 131.43404171694695, 33.426614873719686 ], [ 131.434036946909686, 33.426709532278203 ], [ 131.434040643217969, 33.427009032476946 ], [ 131.434047219904016, 33.427099693789302 ], [ 131.43406464420346, 33.427189339878744 ], [ 131.434092739234103, 33.427277060537101 ], [ 131.434131219767551, 33.427361965103159 ], [ 131.434179695124186, 33.427443191506207 ], [ 131.434308693849715, 33.427634592531597 ], [ 131.434354514590382, 33.427695734876515 ], [ 131.43429285229459, 33.427709546408202 ], [ 131.434195836369042, 33.427739924927081 ], [ 131.434102756567285, 33.427777989783543 ], [ 131.434014476653431, 33.427823387745946 ], [ 131.433931815853725, 33.427875697532457 ], [ 131.433863115971661, 33.427923697148138 ], [ 131.433788289394329, 33.427981207572586 ], [ 131.433720265145752, 33.428044379138235 ], [ 131.433659649687598, 33.428112648662335 ], [ 131.433606983435027, 33.428185407511556 ], [ 131.433562735938295, 33.428262007027797 ], [ 131.433552959119822, 33.428284013227042 ], [ 131.433507438827576, 33.42831241338412 ], [ 131.433426831221453, 33.428374302882361 ], [ 131.433354134506033, 33.428442735197457 ], [ 131.433337896158719, 33.428461568626531 ], [ 131.433295789787991, 33.428488040049437 ], [ 131.433218894959111, 33.428546945022987 ], [ 131.433149159158148, 33.428611812846988 ], [ 131.43308723696984, 33.428682034647387 ], [ 131.433078349503518, 33.428693207606969 ], [ 131.433053801822069, 33.428685905410241 ], [ 131.433004898067935, 33.428673690993598 ], [ 131.432994015419581, 33.428667510450289 ], [ 131.432911215926282, 33.428625110799295 ], [ 131.432817750084126, 33.428582425216042 ], [ 131.432719708591691, 33.428547698030442 ], [ 131.432618052366706, 33.428521269608076 ], [ 131.432561355221424, 33.42850907312048 ], [ 131.432551718564554, 33.428502714912419 ], [ 131.432466494735763, 33.428456674202856 ], [ 131.432376477529147, 33.428417569637467 ], [ 131.432269578371802, 33.42837636998415 ], [ 131.43217151605927, 33.428343368239943 ], [ 131.432070063598331, 33.428318597993844 ], [ 131.431966201105439, 33.428302298548275 ], [ 131.43186093197815, 33.428294627370633 ], [ 131.431755273202356, 33.428295658572246 ], [ 131.43165024552826, 33.428305382192292 ], [ 131.431546863609981, 33.428323704293959 ], [ 131.431446126204065, 33.428350447871878 ], [ 131.43134900652143, 33.428385354561968 ], [ 131.43125644282614, 33.428428087137043 ], [ 131.431169329371301, 33.428478232764533 ], [ 131.431088507760393, 33.428535306994412 ], [ 131.431014758816673, 33.428598758439051 ], [ 131.43094879503974, 33.428667974099682 ], [ 131.430891253721967, 33.428742285288202 ], [ 131.430842690791053, 33.428820974086932 ], [ 131.430803575438745, 33.428903280284089 ], [ 131.430774285587063, 33.42898840871792 ], [ 131.430755104236283, 33.429075536958472 ], [ 131.430746216729744, 33.429163823253042 ], [ 131.430747708962087, 33.429252414658293 ], [ 131.430759566548176, 33.429340455280531 ], [ 131.430781674960855, 33.429427094544828 ], [ 131.430820373650164, 33.429549094926294 ], [ 131.430852625718018, 33.42963373371898 ], [ 131.430894659289919, 33.429715298865027 ], [ 131.430946065965571, 33.429792997822751 ], [ 131.430957620758051, 33.429807005707218 ], [ 131.430996217775999, 33.42988162179315 ], [ 131.431043416362286, 33.429953938944756 ], [ 131.431098297162123, 33.43002233813062 ], [ 131.43116040116746, 33.430086247257989 ], [ 131.431250380906533, 33.430170647036064 ] ] ], [ [ [ 131.563234007734934, 33.429344174683642 ], [ 131.563335883428891, 33.429362469292933 ], [ 131.563439392843833, 33.429372408616416 ], [ 131.563543563637694, 33.42937389928796 ], [ 131.563647417255254, 33.429366927305999 ], [ 131.563749978121507, 33.429351558165038 ], [ 131.563850282806555, 33.429327936240256 ], [ 131.563852168437052, 33.42932732160012 ], [ 131.563886460666168, 33.429326409997657 ], [ 131.5639850149648, 33.429316100298273 ], [ 131.564082013775959, 33.429298207772554 ], [ 131.56417601461888, 33.429277007521847 ], [ 131.564292557844084, 33.429244635697444 ], [ 131.564403938717817, 33.429201332597039 ], [ 131.564508704378227, 33.429147663075604 ], [ 131.564841505630085, 33.428954461382091 ], [ 131.564898933929783, 33.4289186946801 ], [ 131.565079834334796, 33.428797993689336 ], [ 131.565159512773931, 33.428739216728601 ], [ 131.565231890805904, 33.428674138482371 ], [ 131.565296263003034, 33.42860339324816 ], [ 131.56535200197257, 33.428527670555994 ], [ 131.565398564471309, 33.428447708447365 ], [ 131.565435496699365, 33.428364286281671 ], [ 131.565462438722648, 33.428278217139578 ], [ 131.565479127979728, 33.428190339898208 ], [ 131.565485401839936, 33.428101511054827 ], [ 131.565481199187076, 33.428012596378821 ], [ 131.565466561014034, 33.427924462473555 ], [ 131.565441630021837, 33.427837968330095 ], [ 131.565406649227782, 33.427753956955279 ], [ 131.565361959595663, 33.427673247155596 ], [ 131.565307996711709, 33.427596625557165 ], [ 131.56524528653847, 33.42752483893922 ], [ 131.565174440287876, 33.427458586956199 ], [ 131.565096148463795, 33.427398515318984 ], [ 131.565011174131996, 33.427345209502107 ], [ 131.564920345483131, 33.427299189037832 ], [ 131.564699647033422, 33.427199489866823 ], [ 131.564580589096749, 33.427153328387305 ], [ 131.564455712422841, 33.427119669595726 ], [ 131.563905917736776, 33.427001970515768 ], [ 131.563801216988821, 33.426984150548044 ], [ 131.56369492379298, 33.426975133188144 ], [ 131.563588088072066, 33.4269750075076 ], [ 131.563481765107667, 33.426983774749417 ], [ 131.563377005117275, 33.427001348315649 ], [ 131.56327484288181, 33.427027554622761 ], [ 131.563176287525067, 33.42706213481587 ], [ 131.563082312546982, 33.427104747325529 ], [ 131.56299384620803, 33.427154971241123 ], [ 131.562911762360812, 33.427212310468207 ], [ 131.562836871818462, 33.427276198628327 ], [ 131.562769914345864, 33.427346004653153 ], [ 131.562711551351981, 33.427421039017588 ], [ 131.562662359356352, 33.427500560550264 ], [ 131.562608058413844, 33.427600160169213 ], [ 131.562560808123095, 33.427703044844996 ], [ 131.56239450326828, 33.42814384370849 ], [ 131.562368458453307, 33.428226239867421 ], [ 131.562351812869991, 33.42831033053514 ], [ 131.562344715418277, 33.42839536363411 ], [ 131.562347229603574, 33.428480578655765 ], [ 131.562359332967816, 33.428565213462292 ], [ 131.562380917289317, 33.428648511102992 ], [ 131.562411789549685, 33.428729726584358 ], [ 131.56245167365941, 33.428808133533245 ], [ 131.562500212925954, 33.428883030693676 ], [ 131.562556973243659, 33.428953748198879 ], [ 131.562621446975498, 33.429019653562818 ], [ 131.562693057492936, 33.429080157337332 ], [ 131.562771164333071, 33.429134718384326 ], [ 131.562861564717025, 33.42919201883624 ], [ 131.562947622467163, 33.429241259705627 ], [ 131.563038961148379, 33.429283283895131 ], [ 131.56313472275616, 33.429317696642151 ], [ 131.563234007734934, 33.429344174683642 ] ] ], [ [ [ 131.579997630820799, 33.430097836896536 ], [ 131.580056624126541, 33.430171479908488 ], [ 131.580123965875032, 33.43023990358391 ], [ 131.580199003710504, 33.430302445068655 ], [ 131.580281010716504, 33.430358498491159 ], [ 131.580369192458079, 33.430407520832283 ], [ 131.580462694677749, 33.430449037186172 ], [ 131.580560611571713, 33.430482645361252 ], [ 131.580598599276328, 33.430492153040483 ], [ 131.58060736578534, 33.430524603024843 ], [ 131.580679164216122, 33.4307398237043 ], [ 131.580648571206325, 33.430838945187404 ], [ 131.580543935458735, 33.431007763790078 ], [ 131.580499710123632, 33.431088638863038 ], [ 131.580465209745711, 33.431172775770278 ], [ 131.580440770511728, 33.43125935471614 ], [ 131.580426630579012, 33.431347532108184 ], [ 131.580422927753716, 33.431436448776651 ], [ 131.580429698147043, 33.431525238345941 ], [ 131.580446875821963, 33.431613035676229 ], [ 131.580474293434435, 33.431698985293266 ], [ 131.580511683863079, 33.431782249724122 ], [ 131.580558682810477, 33.431862017657416 ], [ 131.580885879484953, 33.432354520282566 ], [ 131.580941828909488, 33.432429771837469 ], [ 131.581006326889224, 33.432500049510637 ], [ 131.581078749140886, 33.432564673056419 ], [ 131.581158394674162, 33.43262301695659 ], [ 131.581244492576985, 33.432674516475331 ], [ 131.581336209477399, 33.432718673125933 ], [ 131.581432657610435, 33.43275505949623 ], [ 131.581532903411755, 33.432783323385955 ], [ 131.581635976554566, 33.432803191216237 ], [ 131.581740879342703, 33.432814470677712 ], [ 131.581846596368649, 33.432817052592256 ], [ 131.58195210434306, 33.432810911969746 ], [ 131.582056382000673, 33.432796108249811 ], [ 131.58215841998657, 33.432772784726637 ], [ 131.582469522608164, 33.432687683768599 ], [ 131.58255922896376, 33.432659376142425 ], [ 131.582645571385882, 33.432624481367654 ], [ 131.582972873321523, 33.432476779936707 ], [ 131.583063953625043, 33.432430664235468 ], [ 131.583149150595005, 33.432377225159861 ], [ 131.583227629612395, 33.432316986226155 ], [ 131.583298621875485, 33.432250537564023 ], [ 131.583361431930939, 33.432178530134848 ], [ 131.583415444486775, 33.432101669354338 ], [ 131.583460130439136, 33.432020708181525 ], [ 131.583495052055156, 33.431936439742259 ], [ 131.583519867260009, 33.431849689559066 ], [ 131.583534332987142, 33.431761307463916 ], [ 131.583545031717307, 33.431658307432848 ], [ 131.583548196945515, 33.431543464044957 ], [ 131.583526691512844, 33.431100264490745 ], [ 131.583517151637977, 33.431011661232979 ], [ 131.583497240833623, 33.430924278104847 ], [ 131.583304133525274, 33.430257280073988 ], [ 131.58327226469882, 33.430167736996154 ], [ 131.583229510452298, 33.430081441696032 ], [ 131.583176330347584, 33.429999321692897 ], [ 131.583113296001045, 33.429922259626757 ], [ 131.583041084938657, 33.429851083772093 ], [ 131.582960473313477, 33.429786559135891 ], [ 131.582724473977464, 33.429616360431574 ], [ 131.582645341300918, 33.429564481632042 ], [ 131.582571705032592, 33.429524896384251 ], [ 131.582596907042557, 33.429457349519168 ], [ 131.582618095693221, 33.429372945975622 ], [ 131.582629565473894, 33.429287230695564 ], [ 131.582631211378697, 33.429200988619222 ], [ 131.582623018364387, 33.429115009508585 ], [ 131.582605061487158, 33.429030080715307 ], [ 131.582577505214061, 33.428946979970604 ], [ 131.582540601916179, 33.42886646826328 ], [ 131.58249468955654, 33.4287892828713 ], [ 131.582440188594376, 33.428716130610567 ], [ 131.582069986596053, 33.42826843333058 ], [ 131.582001476885011, 33.42819416451686 ], [ 131.581924124742841, 33.428126274558515 ], [ 131.581838769553457, 33.428065500145742 ], [ 131.581746337537794, 33.428012500755123 ], [ 131.581647831703378, 33.427967851494074 ], [ 131.581411833531661, 33.427873852279923 ], [ 131.581325727520095, 33.427843329220387 ], [ 131.581236784388636, 33.427819194586405 ], [ 131.581145676821194, 33.42780163091065 ], [ 131.581053093870167, 33.42779077102923 ], [ 131.58077419674882, 33.427768371120706 ], [ 131.580663787531904, 33.427764288797654 ], [ 131.580553461939274, 33.427769733478115 ], [ 131.580312064360839, 33.427792133133089 ], [ 131.580205654680782, 33.427806566337786 ], [ 131.5801015038858, 33.427829862876649 ], [ 131.580000659255319, 33.427861788495406 ], [ 131.579904134827046, 33.427902022170457 ], [ 131.57981290120145, 33.427950159336753 ], [ 131.57972787578214, 33.428005715955372 ], [ 131.579649913551521, 33.4280681333804 ], [ 131.579579798473475, 33.428136783975901 ], [ 131.579472497915447, 33.428253183270321 ], [ 131.57941349904371, 33.428323946976363 ], [ 131.579362845791337, 33.428399119422693 ], [ 131.579321002978702, 33.428478010822325 ], [ 131.579288354584151, 33.428559897260875 ], [ 131.579265200219965, 33.428644027338983 ], [ 131.579251752381907, 33.428729629067142 ], [ 131.579248134498584, 33.428815916949411 ], [ 131.57925437979759, 33.428902099191312 ], [ 131.57927043099977, 33.428987384965346 ], [ 131.579296140843468, 33.429070991668063 ], [ 131.579331273435031, 33.429152152101381 ], [ 131.57941167200795, 33.429313352809544 ], [ 131.579458148898283, 33.429394814607825 ], [ 131.579514114077909, 33.429471968087235 ], [ 131.57957900579899, 33.429544038791519 ], [ 131.579652172705437, 33.429610303283006 ], [ 131.579732880370585, 33.429670096404905 ], [ 131.579785817787467, 33.429702015418094 ], [ 131.579787107577573, 33.429706595972632 ], [ 131.579815469633587, 33.429779178561681 ], [ 131.579851058799335, 33.429849487145908 ], [ 131.579947557433684, 33.430019687963096 ], [ 131.579997630820799, 33.430097836896536 ] ] ], [ [ [ 131.579122610525275, 33.444978720964237 ], [ 131.578964678200805, 33.445250727024167 ], [ 131.578925155385235, 33.445327697380051 ], [ 131.578894330238029, 33.445407412187635 ], [ 131.578872469227491, 33.445489182415123 ], [ 131.578859761340198, 33.445572301262231 ], [ 131.578856316446632, 33.445656050269456 ], [ 131.578862164350483, 33.445739705528332 ], [ 131.578877254530056, 33.445822543938604 ], [ 131.578941551482018, 33.446091144628419 ], [ 131.578962917976327, 33.446164377443338 ], [ 131.57899151027604, 33.446235857144025 ], [ 131.579027128353459, 33.446305083625589 ], [ 131.579190136780539, 33.446588661249919 ], [ 131.57948742880248, 33.447286681647519 ], [ 131.579529530169935, 33.447371584452767 ], [ 131.579581730729814, 33.44745244976896 ], [ 131.579643487282254, 33.447528436069938 ], [ 131.580222885155251, 33.448168540154988 ], [ 131.580264014795318, 33.448211216315251 ], [ 131.58067701417977, 33.448614019047717 ], [ 131.580751070366802, 33.448679335590008 ], [ 131.58083253662403, 33.448738126728429 ], [ 131.580920598654785, 33.448789804807227 ], [ 131.581014376228524, 33.448833853269683 ], [ 131.581112931979618, 33.44886983182181 ], [ 131.581215280777485, 33.448897380833742 ], [ 131.581320399574281, 33.448916224934656 ], [ 131.581427237631942, 33.4489261757656 ], [ 131.581534727025826, 33.448927133862334 ], [ 131.581641793320529, 33.448919089649578 ], [ 131.581747366310623, 33.448902123536648 ], [ 131.581850390719069, 33.448876405113616 ], [ 131.581949836746446, 33.44884219145591 ], [ 131.582044710365068, 33.448799824554342 ], [ 131.582134063255893, 33.448749727896391 ], [ 131.582217002287933, 33.448692402232744 ], [ 131.582292698445883, 33.448628420571566 ], [ 131.582360395116609, 33.448558422450446 ], [ 131.582489194307641, 33.448410721591806 ], [ 131.582545749174557, 33.44833890613419 ], [ 131.582593876499601, 33.448262896750904 ], [ 131.582633137612135, 33.448183386288711 ], [ 131.582663174662514, 33.448101099505635 ], [ 131.582683713883171, 33.448016786464301 ], [ 131.582694568083156, 33.44793121569495 ], [ 131.582695638353329, 33.447845167189911 ], [ 131.582686914967013, 33.447759425293853 ], [ 131.582668477467479, 33.447674771554397 ], [ 131.582640493942051, 33.447591977598286 ], [ 131.582603219488732, 33.447511798098191 ], [ 131.582020369603896, 33.446415789508599 ], [ 131.582020360379687, 33.44567020539418 ], [ 131.582031011371669, 33.445654269717906 ], [ 131.582541658754593, 33.445616554598544 ], [ 131.58264686047508, 33.445604370268605 ], [ 131.582750115038067, 33.445583544468327 ], [ 131.58285041497237, 33.445554280400181 ], [ 131.582946781638583, 33.445516863599892 ], [ 131.583038274778403, 33.445471659150172 ], [ 131.583124001689413, 33.44541910811823 ], [ 131.583203125935512, 33.445359723251833 ], [ 131.583274875508494, 33.445294083975931 ], [ 131.583338550360196, 33.445222830738821 ], [ 131.58339352923295, 33.445146658762788 ], [ 131.583439275720337, 33.445066311260497 ], [ 131.583475343500538, 33.444982572183044 ], [ 131.583501380690052, 33.444896258570687 ], [ 131.583517133275819, 33.444808212580824 ], [ 131.583522447592884, 33.444719293270936 ], [ 131.583517271822075, 33.444630368216743 ], [ 131.583501656494548, 33.444542305047406 ], [ 131.583475753997476, 33.4444559629803 ], [ 131.583078742738792, 33.443363766796708 ], [ 131.583044145414789, 33.443282695343321 ], [ 131.583000478516482, 33.443204761418784 ], [ 131.582948140558756, 33.443130676226509 ], [ 131.582887609182649, 33.443061115845921 ], [ 131.582819436795944, 33.442996715063011 ], [ 131.582744245531643, 33.44293806157782 ], [ 131.582662721570443, 33.442885690641582 ], [ 131.582575608878926, 33.442840080172566 ], [ 131.582483702420575, 33.442801646395047 ], [ 131.582387840901475, 33.44277074004129 ], [ 131.582288899117145, 33.442747643151158 ], [ 131.582187779970212, 33.442732566498471 ], [ 131.582085406231329, 33.442725647667714 ], [ 131.581982712119355, 33.442726949798562 ], [ 131.581880634776809, 33.44273646100973 ], [ 131.58178010571865, 33.442754094507279 ], [ 131.581779918184537, 33.442754135328542 ], [ 131.581508190326929, 33.442289628780941 ], [ 131.58145559147971, 33.442210125672084 ], [ 131.581393707199197, 33.442135469125517 ], [ 131.581323167097082, 33.442066418672205 ], [ 131.581244688841338, 33.442003676807168 ], [ 131.581159070854739, 33.441947881842921 ], [ 131.581067184191738, 33.441899601415969 ], [ 131.58096996367729, 33.44185932671234 ], [ 131.580599866709463, 33.441725027835759 ], [ 131.580517302263246, 33.441698392081769 ], [ 131.580432405277833, 33.441677537349555 ], [ 131.580037968963524, 33.441595253638887 ], [ 131.579803104447564, 33.441523058444574 ], [ 131.57947619635263, 33.441412216273996 ], [ 131.579362635251016, 33.441379765680864 ], [ 131.579245468554262, 33.441358124941054 ], [ 131.57898257122045, 33.441322325177204 ], [ 131.578885460327172, 33.441312876369885 ], [ 131.578787727133175, 33.441310862154431 ], [ 131.578690179749088, 33.441316299186646 ], [ 131.578593624749601, 33.441329142511414 ], [ 131.578498860504851, 33.441349285934244 ], [ 131.578252062642747, 33.441411885215295 ], [ 131.578146642860929, 33.441443739452666 ], [ 131.578045750491299, 33.441484619885905 ], [ 131.577950481582434, 33.441534082413241 ], [ 131.577861871097838, 33.441591589700494 ], [ 131.577780881672993, 33.441656517017933 ], [ 131.57770839315782, 33.441728159026567 ], [ 131.577370491311427, 33.442099756796161 ], [ 131.577310768291198, 33.442172581566275 ], [ 131.576981216274191, 33.442619924116286 ], [ 131.576319638198953, 33.443148539198802 ], [ 131.576247097074855, 33.443212466475686 ], [ 131.576182359098027, 33.443282033547476 ], [ 131.576126044649072, 33.443356573778843 ], [ 131.5760786933931, 33.44343537287655 ], [ 131.576040759107883, 33.443517675733915 ], [ 131.57601260533437, 33.443602693666534 ], [ 131.575994501892325, 33.443689611969774 ], [ 131.575986622293385, 33.443777597725692 ], [ 131.575989042077254, 33.443865807784661 ], [ 131.576001738086774, 33.443953396845068 ], [ 131.576024588688426, 33.444039525553727 ], [ 131.576057374936909, 33.444123368549477 ], [ 131.576099782672202, 33.444204122372604 ], [ 131.576151405529117, 33.444281013164698 ], [ 131.576211748830758, 33.444353304084693 ], [ 131.576280234328124, 33.444420302370368 ], [ 131.57635620574132, 33.444481365977417 ], [ 131.576438935048259, 33.444535909732551 ], [ 131.576527629461282, 33.444583410941569 ], [ 131.57662143902462, 33.444623414398677 ], [ 131.576719464760004, 33.444655536749117 ], [ 131.576820767282101, 33.444679470163095 ], [ 131.576924375801298, 33.444694985285977 ], [ 131.577029297427828, 33.444701933436328 ], [ 131.577388701157702, 33.444710933350656 ], [ 131.57750078762777, 33.444708837242146 ], [ 131.577612004286976, 33.444696967209673 ], [ 131.577721141745542, 33.444675452331872 ], [ 131.577827013225857, 33.444644526566975 ], [ 131.57792846746861, 33.444604526208352 ], [ 131.578024401252776, 33.444555886227263 ], [ 131.57886660458999, 33.44407688198762 ], [ 131.578881976952488, 33.444067974314478 ], [ 131.578976076877154, 33.444012427791442 ], [ 131.579062877544715, 33.444244823445878 ], [ 131.579107427987992, 33.444373609144414 ], [ 131.57912445173082, 33.444595461219414 ], [ 131.579124447324347, 33.444952177665712 ], [ 131.579122610525275, 33.444978720964237 ] ] ], [ [ [ 131.450122792482205, 33.449038288963912 ], [ 131.450176119390022, 33.44911029982763 ], [ 131.450237279077697, 33.449177793492446 ], [ 131.450305730799187, 33.449240173192152 ], [ 131.450380869329592, 33.449296887376228 ], [ 131.450462030316601, 33.449347434586926 ], [ 131.45052184712236, 33.449377827527243 ], [ 131.450526230302273, 33.44941030822725 ], [ 131.450547473688715, 33.44949458460556 ], [ 131.450578216189768, 33.449576776387595 ], [ 131.450618177097112, 33.449656133014848 ], [ 131.450727442853065, 33.449847097262079 ], [ 131.450733731709647, 33.449875945518656 ], [ 131.450747193758048, 33.44992871372353 ], [ 131.450859889539061, 33.450313714859107 ], [ 131.450890648381517, 33.450399941652776 ], [ 131.45093151136868, 33.450483167405956 ], [ 131.450955045369312, 33.450520123327891 ], [ 131.450931032617262, 33.450591763258309 ], [ 131.450912560845296, 33.450679096788953 ], [ 131.450904417415387, 33.450767529323073 ], [ 131.450906681205367, 33.450856204640438 ], [ 131.450919330328389, 33.450944264167589 ], [ 131.450967627576745, 33.451181464703204 ], [ 131.450980994579254, 33.451236656688529 ], [ 131.451125788890039, 33.45175145816247 ], [ 131.451154078152285, 33.451834149460126 ], [ 131.451191642174365, 33.451914203626366 ], [ 131.451313503787333, 33.452141429729664 ], [ 131.451324365181478, 33.4521903475271 ], [ 131.451352772329358, 33.452273241243311 ], [ 131.451390500349476, 33.452353479709117 ], [ 131.451437203869034, 33.452430328346807 ], [ 131.451492455341594, 33.452503083610594 ], [ 131.451555748961027, 33.452571079427855 ], [ 131.451626505291273, 33.452633693297308 ], [ 131.451704076571104, 33.452690351988267 ], [ 131.451787752644066, 33.452740536789015 ], [ 131.451986253772901, 33.452847937666043 ], [ 131.452075268327945, 33.452891188778935 ], [ 131.45216880664205, 33.452927110658379 ], [ 131.452266012377407, 33.452955374441196 ], [ 131.452365995618464, 33.452975721373804 ], [ 131.452467841019597, 33.452987965181315 ], [ 131.452570616185767, 33.452991993772876 ], [ 131.452673380209461, 33.452987770268088 ], [ 131.452775192285486, 33.452975333334443 ], [ 131.452875120324933, 33.452954796833346 ], [ 131.452972249488937, 33.452926348777588 ], [ 131.453065690564955, 33.452890249609808 ], [ 131.453154588107964, 33.452846829817986 ], [ 131.45323812827246, 33.452796486909492 ], [ 131.453715529369163, 33.452478684299287 ], [ 131.453794778429511, 33.452420395810314 ], [ 131.453866837031086, 33.452355881980957 ], [ 131.453931012480069, 33.452285762993959 ], [ 131.453986687869161, 33.452210712913597 ], [ 131.454033328007654, 33.45213145320546 ], [ 131.45407048456542, 33.452048745800639 ], [ 131.454097800382044, 33.451963385770881 ], [ 131.45411501289928, 33.451876193685358 ], [ 131.454121956683849, 33.451788007722286 ], [ 131.454118565016586, 33.451699675611486 ], [ 131.454104870532774, 33.45161204648511 ], [ 131.454081004906925, 33.451525962715124 ], [ 131.454072027397814, 33.451503733365591 ], [ 131.454090053049555, 33.451473404429002 ], [ 131.454372112343634, 33.450935989278484 ], [ 131.454413320290314, 33.450916324316452 ], [ 131.454496093508965, 33.450867665415167 ], [ 131.454616793822481, 33.450789364763878 ], [ 131.454692828421543, 33.450735126718968 ], [ 131.454762534291802, 33.450675210936815 ], [ 131.454825310533039, 33.45061013393493 ], [ 131.45488061598698, 33.450540456722869 ], [ 131.454927973902272, 33.450466779965694 ], [ 131.454966976043835, 33.450389738805512 ], [ 131.454997286211693, 33.450309997385972 ], [ 131.455018785444054, 33.450242797241842 ], [ 131.455041667756234, 33.450153355018927 ], [ 131.455053618216198, 33.450062429252675 ], [ 131.455054513783239, 33.449970956367764 ], [ 131.455044345268959, 33.449879878420575 ], [ 131.455023217430266, 33.449790133397308 ], [ 131.454991347889234, 33.44970264555392 ], [ 131.454949064890599, 33.44961831589778 ], [ 131.454896803919922, 33.44953801290886 ], [ 131.45483510321796, 33.44946256359578 ], [ 131.454666102606552, 33.449276864782291 ], [ 131.454593440818428, 33.449205123210596 ], [ 131.45451225210553, 33.449140123545192 ], [ 131.454423421491725, 33.449082574323469 ], [ 131.454327917296581, 33.449033102867432 ], [ 131.454226780580342, 33.448992248445791 ], [ 131.454121113796077, 33.448960456396165 ], [ 131.454012068773352, 33.448938073270995 ], [ 131.453587371981342, 33.448870374341979 ], [ 131.453508394165596, 33.448850789939137 ], [ 131.453430548064659, 33.448752416357856 ], [ 131.453404941330035, 33.448721479965613 ], [ 131.45306502596469, 33.448328595666545 ], [ 131.453065539967611, 33.448326325926558 ], [ 131.453074976992752, 33.448239758515889 ], [ 131.453074423056847, 33.448152831617001 ], [ 131.453063883341372, 33.448066353663165 ], [ 131.453043455896363, 33.447981128909994 ], [ 131.453013330727345, 33.447897949956008 ], [ 131.452973788027407, 33.447817590371393 ], [ 131.452925195570259, 33.447740797504125 ], [ 131.452868005289304, 33.447668285529744 ], [ 131.452802749073896, 33.447600728809896 ], [ 131.45245944875964, 33.447278431032217 ], [ 131.452383550317393, 33.447214003878379 ], [ 131.452300324371947, 33.447156285224224 ], [ 131.452210610758101, 33.447105857502223 ], [ 131.452115314772215, 33.447063229572194 ], [ 131.451895402365892, 33.446976457508711 ], [ 131.451513578005745, 33.446760294136332 ], [ 131.451425648190337, 33.446715494122621 ], [ 131.451333012923811, 33.446677945024682 ], [ 131.451236520496053, 33.446647990690458 ], [ 131.451000422673275, 33.446585291206283 ], [ 131.45090353577271, 33.44656367170959 ], [ 131.45080466801511, 33.446549711334185 ], [ 131.450704678976592, 33.446543531455525 ], [ 131.450604437981411, 33.446545185803913 ], [ 131.450202142090546, 33.446567585387292 ], [ 131.450096278793978, 33.446577917316084 ], [ 131.449992155604775, 33.446596984161843 ], [ 131.449890795476961, 33.44662459860475 ], [ 131.449793194221826, 33.446660489349313 ], [ 131.44970031072512, 33.446704303789332 ], [ 131.44961305752733, 33.446755611471758 ], [ 131.449532291858645, 33.446813908325318 ], [ 131.449458807217184, 33.446878621612342 ], [ 131.44939332557351, 33.446949115555221 ], [ 131.449336490277034, 33.447024697582329 ], [ 131.44928885973502, 33.447104625131701 ], [ 131.44925090192578, 33.447188112946179 ], [ 131.449222989800091, 33.447274340787942 ], [ 131.44920539761597, 33.447362461496795 ], [ 131.449198298243232, 33.447451609313099 ], [ 131.449201761463627, 33.447540908383509 ], [ 131.449215753284165, 33.447629481365965 ], [ 131.44924013626968, 33.447716458049513 ], [ 131.449274670892066, 33.447800983903946 ], [ 131.449319017882289, 33.447882228475827 ], [ 131.449372741562826, 33.447959393547613 ], [ 131.449435314127072, 33.448031720980545 ], [ 131.449843013034695, 33.448456923770216 ], [ 131.449875927462813, 33.448489629909034 ], [ 131.449974673094658, 33.448583153108949 ], [ 131.449996120528112, 33.448718286407377 ], [ 131.450014152644684, 33.448801685842362 ], [ 131.450041449524377, 33.448883296769253 ], [ 131.450077769840817, 33.448962397606415 ], [ 131.450122792482205, 33.449038288963912 ] ] ], [ [ [ 131.501093980067225, 33.485410484833167 ], [ 131.501171343797893, 33.485466615941192 ], [ 131.501237541504025, 33.485510206580301 ], [ 131.501284504935029, 33.48557285451551 ], [ 131.501348455754794, 33.485649105065505 ], [ 131.501421461051393, 33.485719414806034 ], [ 131.501502740361019, 33.485783032071851 ], [ 131.50156541980607, 33.485822784116692 ], [ 131.501573432159518, 33.485832260329687 ], [ 131.501639997139307, 33.485896990966658 ], [ 131.501713577989705, 33.485956149183586 ], [ 131.501793513479868, 33.486009203348416 ], [ 131.501879085268229, 33.486055676683243 ], [ 131.502028786240572, 33.486128777288997 ], [ 131.502126744048724, 33.486171133507597 ], [ 131.502229360702302, 33.486204867129878 ], [ 131.502335558621809, 33.486229623918625 ], [ 131.502444222617754, 33.486245143902764 ], [ 131.502554211602245, 33.486251264107487 ], [ 131.50266437057266, 33.486247920265725 ], [ 131.502773542741551, 33.486235147493048 ], [ 131.502880581685389, 33.486213079918826 ], [ 131.502984363384144, 33.486181949277473 ], [ 131.503150664626162, 33.486123848667425 ], [ 131.503241598430975, 33.486087809109357 ], [ 131.503328116940423, 33.486044809540267 ], [ 131.503409463566896, 33.485995225987665 ], [ 131.503484926954116, 33.485939492054491 ], [ 131.503553847197736, 33.485878095126878 ], [ 131.503615621616177, 33.485811572111849 ], [ 131.503669710020773, 33.485740504741841 ], [ 131.503715639439093, 33.485665514487202 ], [ 131.503753008250698, 33.485587257121338 ], [ 131.503801806984853, 33.485469356781891 ], [ 131.503829631952158, 33.48539074907719 ], [ 131.503848817082002, 33.48531034789336 ], [ 131.503855157223455, 33.485260580956123 ], [ 131.503968604058514, 33.485181174433059 ], [ 131.504037960707024, 33.485128155519718 ], [ 131.504101536187306, 33.485070271161781 ], [ 131.504241035684629, 33.484931570264081 ], [ 131.504311623922973, 33.484853069994998 ], [ 131.504371591939702, 33.484768596108694 ], [ 131.504420226684147, 33.484679153090021 ], [ 131.504456949875816, 33.484585804508605 ], [ 131.504494448546041, 33.484469504257653 ], [ 131.504516612478824, 33.484384754865076 ], [ 131.504528949863783, 33.484298612485354 ], [ 131.504531346425154, 33.484211875223536 ], [ 131.504523779988716, 33.484125346693858 ], [ 131.504506320686147, 33.484039828574339 ], [ 131.504479130304247, 33.483956113179346 ], [ 131.504442460784873, 33.483874976119104 ], [ 131.504396651889948, 33.483797169113963 ], [ 131.504342128052627, 33.483723413030148 ], [ 131.504279394444438, 33.48365439120132 ], [ 131.504209032294483, 33.483590743097949 ], [ 131.504131693504121, 33.483533058403196 ], [ 131.504048094607015, 33.48348187154992 ], [ 131.503959010130927, 33.483437656769667 ], [ 131.50386526542195, 33.483400823699334 ], [ 131.503767728998412, 33.483371713586351 ], [ 131.503667304504773, 33.483350596127295 ], [ 131.503543405742079, 33.48332979628011 ], [ 131.503437190456054, 33.483316545897253 ], [ 131.503352794541115, 33.483313154618635 ], [ 131.50327217682775, 33.483267172128876 ], [ 131.503180226557248, 33.483220190533721 ], [ 131.503083130882857, 33.483181148904478 ], [ 131.50298186306054, 33.483150438581056 ], [ 131.502877438162869, 33.483128367393341 ], [ 131.502770902905326, 33.483115156575693 ], [ 131.502551005178276, 33.483097256654013 ], [ 131.502446776318322, 33.483093033484337 ], [ 131.502342549554697, 33.483097292927575 ], [ 131.502239305728381, 33.483109994901007 ], [ 131.502138016431473, 33.483131019872197 ], [ 131.502039634864673, 33.483160169983641 ], [ 131.50194508686775, 33.483197170914607 ], [ 131.501855262207329, 33.483241674462356 ], [ 131.501771006204137, 33.483293261818666 ], [ 131.50169311177811, 33.483351447510806 ], [ 131.501622311986722, 33.483415683969739 ], [ 131.500957609517712, 33.484080779684277 ], [ 131.500891349623117, 33.484154427637748 ], [ 131.500834418119553, 33.484233363878012 ], [ 131.500787411117386, 33.484316761928419 ], [ 131.500750820819803, 33.484403748593721 ], [ 131.500725030368613, 33.484493413102349 ], [ 131.500710309831106, 33.484584816641991 ], [ 131.50070681337121, 33.484677002189258 ], [ 131.500714577633829, 33.484769004529824 ], [ 131.500733521359479, 33.484859860364566 ], [ 131.500763446233975, 33.484948618395812 ], [ 131.500804038963224, 33.485034349288085 ], [ 131.500857738143111, 33.485132749747677 ], [ 131.500904674145374, 33.485208948740215 ], [ 131.500960039135293, 33.485281065574078 ], [ 131.501023332049158, 33.485348447553186 ], [ 131.501093980067225, 33.485410484833167 ] ] ], [ [ [ 131.581313289653224, 33.529034518898804 ], [ 131.581319497481076, 33.529120707958164 ], [ 131.581335524319144, 33.529206004018 ], [ 131.581361223109496, 33.529289624273559 ], [ 131.58139635802786, 33.529370801297667 ], [ 131.581440606646993, 33.529448790084025 ], [ 131.581493562895048, 33.529522874884741 ], [ 131.581554740781456, 33.529592375779437 ], [ 131.581623578856835, 33.529656654915634 ], [ 131.581699445365217, 33.529715122363093 ], [ 131.581781644041968, 33.529767241528127 ], [ 131.581869420503921, 33.529812534078836 ], [ 131.581961969172937, 33.529850584335222 ], [ 131.582091370236469, 33.529897484729005 ], [ 131.582187430065403, 33.529927831844567 ], [ 131.582286505657379, 33.529950374788463 ], [ 131.582387695334489, 33.529964908400423 ], [ 131.582490078177386, 33.529971300412498 ], [ 131.582592722406901, 33.529969492652839 ], [ 131.582694693865221, 33.529959501575071 ], [ 131.582812895020737, 33.529943101352941 ], [ 131.582926856759883, 33.529921914594574 ], [ 131.583037408003776, 33.529890514896287 ], [ 131.583143248001136, 33.529849271711548 ], [ 131.583343049201375, 33.529760070841519 ], [ 131.583440897926295, 33.529710627831719 ], [ 131.583531934815994, 33.529652773880208 ], [ 131.583615133352822, 33.529587161349994 ], [ 131.583689555410928, 33.529514530088058 ], [ 131.583790854874763, 33.529404329419421 ], [ 131.583856584638454, 33.529324234089913 ], [ 131.583911634861323, 33.529238677101702 ], [ 131.583955365490397, 33.529148653253408 ], [ 131.583987268093949, 33.529055209277885 ], [ 131.584006971771913, 33.528959431671147 ], [ 131.584046368304854, 33.528677931497995 ], [ 131.584053680175771, 33.528575865908394 ], [ 131.584047142194834, 33.528473763494496 ], [ 131.584040080514484, 33.528420375874845 ], [ 131.584072591565956, 33.528363859246149 ], [ 131.584108513542873, 33.528281988080565 ], [ 131.584134818292057, 33.528197592231479 ], [ 131.584151259494178, 33.528111462079117 ], [ 131.584157683205092, 33.528024404243318 ], [ 131.584154029296315, 33.527937234029324 ], [ 131.584140332017199, 33.527850767792373 ], [ 131.584116719672863, 33.527765815292604 ], [ 131.584083413421581, 33.527683172111637 ], [ 131.584040725202698, 33.527603612202221 ], [ 131.583989054814396, 33.527527880640335 ], [ 131.583928886168763, 33.527456686647987 ], [ 131.583860782759473, 33.527390696951556 ], [ 131.58378538238432, 33.527330529538418 ], [ 131.583703391171952, 33.527276747869848 ], [ 131.583615576969237, 33.527229855604645 ], [ 131.583522762150352, 33.527190291882675 ], [ 131.583425815916002, 33.527158427212818 ], [ 131.583325646153753, 33.527134560003361 ], [ 131.582580053489039, 33.526989161116042 ], [ 131.582477523524574, 33.526973505911194 ], [ 131.582373666286259, 33.526966230429032 ], [ 131.582269455789373, 33.526967402903402 ], [ 131.582165869362171, 33.526977012339842 ], [ 131.582063878481108, 33.526994968618489 ], [ 131.581964439660567, 33.52702110333923 ], [ 131.581868485483028, 33.52705517140086 ], [ 131.581776915853794, 33.527096853299383 ], [ 131.581690589561532, 33.527145758124242 ], [ 131.581610316224555, 33.527201427224135 ], [ 131.581536848698107, 33.527263338508092 ], [ 131.581470876013753, 33.527330911341558 ], [ 131.581431475775048, 33.527375511079008 ], [ 131.581372359220381, 33.527449872631387 ], [ 131.581322322499261, 33.52752877032529 ], [ 131.581281857204715, 33.527611429060222 ], [ 131.581251360902456, 33.527697036784339 ], [ 131.581231133224009, 33.527784752471931 ], [ 131.581221372922045, 33.527873714385599 ], [ 131.581222175916537, 33.527963048542105 ], [ 131.581233534351128, 33.528051877298481 ], [ 131.581256032948204, 33.528171477557528 ], [ 131.58126763758699, 33.528223268712075 ], [ 131.581323835160759, 33.528439069302493 ], [ 131.5813292463408, 33.52845878315344 ], [ 131.581360075383088, 33.528565594609745 ], [ 131.58135059800432, 33.5285893958877 ], [ 131.581327538740823, 33.528673236512795 ], [ 131.581314129337642, 33.528758536548104 ], [ 131.581310492006452, 33.528844518762504 ], [ 131.581313289653224, 33.529034518898804 ] ] ], [ [ [ 131.575057742807843, 33.530485348543095 ], [ 131.575104096007834, 33.530554534462162 ], [ 131.575165738668318, 33.530628212925855 ], [ 131.575235844561035, 33.530696377797 ], [ 131.575313715233449, 33.530758349944406 ], [ 131.575398574867052, 33.530813511934312 ], [ 131.575489578006682, 33.530861314182353 ], [ 131.575585817984233, 33.530901280429511 ], [ 131.575681318766783, 33.530936080721837 ], [ 131.575785023425823, 33.530968664602078 ], [ 131.575892177801961, 33.530992149030148 ], [ 131.576001646864626, 33.531006285249013 ], [ 131.576043422951074, 33.531008036856825 ], [ 131.576102520538171, 33.531021402610783 ], [ 131.576462624107108, 33.531087703109826 ], [ 131.576565595715209, 33.531102316156222 ], [ 131.576669773748677, 33.531108501419034 ], [ 131.57677417710093, 33.531106200649461 ], [ 131.576877822543679, 33.531095435516626 ], [ 131.576979733987201, 33.531076307403552 ], [ 131.577078951673769, 33.531048996452171 ], [ 131.577174541216863, 33.531013759866617 ], [ 131.577265602401468, 33.530970929490778 ], [ 131.577351277662444, 33.530920908682795 ], [ 131.577430760161036, 33.530864168516089 ], [ 131.577503301383388, 33.530801243342658 ], [ 131.577568218189612, 33.530732725760487 ], [ 131.577624899247212, 33.530659261032341 ], [ 131.577672810787561, 33.530581541008665 ], [ 131.577711501632336, 33.530500297611916 ], [ 131.577740607441456, 33.530416295943375 ], [ 131.577759854143409, 33.530330327077699 ], [ 131.577769060515323, 33.530243200612922 ], [ 131.577768139888292, 33.530155737046101 ], [ 131.577757100962657, 33.530068760046454 ], [ 131.577736047724784, 33.529983088698607 ], [ 131.577712146877872, 33.529905188939082 ], [ 131.577702607589572, 33.529876122998658 ], [ 131.577601104545863, 33.529585923985771 ], [ 131.57756663193436, 33.529502683575245 ], [ 131.577522620177575, 33.529422659622092 ], [ 131.577469489835636, 33.529346616760535 ], [ 131.577435103246017, 33.529306886878445 ], [ 131.577425478334135, 33.529276069903808 ], [ 131.577388058099274, 33.529191716111377 ], [ 131.577340781189775, 33.529110907745263 ], [ 131.577284118874275, 33.529034450280335 ], [ 131.577225649282013, 33.528970746923569 ], [ 131.577197428683149, 33.52892060167224 ], [ 131.577142311889844, 33.528843609269131 ], [ 131.577078323898121, 33.528771590534824 ], [ 131.577014623757862, 33.528706890966518 ], [ 131.576942179318593, 33.528640377355458 ], [ 131.576862173565075, 33.528580248320914 ], [ 131.576775404721843, 33.528527103766194 ], [ 131.576720661107316, 33.528500147434187 ], [ 131.576705690611135, 33.528487415552476 ], [ 131.576623359885815, 33.52843009383367 ], [ 131.576534636132067, 33.52837990700661 ], [ 131.576440397451307, 33.528337351767604 ], [ 131.576341576521571, 33.528302849283264 ], [ 131.576239151367446, 33.528276741022488 ], [ 131.576134135681372, 33.528259285377295 ], [ 131.576027568791858, 33.528250655105715 ], [ 131.575920505378576, 33.528250935622054 ], [ 131.575814005035113, 33.528260124151643 ], [ 131.575709121783262, 33.528278129758192 ], [ 131.575606893642572, 33.528304774243693 ], [ 131.575508332357799, 33.528339793911691 ], [ 131.575414413386767, 33.52838284217696 ], [ 131.57532606624676, 33.528433492995077 ], [ 131.575244165315667, 33.52849124507879 ], [ 131.575169521178395, 33.528555526858682 ], [ 131.57469201980183, 33.529009923824233 ], [ 131.574627654207347, 33.529077442336636 ], [ 131.574571303178573, 33.529149812040544 ], [ 131.574523484515311, 33.529226367970999 ], [ 131.574484637621879, 33.529306406696129 ], [ 131.57445511946861, 33.529389192780435 ], [ 131.574435201311275, 33.529473965542024 ], [ 131.574425066197477, 33.529559946042099 ], [ 131.574424807283833, 33.529646344242089 ], [ 131.574434426978797, 33.529732366263062 ], [ 131.57445383691956, 33.529817221680311 ], [ 131.574482858782858, 33.529900130786409 ], [ 131.574521225922524, 33.529980331755866 ], [ 131.574568585818838, 33.530057087645424 ], [ 131.574624503316784, 33.530129693165989 ], [ 131.574688203010055, 33.53020429362865 ], [ 131.574761656258516, 33.530281083983816 ], [ 131.57484466634935, 33.5303507112828 ], [ 131.574936244061291, 33.53041234576957 ], [ 131.575057742807843, 33.530485348543095 ] ] ], [ [ [ 131.580650926132677, 33.53376380339828 ], [ 131.5806959641981, 33.53388879855197 ], [ 131.580832512024188, 33.534187558245073 ], [ 131.580875446104187, 33.534402385742055 ], [ 131.58087084313317, 33.534433138959358 ], [ 131.580867649249939, 33.534516571949098 ], [ 131.580873686092332, 33.53459989456811 ], [ 131.580874601649498, 33.534604858568358 ], [ 131.580847367750152, 33.534656929101679 ], [ 131.58081580850336, 33.534736837604761 ], [ 131.580793287298007, 33.53481886300797 ], [ 131.58076348563722, 33.534956562833401 ], [ 131.580749605398069, 33.535045997196349 ], [ 131.580746467053018, 33.535136145494825 ], [ 131.580754102056943, 33.535226105155708 ], [ 131.58077243400038, 33.535314975491758 ], [ 131.580801279373304, 33.53540186671956 ], [ 131.580840349401058, 33.535485908868303 ], [ 131.580889252934583, 33.535566260490377 ], [ 131.580944952406242, 33.535647460933305 ], [ 131.581003984024619, 33.535724233094875 ], [ 131.581071988315244, 33.535795609390917 ], [ 131.58114826732259, 33.535860857237182 ], [ 131.581232038156656, 33.535919306948713 ], [ 131.581322441028078, 33.53597035861366 ], [ 131.581418548073145, 33.536013488251115 ], [ 131.581519372877295, 33.536048253189442 ], [ 131.581623880600176, 33.536074296610145 ], [ 131.58173099859772, 33.536091351210359 ], [ 131.581989601251053, 33.536121251389936 ], [ 131.582103087170395, 33.536129278559287 ], [ 131.582216950589782, 33.53612721804906 ], [ 131.582329916485719, 33.536115092934388 ], [ 131.582440719886421, 33.536093038992014 ], [ 131.582548220829409, 33.53606653868453 ], [ 131.582650356547589, 33.536036612396202 ], [ 131.582748387772256, 33.5359982488716 ], [ 131.582841323595829, 33.535951835896192 ], [ 131.582928224620247, 33.535897842619633 ], [ 131.583008212452853, 33.535836814813059 ], [ 131.583342412135096, 33.535554812776404 ], [ 131.583409389672539, 33.535492788801243 ], [ 131.583469214646556, 33.535425833310626 ], [ 131.583521372083766, 33.535354522677736 ], [ 131.583565413018562, 33.535279470764507 ], [ 131.583600958357465, 33.535201323637096 ], [ 131.583627702141712, 33.53512075400414 ], [ 131.583645414180495, 33.535038455425827 ], [ 131.583653942031418, 33.534955136343392 ], [ 131.583671837267218, 33.534572036415682 ], [ 131.583672370404599, 33.534557705619861 ], [ 131.583688263271341, 33.533983905822268 ], [ 131.583687981095437, 33.533968419845735 ], [ 131.583732150393416, 33.5338974656147 ], [ 131.583770114500368, 33.533819472742721 ], [ 131.583799219743923, 33.533738852669515 ], [ 131.583819211999639, 33.533656309377669 ], [ 131.583829916720077, 33.533572563641449 ], [ 131.583855812226801, 33.533210963631966 ], [ 131.583857134050049, 33.533126699184663 ], [ 131.583849052815907, 33.533042699662914 ], [ 131.583831639196376, 33.532959699378281 ], [ 131.583805045444535, 33.53287842390511 ], [ 131.583769504062786, 33.532799583737855 ], [ 131.583767451907107, 33.532796066622346 ], [ 131.583756703990559, 33.532743307452634 ], [ 131.583728995536546, 33.532658373690111 ], [ 131.583691524169723, 33.53257610927627 ], [ 131.583644647487205, 33.532497299219685 ], [ 131.583588812832801, 33.532422695563767 ], [ 131.583524553027559, 33.532353010210805 ], [ 131.583452481284638, 33.532288908128976 ], [ 131.583373285357567, 33.532231001007304 ], [ 131.583287720977239, 33.532179841419016 ], [ 131.58313052188447, 33.532095242110834 ], [ 131.583033473450143, 33.532048792325618 ], [ 131.582931195747847, 33.532011023103699 ], [ 131.582824792053259, 33.531982341863561 ], [ 131.582715410145511, 33.531963057991419 ], [ 131.582604229927341, 33.531953379503946 ], [ 131.582375432309306, 33.531943479492575 ], [ 131.582352019209537, 33.531942680313499 ], [ 131.581952123373469, 33.531932680218389 ], [ 131.581846366473059, 33.531934390622858 ], [ 131.581741320830673, 33.53194478717112 ], [ 131.581638001141471, 33.531963769438548 ], [ 131.581537405430623, 33.531991154066084 ], [ 131.581440505413468, 33.532026676531096 ], [ 131.581348237109893, 33.532069993702422 ], [ 131.581261491803303, 33.532120687154453 ], [ 131.581181107431462, 33.532178267208657 ], [ 131.581107860492551, 33.532242177663257 ], [ 131.581042458544488, 33.532311801165605 ], [ 131.580985533369812, 33.532386465175151 ], [ 131.580937634872384, 33.532465448459739 ], [ 131.580904221932258, 33.532537251511307 ], [ 131.580901847629406, 33.532539712444752 ], [ 131.580844409576287, 33.532612726133756 ], [ 131.580725008280297, 33.532781825306536 ], [ 131.580677362099863, 33.532857235797948 ], [ 131.580638443197927, 33.532936081259884 ], [ 131.580608600309489, 33.53301765524364 ], [ 131.580588100851429, 33.533101226851009 ], [ 131.580577128525846, 33.533186047282989 ], [ 131.580569127152813, 33.533296547279278 ], [ 131.580567744842938, 33.53338097411568 ], [ 131.580575802200826, 33.533465138824447 ], [ 131.58059322854416, 33.533548302796497 ], [ 131.580650926132677, 33.53376380339828 ] ] ], [ [ [ 131.603325547240843, 33.391962029164354 ], [ 131.6034128131827, 33.392004205974942 ], [ 131.603504403495606, 33.392039343485088 ], [ 131.603599513465838, 33.392067132975825 ], [ 131.603697307453501, 33.392087330288099 ], [ 131.604697796783256, 33.392252669579804 ], [ 131.605248642330622, 33.392370808566341 ], [ 131.605268355549129, 33.392375199507541 ], [ 131.605298971737682, 33.392400477760646 ], [ 131.605383295842898, 33.39245730061446 ], [ 131.605474003128336, 33.392506724054805 ], [ 131.605570174412065, 33.392548247245784 ], [ 131.605670835137971, 33.392581449408958 ], [ 131.605774965252124, 33.39260599408766 ], [ 131.605881509540353, 33.392621632556839 ], [ 131.605989388322286, 33.392628206343545 ], [ 131.606097508393447, 33.392625648833075 ], [ 131.606204774104327, 33.39261398594396 ], [ 131.606310098464434, 33.392593335865179 ], [ 131.606412414158342, 33.39256390785836 ], [ 131.606510684362405, 33.392526000136982 ], [ 131.606603913252144, 33.392479996843967 ], [ 131.606691156094257, 33.392426364158709 ], [ 131.606771528820332, 33.392365645572454 ], [ 131.60684421698582, 33.39229845638048 ], [ 131.607010516299738, 33.392128255305174 ], [ 131.607073222262727, 33.392057243682295 ], [ 131.60712733676354, 33.391981422284367 ], [ 131.607172339617904, 33.391901519990327 ], [ 131.607207798236288, 33.391818304906941 ], [ 131.607233371781746, 33.39173257698468 ], [ 131.607248814445114, 33.391645160327585 ], [ 131.607253977807119, 33.391556895270988 ], [ 131.607253974881985, 33.391319495412873 ], [ 131.607252670030135, 33.391275097972787 ], [ 131.60724186778782, 33.391091398174517 ], [ 131.60723098070099, 33.391000410170882 ], [ 131.60720915924648, 33.390910815823098 ], [ 131.607176628071329, 33.390823537350002 ], [ 131.60713372205754, 33.390739473130019 ], [ 131.607080882874271, 33.390659488454098 ], [ 131.607018654430448, 33.390584406619517 ], [ 131.606947677275429, 33.390515000455885 ], [ 131.606868682005228, 33.390451984370777 ], [ 131.606782481742158, 33.390396006996625 ], [ 131.606762742642815, 33.39038568866841 ], [ 131.606763839210032, 33.390382942055361 ], [ 131.606791519563558, 33.390300914878971 ], [ 131.606809837727695, 33.39021706083993 ], [ 131.606818629855582, 33.390132130096696 ], [ 131.60681781732103, 33.390046882437709 ], [ 131.606807407420945, 33.389962080484359 ], [ 131.606787493309184, 33.389878482868575 ], [ 131.606758253162042, 33.389796837446305 ], [ 131.606719948583475, 33.389717874607413 ], [ 131.606672922264067, 33.389642300741933 ], [ 131.606617594914496, 33.389570791920967 ], [ 131.606563894663026, 33.389508092309043 ], [ 131.606497474545336, 33.389438144231974 ], [ 131.606423118568046, 33.389374061766596 ], [ 131.606341558694169, 33.389316475730517 ], [ 131.606253597795813, 33.389265952990584 ], [ 131.606160101751072, 33.38922299088329 ], [ 131.606061990920722, 33.38918801231933 ], [ 131.60592868969897, 33.389146909365678 ], [ 131.605767276115103, 33.389058893601629 ], [ 131.605676605888078, 33.389014579667489 ], [ 131.60558121512102, 33.388977896667932 ], [ 131.605482013678113, 33.388949194495389 ], [ 131.605379947767773, 33.388928746919056 ], [ 131.605275990918216, 33.388916748973898 ], [ 131.605171134692569, 33.388913315100389 ], [ 131.605066379231943, 33.388918478053078 ], [ 131.604962723716767, 33.388932188588072 ], [ 131.604861156837245, 33.388954315932658 ], [ 131.604762647363827, 33.388984649032516 ], [ 131.604668134907627, 33.389022898564527 ], [ 131.604578520958711, 33.389068699696118 ], [ 131.604494660287969, 33.389121615564839 ], [ 131.604417352794286, 33.389181141444915 ], [ 131.604347335875076, 33.389246709561085 ], [ 131.604285277392421, 33.389317694503852 ], [ 131.604231769302771, 33.389393419194427 ], [ 131.604227022752156, 33.38940193490911 ], [ 131.604157174001557, 33.389405323055222 ], [ 131.604120732725931, 33.38939235408634 ], [ 131.604019204239307, 33.389361178164982 ], [ 131.603914454920641, 33.389338719299083 ], [ 131.603807545363622, 33.389325204887406 ], [ 131.603699558032844, 33.389320771765668 ], [ 131.603591586304844, 33.389325464821034 ], [ 131.603484723398594, 33.389339236537751 ], [ 131.603380051307539, 33.389361947478001 ], [ 131.603192352910384, 33.389411246917 ], [ 131.60309315793188, 33.389441870719622 ], [ 131.602998029770703, 33.389480522320845 ], [ 131.602907889022021, 33.389526827676676 ], [ 131.602823608020316, 33.389580338674257 ], [ 131.602746002397481, 33.389640537467919 ], [ 131.602675823189941, 33.389706841490295 ], [ 131.602613749570367, 33.389778609089639 ], [ 131.602560382274618, 33.389855145738956 ], [ 131.602516237787711, 33.389935710756973 ], [ 131.602481743344811, 33.390019524475647 ], [ 131.602363639523645, 33.390359923683405 ], [ 131.60233861422077, 33.390448500823503 ], [ 131.602324367289128, 33.390538743694741 ], [ 131.602321044083936, 33.390629731802505 ], [ 131.602328678536878, 33.390720537047713 ], [ 131.602347192808423, 33.39081023319369 ], [ 131.602376398080509, 33.390897905314127 ], [ 131.602415996481284, 33.390982659125783 ], [ 131.6024655841222, 33.391063630110672 ], [ 131.602524655217024, 33.391139992334892 ], [ 131.603034352894667, 33.39173119600698 ], [ 131.603097132794119, 33.391797257778919 ], [ 131.603167010602505, 33.391858098498489 ], [ 131.603243372386515, 33.391913183619664 ], [ 131.603325547240843, 33.391962029164354 ] ] ], [ [ [ 131.631613753713822, 33.39799097993393 ], [ 131.631609740841583, 33.397900729834376 ], [ 131.63154003279476, 33.397233430826795 ], [ 131.631531658433943, 33.39717515842414 ], [ 131.631489274132377, 33.396943889051485 ], [ 131.631505097186164, 33.396686767933694 ], [ 131.631506525891467, 33.396640295285657 ], [ 131.631506523628616, 33.396456695396402 ], [ 131.631499299803352, 33.396352368174483 ], [ 131.631477728029523, 33.396249443570397 ], [ 131.63145296487545, 33.396161535249163 ], [ 131.631438196361387, 33.39601695833764 ], [ 131.631424473920134, 33.395931234184552 ], [ 131.631401018752626, 33.395847008061502 ], [ 131.631368046883779, 33.395765055603142 ], [ 131.631325861975029, 33.395686131504029 ], [ 131.6312748525269, 33.395610962568938 ], [ 131.631215488300654, 33.395540241020036 ], [ 131.631148315991851, 33.395474618122648 ], [ 131.631073954195386, 33.395414698188077 ], [ 131.630993087708703, 33.395361033009088 ], [ 131.63090646122572, 33.39531411677865 ], [ 131.630814872479135, 33.395274381539501 ], [ 131.6307191648946, 33.395242193205789 ], [ 131.63070178221912, 33.395237916279505 ], [ 131.63063218917415, 33.395178228190964 ], [ 131.630553418514296, 33.395122508939771 ], [ 131.630468647531785, 33.39507337471489 ], [ 131.630378655756601, 33.395031277336855 ], [ 131.630284270723592, 33.394996603917619 ], [ 131.630186360362899, 33.394969673301112 ], [ 131.630085825019847, 33.394950733131417 ], [ 131.629780128101316, 33.394905933434266 ], [ 131.629675538720448, 33.394895007416551 ], [ 131.62957017637595, 33.394892729033749 ], [ 131.629465054779246, 33.394899120208201 ], [ 131.629361185326104, 33.39491411945064 ], [ 131.629259567366518, 33.394937582451796 ], [ 131.629161178590749, 33.394969283470566 ], [ 131.62906696562348, 33.395008917505734 ], [ 131.628977834916583, 33.395056103230104 ], [ 131.628894644028406, 33.395110386659049 ], [ 131.628818193373462, 33.395171245518014 ], [ 131.628749218521136, 33.395238094267114 ], [ 131.628688383118543, 33.395310289734354 ], [ 131.62863627250519, 33.395387137303466 ], [ 131.62859338808039, 33.395467897596632 ], [ 131.628560142478506, 33.395551793588105 ], [ 131.628536855597929, 33.395638018079929 ], [ 131.628523751522238, 33.395725741468191 ], [ 131.628520956362991, 33.395814119724875 ], [ 131.628526253942056, 33.396011219888941 ], [ 131.628533321537418, 33.396096078206838 ], [ 131.628549894924902, 33.396179999700863 ], [ 131.628575826505113, 33.396262236846489 ], [ 131.628610885319489, 33.396342057120471 ], [ 131.628654759106468, 33.396418749525829 ], [ 131.628707057082352, 33.396491630925375 ], [ 131.628767313421548, 33.396560052126937 ], [ 131.628834991405398, 33.396623403666368 ], [ 131.628909488202765, 33.396681121236661 ], [ 131.62899014023958, 33.396732690714856 ], [ 131.629037559014847, 33.396760142903119 ], [ 131.629040971417993, 33.396790373894447 ], [ 131.629040971215744, 33.396806748781231 ], [ 131.629029410898198, 33.396847110193612 ], [ 131.629025410951613, 33.396855591937175 ], [ 131.628941152782744, 33.396966484865047 ], [ 131.628889621647573, 33.397042141799794 ], [ 131.628847040735707, 33.397121618960092 ], [ 131.628813808024319, 33.397204173570522 ], [ 131.628790234127081, 33.397289034092267 ], [ 131.628776539390429, 33.397375407433557 ], [ 131.628776488630308, 33.397376606095932 ], [ 131.628696492871512, 33.397361030354098 ], [ 131.628589839622663, 33.397349518920549 ], [ 131.628482348763896, 33.39734700641867 ], [ 131.628375096751171, 33.397353518011272 ], [ 131.628269157649129, 33.39736898849025 ], [ 131.628165592376007, 33.397393262929519 ], [ 131.628065438080085, 33.397426098236245 ], [ 131.627969697753997, 33.397467165585049 ], [ 131.627879330190922, 33.397516053710646 ], [ 131.627782730515719, 33.397574253208887 ], [ 131.627699778138947, 33.397629631715205 ], [ 131.627623735459764, 33.397691597318911 ], [ 131.627555342727049, 33.397759546820545 ], [ 131.627495265726537, 33.397832818769004 ], [ 131.627444089299189, 33.39791069990013 ], [ 131.627402311647643, 33.397992432079612 ], [ 131.627370339485537, 33.398077219682712 ], [ 131.62734848407743, 33.398164237339103 ], [ 131.627336958207735, 33.398252637967246 ], [ 131.627335874108127, 33.398341561020317 ], [ 131.627345242363873, 33.398430140863312 ], [ 131.627364971809385, 33.398517515199586 ], [ 131.627394870414633, 33.398602833465311 ], [ 131.627434647153336, 33.398685265109584 ], [ 131.627483914834897, 33.398764007679837 ], [ 131.627534364036222, 33.398828314130043 ], [ 131.627544049801685, 33.39886246508771 ], [ 131.627578593305287, 33.398946460341541 ], [ 131.627622828879169, 33.399027194597672 ], [ 131.627676326655802, 33.399103883259478 ], [ 131.627738566750963, 33.39917578104464 ], [ 131.627808944315717, 33.399242189228431 ], [ 131.62785216985165, 33.399275663546831 ], [ 131.627865924316552, 33.399303126663163 ], [ 131.6279202861557, 33.399386050166839 ], [ 131.627984714175312, 33.399463735695541 ], [ 131.628002049862886, 33.399482459203 ], [ 131.628001047641504, 33.399559505901586 ], [ 131.628010504745987, 33.399648804669113 ], [ 131.62803049152356, 33.399736873666704 ], [ 131.628060810264429, 33.399822841576139 ], [ 131.628101161036113, 33.399905857864077 ], [ 131.628151144649706, 33.39998510119721 ], [ 131.628210266608534, 33.400059787568516 ], [ 131.628277941999585, 33.400129178054307 ], [ 131.628353501280117, 33.400192586125357 ], [ 131.628436196901532, 33.400249384439533 ], [ 131.628525210705305, 33.400299011049079 ], [ 131.628619662017826, 33.400340974960613 ], [ 131.628718616363869, 33.400374860993338 ], [ 131.629083419628984, 33.4004823618763 ], [ 131.629187242395886, 33.400508107625129 ], [ 131.629293626885868, 33.400524960010102 ], [ 131.62940149316907, 33.400532747960916 ], [ 131.629509746272788, 33.400531392422145 ], [ 131.629617287297492, 33.400520907155787 ], [ 131.629723024573337, 33.400501398601499 ], [ 131.630484731359843, 33.40032669653732 ], [ 131.630588588856824, 33.400298039219237 ], [ 131.63068843694785, 33.400260678348289 ], [ 131.630783241966071, 33.400215000702765 ], [ 131.630872022457197, 33.400161479159102 ], [ 131.630953859340707, 33.400100667796046 ], [ 131.631027905424475, 33.400033196158198 ], [ 131.631093394175252, 33.399959762738185 ], [ 131.631149647653672, 33.399881127745154 ], [ 131.631196083532018, 33.399798105234495 ], [ 131.631232221121763, 33.399711554679946 ], [ 131.631257686348761, 33.399622372075903 ], [ 131.631272215624506, 33.399531480661501 ], [ 131.631290490401767, 33.399345856430024 ], [ 131.631342261086218, 33.399192985668407 ], [ 131.631343099042368, 33.399190497740982 ], [ 131.631520093061397, 33.398662096564415 ], [ 131.631544587573103, 33.398571134347009 ], [ 131.631557745758755, 33.398478536111718 ], [ 131.631573843271127, 33.398276936094923 ], [ 131.631576245279234, 33.398216695311021 ], [ 131.631576245213722, 33.398211396795965 ], [ 131.631589483944794, 33.398170226500135 ], [ 131.631606978751819, 33.398081113813006 ], [ 131.631613753713822, 33.39799097993393 ] ] ], [ [ [ 131.606336787585803, 33.397660488453454 ], [ 131.606322251559021, 33.397744698926147 ], [ 131.606317247388148, 33.397829683906643 ], [ 131.606321819698593, 33.397914686003787 ], [ 131.606335927769351, 33.397998947671724 ], [ 131.606359445894896, 33.398081717961233 ], [ 131.606392164504541, 33.398162259212405 ], [ 131.606824659318391, 33.399082172809237 ], [ 131.606907440308078, 33.399320154543986 ], [ 131.606943471743818, 33.399406993793015 ], [ 131.606989863657731, 33.399490302070653 ], [ 131.607046133275418, 33.399569212384719 ], [ 131.607282131839952, 33.399864814144813 ], [ 131.607313024515804, 33.399903498576585 ], [ 131.607327666727087, 33.400107159230132 ], [ 131.607338327454158, 33.400190576159325 ], [ 131.607358188910297, 33.40027280032929 ], [ 131.607387079044742, 33.400353119363828 ], [ 131.607424747581604, 33.400430837390736 ], [ 131.607470868187733, 33.400505281070814 ], [ 131.60752504129934, 33.400575805431913 ], [ 131.607586797583053, 33.400641799457077 ], [ 131.607655602002012, 33.400702691378683 ], [ 131.607730858450964, 33.40075795363245 ], [ 131.608160060040376, 33.401044655860503 ], [ 131.608246814472892, 33.40109691481711 ], [ 131.608339325631306, 33.40114169190327 ], [ 131.608436679543388, 33.401178544737597 ], [ 131.608537914388478, 33.401207109227336 ], [ 131.60864203000051, 33.401227103165716 ], [ 131.6087479977501, 33.401238329020302 ], [ 131.608887499192633, 33.40124722904153 ], [ 131.608992055145137, 33.401249617610489 ], [ 131.60909639265941, 33.401243468986166 ], [ 131.609199523221378, 33.401228841423347 ], [ 131.609300469753123, 33.401205873507777 ], [ 131.609398275870888, 33.401174782843079 ], [ 131.609492014946682, 33.401135863988912 ], [ 131.609580798887919, 33.401089485669907 ], [ 131.609769618837447, 33.400979805840684 ], [ 131.609935025088419, 33.400908484123491 ], [ 131.610225152490784, 33.400838767269306 ], [ 131.610329870421367, 33.400808627621458 ], [ 131.610430335292904, 33.400769610674104 ], [ 131.610525480695799, 33.400722130586516 ], [ 131.6106142966905, 33.400666691351738 ], [ 131.61069584052828, 33.400603881446287 ], [ 131.610769246658236, 33.400534367583141 ], [ 131.610833735915094, 33.40045888763423 ], [ 131.610888623789037, 33.400378242797672 ], [ 131.611537714239546, 33.399298938265062 ], [ 131.611581403631646, 33.39921620590821 ], [ 131.611614983232499, 33.399130216183913 ], [ 131.611638114641465, 33.399041835738508 ], [ 131.611650564762073, 33.398951955310409 ], [ 131.611666662219989, 33.398745955295361 ], [ 131.611668492658282, 33.398660338734445 ], [ 131.611660628398567, 33.398574962857261 ], [ 131.611643140451179, 33.398490598259762 ], [ 131.611616186687826, 33.39840800640799 ], [ 131.611580010415736, 33.398327932765355 ], [ 131.611494208990024, 33.398162233513041 ], [ 131.611448244899066, 33.398084049361813 ], [ 131.611393491357035, 33.398009955328121 ], [ 131.611330460549027, 33.397940644487583 ], [ 131.611259742081444, 33.397876765172406 ], [ 131.611181997466616, 33.397818914907376 ], [ 131.611097953934717, 33.397767634820902 ], [ 131.611008397631394, 33.397723404583651 ], [ 131.61091416626445, 33.39768663792217 ], [ 131.610816141268373, 33.397657678749042 ], [ 131.610715239560164, 33.397636797946348 ], [ 131.610612404962922, 33.397624190831927 ], [ 131.610508599378647, 33.397619975332582 ], [ 131.610326201264371, 33.397619975241035 ], [ 131.610211812010618, 33.397625096624267 ], [ 131.610098722674792, 33.397640402858009 ], [ 131.609988218429294, 33.397665720000795 ], [ 131.609909515068637, 33.39769157512216 ], [ 131.609821901957531, 33.397691574997268 ], [ 131.609716368475773, 33.397695932174301 ], [ 131.609611855326932, 33.397708961954088 ], [ 131.609509373008137, 33.397730538358282 ], [ 131.609289315189017, 33.397786647827736 ], [ 131.609271454491335, 33.397782103229147 ], [ 131.609175961284421, 33.397765553321335 ], [ 131.609079072658488, 33.397756332559574 ], [ 131.609067399709659, 33.39775566977827 ], [ 131.608750342970637, 33.397440537812386 ], [ 131.608553204697245, 33.397147151018437 ], [ 131.6084969312667, 33.397072257292741 ], [ 131.608432170267008, 33.39700235532392 ], [ 131.608359546452874, 33.396938119442559 ], [ 131.608279760425262, 33.396880169318422 ], [ 131.608193581872911, 33.396829063983098 ], [ 131.608101842147136, 33.396785296437457 ], [ 131.608005426242528, 33.396749288896125 ], [ 131.607905264259927, 33.396721388714816 ], [ 131.607802322434566, 33.396701865039724 ], [ 131.607697593816056, 33.396690906211319 ], [ 131.607592088689302, 33.396688617947582 ], [ 131.607486824829721, 33.396695022324209 ], [ 131.607382817685789, 33.396710057561641 ], [ 131.607281070584264, 33.396733578620911 ], [ 131.607182565052312, 33.396765358602551 ], [ 131.607088251349694, 33.396805090935295 ], [ 131.606999039302309, 33.396852392333095 ], [ 131.606915789526084, 33.396906806492275 ], [ 131.606839305124709, 33.396967808493031 ], [ 131.606770323942698, 33.397034809862745 ], [ 131.606545022814942, 33.397276708386954 ], [ 131.606486414054046, 33.397346158253384 ], [ 131.606435874012902, 33.397419934415211 ], [ 131.606393853122654, 33.397497379384461 ], [ 131.606360725895399, 33.39757780297505 ], [ 131.606336787585803, 33.397660488453454 ] ] ], [ [ [ 131.606444611509289, 33.414204194818559 ], [ 131.606503715765029, 33.414281283212489 ], [ 131.606624415195796, 33.41442238408586 ], [ 131.606694738473834, 33.414496110576636 ], [ 131.606773872187318, 33.414563263481455 ], [ 131.606860948063627, 33.414623105969532 ], [ 131.6069550106794, 33.41467498142211 ], [ 131.607055027943773, 33.41471832063764 ], [ 131.607159902423575, 33.414752648077858 ], [ 131.607248503231631, 33.414777248278874 ], [ 131.607347252019167, 33.41480034671536 ], [ 131.607448175866523, 33.414815449705351 ], [ 131.607550356480345, 33.41482241983001 ], [ 131.607652864131268, 33.414821193670363 ], [ 131.607754766114397, 33.41481178238449 ], [ 131.607855135236434, 33.414794271605913 ], [ 131.607953058253173, 33.414768820664221 ], [ 131.608047644179265, 33.414735661135268 ], [ 131.608138032396113, 33.414695094733865 ], [ 131.608223400482842, 33.414647490568186 ], [ 131.608302971699686, 33.414593281781066 ], [ 131.608376022055666, 33.414532961608586 ], [ 131.608441886896031, 33.414467078891846 ], [ 131.608512570864804, 33.414389104513575 ], [ 131.608533736010031, 33.414376003212801 ], [ 131.608610863640138, 33.414317838540057 ], [ 131.608680946082444, 33.41425370951734 ], [ 131.608743330569183, 33.414184213476759 ], [ 131.608797436039509, 33.414109997739978 ], [ 131.608825377527495, 33.414061759962905 ], [ 131.60884495080424, 33.41414475230598 ], [ 131.608876016582997, 33.414230553355544 ], [ 131.608917094614924, 33.414313341103856 ], [ 131.608967778352167, 33.414392296148932 ], [ 131.609027566169146, 33.414466637021462 ], [ 131.609095866326726, 33.414535627919925 ], [ 131.609172002828672, 33.414598585993701 ], [ 131.609255222112012, 33.414654888102113 ], [ 131.609344700505602, 33.41470397698243 ], [ 131.609439552382696, 33.414745366765978 ], [ 131.609538838927079, 33.414778647787415 ], [ 131.60964157742572, 33.414803490639848 ], [ 131.609746750996237, 33.414819649435415 ], [ 131.60985331865254, 33.414826964239211 ], [ 131.609933042100863, 33.414825769900752 ], [ 131.610045446991592, 33.414845012039223 ], [ 131.610147014868829, 33.414858192840363 ], [ 131.61024961963048, 33.414863177321955 ], [ 131.610352322968481, 33.414859919902916 ], [ 131.610454185673603, 33.414848450373334 ], [ 131.610554276225088, 33.414828873621964 ], [ 131.610948579702637, 33.414734872523439 ], [ 131.611040346257568, 33.414709199626905 ], [ 131.611128988360292, 33.414676710791547 ], [ 131.611213787851568, 33.414637669237415 ], [ 131.611294057706942, 33.414592391273146 ], [ 131.611346493667668, 33.41455667448934 ], [ 131.611603156351492, 33.414473384159258 ], [ 131.61170146221059, 33.414436636368492 ], [ 131.611794892372046, 33.414391827114976 ], [ 131.61188250984091, 33.414339405788404 ], [ 131.611963435922036, 33.414279898118217 ], [ 131.612036859032486, 33.414213900900734 ], [ 131.612102042840831, 33.414142076013519 ], [ 131.612158333651223, 33.414065143777137 ], [ 131.612205166958944, 33.413983875730686 ], [ 131.612242073110679, 33.413899086893927 ], [ 131.61226868201382, 33.413811627593248 ], [ 131.612284726846752, 33.413722374933798 ], [ 131.612290046733705, 33.413632224002995 ], [ 131.612284588356687, 33.413542078894018 ], [ 131.612268406488937, 33.413452843638851 ], [ 131.612241663444166, 33.41336541314223 ], [ 131.612204627447682, 33.413280664207171 ], [ 131.612157669945304, 33.413199446742105 ], [ 131.612101261877172, 33.413122575237843 ], [ 131.612035968954075, 33.413050820599828 ], [ 131.611537068082043, 33.412556023927564 ], [ 131.611466291858591, 33.412492340494133 ], [ 131.611388520013492, 33.412434680417391 ], [ 131.611304478078523, 33.412383581598824 ], [ 131.611214950073929, 33.412339520730377 ], [ 131.61112077119455, 33.412302908847884 ], [ 131.611022820018917, 33.412274087496776 ], [ 131.610922010313828, 33.41225332554621 ], [ 131.610819282510278, 33.412240816680935 ], [ 131.610715594931747, 33.41223667759462 ], [ 131.61061191485453, 33.41224094690125 ], [ 131.610509209485315, 33.412253584774959 ], [ 131.610408436939196, 33.412274473321325 ], [ 131.610310537302354, 33.412303417677201 ], [ 131.610216423862852, 33.412340147828239 ], [ 131.610126974591452, 33.412384321127512 ], [ 131.610043023951675, 33.41243552549178 ], [ 131.609965355115349, 33.412493283245375 ], [ 131.609894692656866, 33.412557055575931 ], [ 131.609831695793559, 33.412626247560631 ], [ 131.609537015938173, 33.412984540930715 ], [ 131.609256645089232, 33.41319119606765 ], [ 131.609265745812905, 33.41316808945372 ], [ 131.60940254110929, 33.412753888544799 ], [ 131.609425552337655, 33.412668167299188 ], [ 131.609438501581877, 33.41258097430125 ], [ 131.609441265807959, 33.41249313819845 ], [ 131.609433818776665, 33.412405493747571 ], [ 131.609416231291704, 33.412318873881468 ], [ 131.609388670525618, 33.412234101793544 ], [ 131.609351398429965, 33.412151983114484 ], [ 131.609304769245, 33.412073298256288 ], [ 131.609249226132107, 33.411998794995853 ], [ 131.609185296961698, 33.411929181368926 ], [ 131.609113589295958, 33.411865118941563 ], [ 131.609034784614721, 33.411807216523492 ], [ 131.608949631838954, 33.411756024382626 ], [ 131.608858940213395, 33.411712029016087 ], [ 131.608763571616407, 33.411675648527137 ], [ 131.608664432369778, 33.411647228652086 ], [ 131.608562464625919, 33.411627039474936 ], [ 131.608458637415396, 33.411615272860814 ], [ 131.607774644482845, 33.41156607302235 ], [ 131.607666388528514, 33.4115628808214 ], [ 131.607558299281607, 33.411568843915845 ], [ 131.607451474775814, 33.411583901730687 ], [ 131.607347000198359, 33.411607901301366 ], [ 131.607245936867002, 33.411640598827425 ], [ 131.607149311449376, 33.411681662148851 ], [ 131.607058105534293, 33.411730674120093 ], [ 131.606973245660413, 33.411787136847266 ], [ 131.606895593904255, 33.41185047674567 ], [ 131.606825939122729, 33.411920050366184 ], [ 131.606764988939062, 33.411995150931418 ], [ 131.60671336255399, 33.412075015515299 ], [ 131.606671584454546, 33.412158832792954 ], [ 131.606640079085281, 33.412245751282533 ], [ 131.606551584944981, 33.412542974104447 ], [ 131.606470775585308, 33.412591016771692 ], [ 131.606389378513626, 33.412650552416245 ], [ 131.606315517445893, 33.412716638805158 ], [ 131.60624993831712, 33.412788608538598 ], [ 131.60619330342891, 33.412865734799432 ], [ 131.60614618475995, 33.412947238692873 ], [ 131.606109058189276, 33.413032297112181 ], [ 131.606082298689131, 33.413120051050868 ], [ 131.606066176537126, 33.413209614277633 ], [ 131.606060854585337, 33.413300082286248 ], [ 131.606066386614543, 33.413390541430218 ], [ 131.606082716789416, 33.413480078149718 ], [ 131.606109680221351, 33.413567788197966 ], [ 131.606147004632277, 33.413652785773458 ], [ 131.606194313103288, 33.413734212466139 ], [ 131.606251127880199, 33.413811245926986 ], [ 131.606315346897645, 33.413889262914573 ], [ 131.606327081552507, 33.413948538512585 ], [ 131.606355835485488, 33.414036957903662 ], [ 131.606395147615729, 33.414122471391423 ], [ 131.606444611509289, 33.414204194818559 ] ] ], [ [ [ 131.586113310283054, 33.422700829083638 ], [ 131.586137837265284, 33.422728126779923 ], [ 131.586234349179307, 33.422904102765038 ], [ 131.586284574332893, 33.422984701294652 ], [ 131.58634422921719, 33.423060645723901 ], [ 131.586412706584014, 33.423131162959081 ], [ 131.586489309369625, 33.423195535152352 ], [ 131.586573257790292, 33.423253107009657 ], [ 131.586663697280187, 33.423303292461902 ], [ 131.586759707191021, 33.423345580631434 ], [ 131.586860310164042, 33.423379541033043 ], [ 131.586964482080447, 33.423404827956517 ], [ 131.587071162487121, 33.42342118398625 ], [ 131.587179265393019, 33.423428442621706 ], [ 131.587287690325212, 33.423426529972652 ], [ 131.587395333532811, 33.423415465511219 ], [ 131.588468243920602, 33.423258763424144 ], [ 131.588567903794228, 33.423240078204707 ], [ 131.588664999191991, 33.423213546591711 ], [ 131.588758653684494, 33.423179408074191 ], [ 131.588848021904653, 33.423137970804483 ], [ 131.588932297178758, 33.423089608816476 ], [ 131.589010718808311, 33.423034758649074 ], [ 131.589082578936598, 33.422973915405443 ], [ 131.589147228938032, 33.422907628283696 ], [ 131.589204085272769, 33.422836495619286 ], [ 131.589252634753706, 33.422761159483784 ], [ 131.589292439178024, 33.422682299889146 ], [ 131.589469434947176, 33.422279298660037 ], [ 131.589503105685594, 33.422187963230201 ], [ 131.589525050579226, 33.422094151046501 ], [ 131.589535022789249, 33.421998917484842 ], [ 131.589545719577558, 33.421739217547042 ], [ 131.589545164151446, 33.421665597026312 ], [ 131.589537445428533, 33.421592260108063 ], [ 131.589494542138908, 33.421314660633193 ], [ 131.589474484147416, 33.421222643922086 ], [ 131.589443161507916, 33.421132865970229 ], [ 131.589400911612387, 33.421046293724849 ], [ 131.589348189539947, 33.420963859603809 ], [ 131.589285563154561, 33.420886451453335 ], [ 131.589213706988033, 33.420814902986137 ], [ 131.589133394974283, 33.420749984802377 ], [ 131.588881295654403, 33.420566386195368 ], [ 131.588803096260989, 33.420514567357841 ], [ 131.588719509269254, 33.420469045370432 ], [ 131.588631253382204, 33.420430211640316 ], [ 131.58853908744382, 33.420398400067484 ], [ 131.5884438039146, 33.420373884174055 ], [ 131.588346222058618, 33.420356874752635 ], [ 131.588179923745514, 33.420334574898014 ], [ 131.588077185336402, 33.420325019101902 ], [ 131.5879738274038, 33.420323783262447 ], [ 131.587870805854806, 33.420330878810738 ], [ 131.587135913152821, 33.420411477638062 ], [ 131.58701824976032, 33.420430020883884 ], [ 131.586476454720042, 33.420541919528119 ], [ 131.5863633368634, 33.420570902264529 ], [ 131.586254701397081, 33.420610132035087 ], [ 131.586151863825108, 33.420659133797528 ], [ 131.58605606944937, 33.42071731417667 ], [ 131.585852169855627, 33.420856113048856 ], [ 131.585771074611927, 33.420917294867763 ], [ 131.585697791977225, 33.42098505427689 ], [ 131.585633076764935, 33.421058693371194 ], [ 131.585577595551371, 33.421137453684302 ], [ 131.585531919809114, 33.421220524 ], [ 131.585496520020541, 33.421307048707327 ], [ 131.585471760830671, 33.421396136612842 ], [ 131.585457897290127, 33.421486870119658 ], [ 131.585455072226893, 33.421578314678399 ], [ 131.58546331477379, 33.421669528412956 ], [ 131.585482540066891, 33.421759571821802 ], [ 131.585514738780148, 33.421875972154105 ], [ 131.585542560779203, 33.42195849530669 ], [ 131.585579609658055, 33.42203842766682 ], [ 131.585625550047325, 33.422115045628487 ], [ 131.585679966082125, 33.42218765558826 ], [ 131.5857423651658, 33.422255600224737 ], [ 131.585812182429123, 33.422318264449331 ], [ 131.58587139620542, 33.422362183142965 ], [ 131.585882202834682, 33.422389098659735 ], [ 131.585923122102059, 33.422466250494736 ], [ 131.585972471682254, 33.422539852814978 ], [ 131.586029818487958, 33.422609259663965 ], [ 131.586113310283054, 33.422700829083638 ] ] ], [ [ [ 131.589707517033673, 33.425217973399612 ], [ 131.589791095639441, 33.42527388113642 ], [ 131.589880884423309, 33.425322550129181 ], [ 131.589975995068869, 33.425363498872564 ], [ 131.590075486603808, 33.425396322241035 ], [ 131.590178374710035, 33.425420695497316 ], [ 131.590283641462776, 33.42543637750537 ], [ 131.590390245402233, 33.425443213116274 ], [ 131.590497131838276, 33.42544113470322 ], [ 131.590603243286012, 33.425430162830658 ], [ 131.590707529928949, 33.425410406050652 ], [ 131.590808960006342, 33.425382059828884 ], [ 131.590906530021897, 33.425345404610468 ], [ 131.591311421645912, 33.425172531024735 ], [ 131.591361576006932, 33.425157030957166 ], [ 131.591609702595434, 33.425157030641529 ], [ 131.591710367080424, 33.42515306918677 ], [ 131.591810146702585, 33.425141220101949 ], [ 131.591908164409233, 33.425121587540616 ], [ 131.59200355863635, 33.425094344072285 ], [ 131.5920954908824, 33.425059729165085 ], [ 131.592183153079134, 33.425018047080954 ], [ 131.592265774694766, 33.424969664200745 ], [ 131.592598375561266, 33.424754762407993 ], [ 131.592678617848577, 33.424697444169936 ], [ 131.592791342725121, 33.424608565735134 ], [ 131.59281557268622, 33.424623437744472 ], [ 131.592907113422541, 33.424668717314248 ], [ 131.593003539401906, 33.424706195113977 ], [ 131.593103907907278, 33.424735504738138 ], [ 131.593207237674022, 33.424756359638351 ], [ 131.593312518483941, 33.42476855592497 ], [ 131.593418721042895, 33.424771974360631 ], [ 131.593524807044531, 33.424766581526015 ], [ 131.593629739322552, 33.424752430146526 ], [ 131.593732491991602, 33.424729658576773 ], [ 131.593832060477865, 33.424698489447628 ], [ 131.59392747134126, 33.424659227489542 ], [ 131.594017791792851, 33.424612256552905 ], [ 131.59410213881506, 33.424558035854929 ], [ 131.594179687794679, 33.424497095489812 ], [ 131.594249680584994, 33.42443003124567 ], [ 131.59431143291755, 33.424357498779493 ], [ 131.594364341091648, 33.424280207206643 ], [ 131.594407887875889, 33.424198912167846 ], [ 131.594441647564054, 33.424114408441355 ], [ 131.5944652901361, 33.424027522172551 ], [ 131.59450423818032, 33.4238426711781 ], [ 131.594669226487241, 33.423715945289736 ], [ 131.594740983513645, 33.423655342667175 ], [ 131.594805578330124, 33.42358931727356 ], [ 131.594862431047062, 33.423518461859821 ], [ 131.594911031284113, 33.423443412537289 ], [ 131.59495094275178, 33.423364843066615 ], [ 131.594981807167642, 33.423283458808861 ], [ 131.595003347471874, 33.423199990392824 ], [ 131.595015370313916, 33.423115187155716 ], [ 131.595017767787112, 33.423029810415855 ], [ 131.595010518396634, 33.422944626637864 ], [ 131.594993687251247, 33.422860400551954 ], [ 131.594967425477904, 33.422777888288515 ], [ 131.594897723616668, 33.422594288951053 ], [ 131.594862063431606, 33.422513830783728 ], [ 131.594817437969795, 33.422436581912223 ], [ 131.59476425196101, 33.422363242904929 ], [ 131.594702987766823, 33.422294478870327 ], [ 131.594634201005533, 33.42223091342526 ], [ 131.594558515513114, 33.422173123039883 ], [ 131.594476617685388, 33.422121631809915 ], [ 131.594389250253215, 33.422076906704042 ], [ 131.594297205546951, 33.422039353329289 ], [ 131.59420131831132, 33.422009312252882 ], [ 131.594102458135524, 33.421987055913945 ], [ 131.594001521567861, 33.421972786152942 ], [ 131.593910169674842, 33.421967280064891 ], [ 131.593888222912767, 33.421955066888628 ], [ 131.593798141981864, 33.421914694677398 ], [ 131.59370389797968, 33.421881674626505 ], [ 131.59360634190287, 33.421856304897631 ], [ 131.593506354652703, 33.421838814572411 ], [ 131.593404839081416, 33.421829361584003 ], [ 131.593302711840522, 33.421828031291092 ], [ 131.593200895104474, 33.421834835707145 ], [ 131.593100308244573, 33.421849713391907 ], [ 131.591823520140764, 33.422091510393173 ], [ 131.591721276406531, 33.422115376989396 ], [ 131.591622337861338, 33.422147582442413 ], [ 131.591527669079227, 33.422187812776819 ], [ 131.591438193011328, 33.422235675780591 ], [ 131.591354781988258, 33.422290704828399 ], [ 131.59127824921589, 33.422352363430527 ], [ 131.591209340847229, 33.422420050462826 ], [ 131.591148728707765, 33.422493106026792 ], [ 131.591097003745375, 33.422570817882701 ], [ 131.591054670268306, 33.422652428393199 ], [ 131.591050057049756, 33.422664442269735 ], [ 131.590936554533329, 33.422702551353282 ], [ 131.590831823301357, 33.422743317090244 ], [ 131.590732910948475, 33.422793267918394 ], [ 131.590640958845569, 33.422851827451751 ], [ 131.590557028054803, 33.422918319966101 ], [ 131.590300938478293, 33.423144231812209 ], [ 131.58998262566908, 33.423385315222703 ], [ 131.589967870006632, 33.423396702165284 ], [ 131.589597770043554, 33.42368769998 ], [ 131.589525067904674, 33.423750708306969 ], [ 131.58946000994672, 33.423819341474207 ], [ 131.58940321173111, 33.42389295011364 ], [ 131.58935521067437, 33.423970837780253 ], [ 131.589316460962692, 33.424052267541008 ], [ 131.589287329254063, 33.424136468947204 ], [ 131.589268091207998, 33.424222645323773 ], [ 131.589258928876404, 33.424309981306926 ], [ 131.589259928980169, 33.42439765055871 ], [ 131.589271082087208, 33.424484823585423 ], [ 131.58929228270074, 33.424570675586025 ], [ 131.589323330256235, 33.424654394256308 ], [ 131.589409128372694, 33.424851395042026 ], [ 131.589450753254368, 33.424933972223421 ], [ 131.589501955382133, 33.425012673523995 ], [ 131.589562228217574, 33.425086720321239 ], [ 131.589630975477718, 33.42515538003984 ], [ 131.589707517033673, 33.425217973399612 ] ] ], [ [ [ 131.598065529283502, 33.425842836521277 ], [ 131.59813802715999, 33.425906473069631 ], [ 131.598217580854794, 33.425963877636732 ], [ 131.598355381398164, 33.426053878340952 ], [ 131.598440004355666, 33.42610385099966 ], [ 131.598529966988593, 33.426146767355391 ], [ 131.598624435172525, 33.426182229490159 ], [ 131.598722533004434, 33.426209908601002 ], [ 131.598823350924647, 33.426229548048845 ], [ 131.5989259541509, 33.426240965738181 ], [ 131.599029391346249, 33.426244055805675 ], [ 131.599132703440972, 33.426238789601626 ], [ 131.599234932525604, 33.426225215955718 ], [ 131.599335130733664, 33.426203460724032 ], [ 131.599432369030893, 33.426173725622093 ], [ 131.599525745830022, 33.426136286354236 ], [ 131.599614395350756, 33.426091490057125 ], [ 131.599697495647831, 33.426039752080733 ], [ 131.599774276232012, 33.425981552136946 ], [ 131.599887534107552, 33.425887004814399 ], [ 131.600079149168465, 33.425728000889571 ], [ 131.600276352700689, 33.425616516849352 ], [ 131.600385963045227, 33.425557979696926 ], [ 131.60046752803558, 33.425520209800773 ], [ 131.600554503487018, 33.425475284815342 ], [ 131.60063600021374, 33.425423639538991 ], [ 131.600656542012615, 33.425407840916549 ], [ 131.600661450354892, 33.425405069800064 ], [ 131.600730650559939, 33.425361769433152 ], [ 131.600824392395708, 33.425295825983639 ], [ 131.600908588982492, 33.425221376300811 ], [ 131.601004388640149, 33.425126375686332 ], [ 131.601065718331938, 33.425059435374088 ], [ 131.601119310581737, 33.424987977548568 ], [ 131.601164695330084, 33.424912628996061 ], [ 131.601201474512067, 33.424834050628249 ], [ 131.601229325548218, 33.424752931684786 ], [ 131.601248004173272, 33.424669983687664 ], [ 131.601257346577682, 33.424585934199996 ], [ 131.601257270843774, 33.424501520444274 ], [ 131.601252169745322, 33.424411720541251 ], [ 131.60123877901853, 33.424306512667329 ], [ 131.601224278171543, 33.424233512831613 ], [ 131.601202241788116, 33.424148265944076 ], [ 131.601170481768122, 33.424065204392036 ], [ 131.600550568688533, 33.422678610030545 ], [ 131.600533073726496, 33.422641942207996 ], [ 131.600447272249482, 33.422472942960269 ], [ 131.600406046681456, 33.422400804740747 ], [ 131.600357356063512, 33.422332015683985 ], [ 131.600301583929365, 33.422267117615199 ], [ 131.600239169588292, 33.422206621710693 ], [ 131.600170604664385, 33.422151004471893 ], [ 131.59997910513755, 33.42200890554367 ], [ 131.599896198372846, 33.421953259689815 ], [ 131.599807148190251, 33.42190474557782 ], [ 131.5997128237955, 33.421863836743334 ], [ 131.599614145870788, 33.421830932488305 ], [ 131.599512077588486, 33.421806353983797 ], [ 131.599407615210964, 33.421790341135299 ], [ 131.599301778366709, 33.421783050241295 ], [ 131.599195600099193, 33.421784552467685 ], [ 131.59909011678451, 33.421794833153207 ], [ 131.598986358016447, 33.421813791952452 ], [ 131.598885336557913, 33.42184124381513 ], [ 131.598788038456291, 33.421876920792172 ], [ 131.59869541341979, 33.421920474650733 ], [ 131.598626048375223, 33.421961119045683 ], [ 131.598594009596553, 33.421972840737979 ], [ 131.598501129566927, 33.422016455313425 ], [ 131.598413849725915, 33.422067560020217 ], [ 131.598333026144815, 33.422125653613051 ], [ 131.59825945157516, 33.422190166296815 ], [ 131.598193847673372, 33.422260465314835 ], [ 131.598136857922157, 33.422335861154721 ], [ 131.598089041318474, 33.422415614310978 ], [ 131.598050866890247, 33.422498942537899 ], [ 131.59802270909492, 33.42258502852188 ], [ 131.598004844145805, 33.422673027897623 ], [ 131.597997447301566, 33.422762077529896 ], [ 131.59799884019489, 33.4228016097235 ], [ 131.597990272256197, 33.422804487471332 ], [ 131.597897442276349, 33.422844844252175 ], [ 131.597809727738763, 33.422892573601594 ], [ 131.597727958721634, 33.42294722384365 ], [ 131.597652909043347, 33.4230082778069 ], [ 131.597477164893178, 33.42316586950141 ], [ 131.597330633601729, 33.423290186067199 ], [ 131.597161358600687, 33.423357082997939 ], [ 131.59711742114547, 33.423375487057285 ], [ 131.596865058758652, 33.423487305891214 ], [ 131.596697918006015, 33.423529592052795 ], [ 131.596597799448688, 33.423559524770859 ], [ 131.596501695908103, 33.423597602835606 ], [ 131.596410547132592, 33.423643453904475 ], [ 131.596325244424889, 33.423696629626249 ], [ 131.596246621926809, 33.423756610024853 ], [ 131.596175448462674, 33.423822808583559 ], [ 131.59611242002137, 33.42389457797983 ], [ 131.596058152950235, 33.423971216414756 ], [ 131.596013177927375, 33.424051974475297 ], [ 131.595977934772009, 33.424136062462075 ], [ 131.595952768142411, 33.424222658111319 ], [ 131.595937924164815, 33.424310914635186 ], [ 131.595933548025386, 33.424399969002131 ], [ 131.595939682549215, 33.424488950376052 ], [ 131.595956267780309, 33.424576988632055 ], [ 131.595983141566762, 33.424663222865178 ], [ 131.596020041145067, 33.424746809809164 ], [ 131.596066605708671, 33.424826932082844 ], [ 131.596122379935167, 33.424902806183376 ], [ 131.596186818438071, 33.424973690148398 ], [ 131.596259291099585, 33.425038890811898 ], [ 131.596510991412316, 33.425243992309895 ], [ 131.596591685325109, 33.425303468741689 ], [ 131.596679056879083, 33.425355893477757 ], [ 131.596772233217479, 33.425400742781015 ], [ 131.596870283487618, 33.425437568594603 ], [ 131.596972228141055, 33.425466003018428 ], [ 131.597077048720053, 33.425485761984838 ], [ 131.597183698033291, 33.425496648096761 ], [ 131.597291110618471, 33.42549855259989 ], [ 131.59739821338755, 33.425491456469217 ], [ 131.59777652977229, 33.425450354492625 ], [ 131.597790975339336, 33.425453834947177 ], [ 131.597831178180371, 33.425469725414615 ], [ 131.597858776976068, 33.425538870876117 ], [ 131.59789690712114, 33.425620863912073 ], [ 131.597944391826275, 33.425699347938718 ], [ 131.598000778401513, 33.425773574698688 ], [ 131.598065529283502, 33.425842836521277 ] ] ], [ [ [ 131.589928909683266, 33.430958636068524 ], [ 131.590013832450609, 33.431015150492222 ], [ 131.590105112795271, 33.4310642049264 ], [ 131.590201822160992, 33.431105300357586 ], [ 131.590302976759602, 33.431138018736142 ], [ 131.590407547579389, 33.431162027229362 ], [ 131.590514470853805, 33.43117708160743 ], [ 131.590622658883518, 33.431183028728142 ], [ 131.590731011102548, 33.431179808094797 ], [ 131.590838425274796, 33.431167452471577 ], [ 131.591685933400214, 33.431033150723003 ], [ 131.59179263436323, 33.431011457334215 ], [ 131.591896139647531, 33.430980751356927 ], [ 131.591995369494981, 33.430941353115969 ], [ 131.592089288752902, 33.430893673612772 ], [ 131.592176917672958, 33.430838210237425 ], [ 131.592257342132399, 33.430775541579514 ], [ 131.592412941932878, 33.430641240626265 ], [ 131.592480600474062, 33.430576994962273 ], [ 131.592540675244265, 33.430507651398727 ], [ 131.592592623050876, 33.430433836958912 ], [ 131.592635974191126, 33.430356219091195 ], [ 131.592670336698603, 33.430275499633453 ], [ 131.592695399886736, 33.430192408466688 ], [ 131.592710937157193, 33.430107696915215 ], [ 131.592716808047982, 33.430022130952842 ], [ 131.592712959502393, 33.429936484276844 ], [ 131.592699426347792, 33.429851531312011 ], [ 131.592676330979714, 33.429768040208401 ], [ 131.592643882254009, 33.429686765895674 ], [ 131.592602373597629, 33.429608443257329 ], [ 131.592521872575901, 33.429474143926996 ], [ 131.59248960908937, 33.429424292752017 ], [ 131.592087305446483, 33.428846795924017 ], [ 131.592024457445746, 33.428766690279431 ], [ 131.591951816332596, 33.42869263596031 ], [ 131.591894413166386, 33.428640083167053 ], [ 131.591895880482156, 33.428569388569841 ], [ 131.591887849445186, 33.428442628786094 ], [ 131.591830393624235, 33.428054677732362 ], [ 131.591826115194522, 33.427877371752999 ], [ 131.591816751961147, 33.427775518431368 ], [ 131.591793703679173, 33.42767520768529 ], [ 131.591757266462167, 33.427577728059838 ], [ 131.591676764776764, 33.427398628790712 ], [ 131.591635909474945, 33.427319442976746 ], [ 131.591586211955899, 33.427243895391534 ], [ 131.591528127610133, 33.427172678263659 ], [ 131.591462188671187, 33.427106444141025 ], [ 131.591388999338506, 33.427045799912115 ], [ 131.591309230240967, 33.426991301245536 ], [ 131.591223612292083, 33.426943447498857 ], [ 131.591132929992938, 33.426902677143417 ], [ 131.591038014244333, 33.426869363747109 ], [ 131.590939734733723, 33.42684381255161 ], [ 131.590838991967445, 33.426826257675835 ], [ 131.590736709019922, 33.426816859970891 ], [ 131.590633823076985, 33.426815705546318 ], [ 131.590478324677179, 33.426820205423098 ], [ 131.59037629710636, 33.426827247863969 ], [ 131.590275531170789, 33.426842396679348 ], [ 131.590176940804952, 33.426865514472802 ], [ 131.590081420213266, 33.426896391570125 ], [ 131.589989835760463, 33.426934747920797 ], [ 131.589903018114143, 33.426980235637814 ], [ 131.589821754711124, 33.427032442152623 ], [ 131.589629495839802, 33.427168614714304 ], [ 131.589545743757981, 33.427137026009888 ], [ 131.589429928038328, 33.427002064892825 ], [ 131.589359055290004, 33.42692803535332 ], [ 131.589279289927589, 33.426860666769009 ], [ 131.589191516789924, 33.426800706446585 ], [ 131.589096709538353, 33.42674881951325 ], [ 131.588995919856416, 33.426705581539167 ], [ 131.588733021971905, 33.426607082362644 ], [ 131.58863357416692, 33.426574685002116 ], [ 131.588530786148112, 33.426550713481269 ], [ 131.588425670477108, 33.426535403943994 ], [ 131.588319262643495, 33.426528907205274 ], [ 131.588212610865043, 33.426531287265703 ], [ 131.588106765762802, 33.426542520681004 ], [ 131.588002770012309, 33.426562496792855 ], [ 131.587901648073313, 33.426591018818812 ], [ 131.587804396098534, 33.426627805790666 ], [ 131.58771197212144, 33.426672495321853 ], [ 131.587625286619101, 33.426724647177032 ], [ 131.587545193543377, 33.426783747608503 ], [ 131.587472481908975, 33.426849214416627 ], [ 131.587407868020563, 33.426920402684829 ], [ 131.587351988416117, 33.426996611132211 ], [ 131.587305393595955, 33.427077089021594 ], [ 131.587268542598821, 33.42716104355474 ], [ 131.587241798479141, 33.42724764768208 ], [ 131.587225424729155, 33.427336048249856 ], [ 131.587219582682337, 33.427425374404557 ], [ 131.587224329922606, 33.427514746171802 ], [ 131.587283323612752, 33.428038546981604 ], [ 131.587299311127026, 33.428130043214345 ], [ 131.587326395037849, 33.428219684361892 ], [ 131.587364290292385, 33.428306526859053 ], [ 131.587412598033779, 33.428389656596714 ], [ 131.58747080979856, 33.428468198544195 ], [ 131.587538312867736, 33.428541325960225 ], [ 131.587614396715622, 33.428608269095818 ], [ 131.587698260488423, 33.428668323297181 ], [ 131.588052361932085, 33.428896625089727 ], [ 131.588155508217199, 33.428955469448447 ], [ 131.588266091111677, 33.429003896797298 ], [ 131.588631920043895, 33.429142077417289 ], [ 131.588857706030979, 33.429270435960866 ], [ 131.588950518026849, 33.429342489385597 ], [ 131.589044413088288, 33.429451313475688 ], [ 131.589313788964432, 33.429855344394731 ], [ 131.589627160946577, 33.430586594752263 ], [ 131.58966892254017, 33.430670487059302 ], [ 131.58972055025373, 33.430750425499433 ], [ 131.589781518926458, 33.43082559689411 ], [ 131.5898512083713, 33.430895236556047 ], [ 131.589928909683266, 33.430958636068524 ] ] ], [ [ [ 131.60124625975962, 33.43091291657818 ], [ 131.601285823843824, 33.430993043673467 ], [ 131.60133438906945, 33.43106961172704 ], [ 131.601391505850501, 33.431141911885781 ], [ 131.601456645428357, 33.431209274806434 ], [ 131.601529204766393, 33.431271076852696 ], [ 131.6016085121326, 33.431326745868986 ], [ 131.601693833318308, 33.431375766477835 ], [ 131.601784378435326, 33.431417684851461 ], [ 131.601879309229219, 33.431452112913533 ], [ 131.601977746839964, 33.431478731932323 ], [ 131.60207877993912, 33.431497295471559 ], [ 131.602181473167434, 33.431507631672218 ], [ 131.602406775501009, 33.431521131698055 ], [ 131.602515808689617, 33.431523014661217 ], [ 131.602624508302824, 33.431515625176985 ], [ 131.602731755553492, 33.431499039303077 ], [ 131.602836446604698, 33.431473427750568 ], [ 131.602937503931742, 33.431439054126614 ], [ 131.603033887413574, 33.431396272221093 ], [ 131.603124605038602, 33.431345522364794 ], [ 131.603208723115642, 33.431287326896978 ], [ 131.603285375883758, 33.431222284788795 ], [ 131.603371175656434, 33.431141684247507 ], [ 131.603416185108273, 33.431096516043532 ], [ 131.603640241162395, 33.430856132463155 ], [ 131.603920569813511, 33.430770051287745 ], [ 131.603942748960407, 33.430763007029064 ], [ 131.604061195439584, 33.43072412935949 ], [ 131.604329119254885, 33.430652242763522 ], [ 131.604424162400932, 33.430622528382109 ], [ 131.604515441987729, 33.430585434826959 ], [ 131.60460214523286, 33.430541292394288 ], [ 131.604683500106745, 33.430490494145495 ], [ 131.604758782207597, 33.430433492406863 ], [ 131.604827321211616, 33.430370794741627 ], [ 131.604888506841775, 33.430302959430151 ], [ 131.604941794301681, 33.430230590498461 ], [ 131.605086692509047, 33.430011289491617 ], [ 131.605138052080747, 33.429922386920822 ], [ 131.605177500025746, 33.42982930565033 ], [ 131.605204562540109, 33.429733163760353 ], [ 131.605274258613917, 33.429406363358261 ], [ 131.605287614619073, 33.429319641773617 ], [ 131.605290885654682, 33.429232243125512 ], [ 131.605284040964648, 33.429144989997752 ], [ 131.605267145000028, 33.429058703602102 ], [ 131.605240356811692, 33.428974196049275 ], [ 131.605203928551958, 33.428892262705673 ], [ 131.605158203100586, 33.42881367470769 ], [ 131.60497040113242, 33.428527076222849 ], [ 131.604922295568002, 33.428460624822584 ], [ 131.60486754027562, 33.428397896124579 ], [ 131.604850958316632, 33.428381982460067 ], [ 131.604847098595769, 33.428362907896108 ], [ 131.604818373026745, 33.428275453553177 ], [ 131.604779309460639, 33.428190863095395 ], [ 131.604736408779843, 33.42811026346628 ], [ 131.604689470508731, 33.428032431877448 ], [ 131.604633780575597, 33.427958768631051 ], [ 131.604569860445196, 33.427889963461979 ], [ 131.604498308640217, 33.427826660616006 ], [ 131.604419795136891, 33.427769452817685 ], [ 131.604335055091582, 33.427718875720871 ], [ 131.604244881957413, 33.427675402893648 ], [ 131.604150120055095, 33.4276394413844 ], [ 131.604051656667934, 33.427611327910803 ], [ 131.603950413734253, 33.427591325707326 ], [ 131.603719716051842, 33.427555525957487 ], [ 131.603606926004829, 33.427543155360958 ], [ 131.603493208461146, 33.427540847998252 ], [ 131.603379836830328, 33.427548629709122 ], [ 131.603261837999526, 33.42756202951599 ], [ 131.603149440880202, 33.427579945014948 ], [ 131.603039951221263, 33.427607775729541 ], [ 131.602934609341872, 33.42764520639092 ], [ 131.602834608579116, 33.427691812979916 ], [ 131.602741081770262, 33.427747067529879 ], [ 131.602381682615402, 33.427984365570858 ], [ 131.602303781314077, 33.428041084756472 ], [ 131.60223272367918, 33.428103804808622 ], [ 131.602169164301955, 33.428171947957757 ], [ 131.602113688704662, 33.428244886475817 ], [ 131.602066807946301, 33.42832194845839 ], [ 131.60202895391447, 33.428402424014003 ], [ 131.601905550628487, 33.428706823164788 ], [ 131.601876746826463, 33.428791129717361 ], [ 131.601857850724087, 33.428877384345007 ], [ 131.60184904124074, 33.428964770474757 ], [ 131.601850401806587, 33.429052460819264 ], [ 131.601861919571718, 33.429139625208641 ], [ 131.601883485526429, 33.429225438449855 ], [ 131.601914895532246, 33.429309088138972 ], [ 131.601932240346002, 33.429343261455237 ], [ 131.601711776772504, 33.429458232243611 ], [ 131.601623459652018, 33.429509594890028 ], [ 131.601541701155782, 33.429568095795375 ], [ 131.601467318664078, 33.429633150108536 ], [ 131.601401055821839, 33.429704107460275 ], [ 131.601343575104096, 33.429780258464845 ], [ 131.601295451192442, 33.42986084181149 ], [ 131.601257165228816, 33.429945051875322 ], [ 131.601229100004645, 33.430032046771068 ], [ 131.601211536132666, 33.430120956769613 ], [ 131.601204649240429, 33.430210892992875 ], [ 131.601208508213034, 33.430300956300336 ], [ 131.601214286559014, 33.430357203261757 ], [ 131.601193191403212, 33.430485620815674 ], [ 131.601184024313795, 33.430572002147812 ], [ 131.601184800664612, 33.430658722333249 ], [ 131.601195513297966, 33.430744978543117 ], [ 131.601216063068478, 33.430829972241469 ], [ 131.60124625975962, 33.43091291657818 ] ] ], [ [ [ 131.664328518767206, 33.4351671169645 ], [ 131.664289571028831, 33.435248841083961 ], [ 131.66426031532535, 33.435333360369775 ], [ 131.664241030623288, 33.43541986897587 ], [ 131.664231900822699, 33.435507542086654 ], [ 131.664233013002729, 33.435595543780977 ], [ 131.664244356590132, 33.435683035002342 ], [ 131.664265823459033, 33.435769181558854 ], [ 131.664297208960562, 33.435853162077166 ], [ 131.664338213873123, 33.435934175833992 ], [ 131.664388447254339, 33.436011450391014 ], [ 131.664447430167826, 33.436084248960135 ], [ 131.664514600248992, 33.436151877428792 ], [ 131.664589317066572, 33.436213690978491 ], [ 131.664670868228598, 33.436269100233332 ], [ 131.664758476174939, 33.436317576879979 ], [ 131.66485130559127, 33.436358658705217 ], [ 131.664948471373833, 33.43639195400349 ], [ 131.665049047069232, 33.4364171453119 ], [ 131.665152073708697, 33.436433992437465 ], [ 131.665256568952344, 33.436442334747333 ], [ 131.665361536456544, 33.436442092700624 ], [ 131.665465975374531, 33.436433268606748 ], [ 131.666104381647074, 33.436352767476862 ], [ 131.666209106832866, 33.436335060763774 ], [ 131.66631121854752, 33.436308726265651 ], [ 131.666409708260744, 33.436274024083552 ], [ 131.666503603219383, 33.436231296963712 ], [ 131.666591976055543, 33.436180966911877 ], [ 131.666673953946429, 33.436123531024968 ], [ 131.667269623250519, 33.435662156522149 ], [ 131.667739162124519, 33.435509224553257 ], [ 131.667770251506596, 33.435498627246247 ], [ 131.668210154731497, 33.435341925601698 ], [ 131.668308790498344, 33.43530169141512 ], [ 131.668402022422356, 33.435253239128784 ], [ 131.668488879765789, 33.435197073238193 ], [ 131.668568458169403, 33.435133778553052 ], [ 131.669244357069573, 33.434538374381205 ], [ 131.669304642410708, 33.434480518795311 ], [ 131.669358832145662, 33.434418568860046 ], [ 131.670037235552996, 33.43356934695737 ], [ 131.670424964928856, 33.433312522692546 ], [ 131.670508838844114, 33.433250773835319 ], [ 131.67058462362354, 33.433182065563017 ], [ 131.670922522316516, 33.432841863386457 ], [ 131.670960363086238, 33.432801477846553 ], [ 131.671110648795292, 33.432631319977261 ], [ 131.671153981845094, 33.43265609025034 ], [ 131.671245814952812, 33.43270311872358 ], [ 131.671342795842435, 33.432742213300827 ], [ 131.671443952644353, 33.432772982204831 ], [ 131.671548271637562, 33.432795117092269 ], [ 131.671654707409203, 33.432808396143912 ], [ 131.671762193332, 33.432812686287711 ], [ 131.671869652254202, 33.432807944532378 ], [ 131.671976007294973, 33.432794218398215 ], [ 131.672080192637338, 33.432771645440823 ], [ 131.672181164209803, 33.432740451872327 ], [ 131.672277910150314, 33.432700950294276 ], [ 131.672369460947039, 33.432653536564587 ], [ 131.672454899154587, 33.432598685830222 ], [ 131.672533368588262, 33.432536947765129 ], [ 131.672604082904371, 33.432468941061479 ], [ 131.672666333479867, 33.432395347229161 ], [ 131.672719496513508, 33.432316903765788 ], [ 131.672763039276333, 33.43223439676575 ], [ 131.672796525449314, 33.432148653042347 ], [ 131.672819619495073, 33.432060531841813 ], [ 131.672832090018716, 33.431970916232608 ], [ 131.672833812085827, 33.431880704255988 ], [ 131.672808603811717, 33.43126055174293 ], [ 131.672865787222833, 33.431126636362833 ], [ 131.67295192481393, 33.431042183597846 ], [ 131.67301598416978, 33.430972806221931 ], [ 131.673071694516722, 33.430898535002314 ], [ 131.673118527916756, 33.430820073799296 ], [ 131.673156040561452, 33.430738166179125 ], [ 131.673183876976935, 33.430653588366965 ], [ 131.673201773391838, 33.430567141890506 ], [ 131.67320956023579, 33.430479645984015 ], [ 131.673207163745502, 33.430391929824431 ], [ 131.673194606662435, 33.430304824673499 ], [ 131.673172008016167, 33.430219156000177 ], [ 131.673139581995486, 33.430135735658112 ], [ 131.673097635917173, 33.430055354192007 ], [ 131.673046567313207, 33.429978773346392 ], [ 131.672986860162268, 33.429906718846901 ], [ 131.672919080302904, 33.429839873523406 ], [ 131.672843870070835, 33.429778870839307 ], [ 131.672761942211594, 33.42972428888902 ], [ 131.671587147835794, 33.429016994524446 ], [ 131.671497264036532, 33.428968372187377 ], [ 131.671402061970753, 33.428927481128376 ], [ 131.671302484378828, 33.42889472627084 ], [ 131.671199517326158, 33.428870431969472 ], [ 131.671094180439553, 33.428854838798721 ], [ 131.670987516811124, 33.428848101170523 ], [ 131.670880582670122, 33.428850285805417 ], [ 131.67077443692466, 33.428861371071818 ], [ 131.670670130676967, 33.428881247200152 ], [ 131.670568696815764, 33.428909717369635 ], [ 131.670471139788958, 33.428946499657137 ], [ 131.670378425657873, 33.428991229828512 ], [ 131.670291472531545, 33.42904346494516 ], [ 131.670211141475136, 33.429102687749754 ], [ 131.669760541278009, 33.429469785049235 ], [ 131.66969230860002, 33.429530782529213 ], [ 131.669631112433734, 33.42959682028696 ], [ 131.669577479669272, 33.429667329766019 ], [ 131.669531872082473, 33.429741703908832 ], [ 131.669357402999907, 33.430061936772972 ], [ 131.669171155633308, 33.430286448935782 ], [ 131.669103297377546, 33.430379873095312 ], [ 131.668961802857211, 33.430604290543535 ], [ 131.668813791687455, 33.430800692631522 ], [ 131.668447689880139, 33.431165727006295 ], [ 131.668385704352062, 33.431233861110719 ], [ 131.668331716331721, 33.431306623148423 ], [ 131.668286213884727, 33.431383355360857 ], [ 131.66824960837161, 33.431463364097681 ], [ 131.668222230728475, 33.431545926087111 ], [ 131.668204328474445, 33.431630294973957 ], [ 131.668196063473204, 33.431715708066562 ], [ 131.668193070653473, 33.431790812942239 ], [ 131.667943294632039, 33.431963305063107 ], [ 131.667853842261565, 33.432032570486548 ], [ 131.667774306262089, 33.432109873647661 ], [ 131.666475884773291, 33.433526745501069 ], [ 131.66620495210762, 33.433777235515365 ], [ 131.665399508600473, 33.434346937730098 ], [ 131.664652627482155, 33.434826356398403 ], [ 131.664572496810734, 33.434883202559334 ], [ 131.664499360541413, 33.434946330024481 ], [ 131.664433915996796, 33.435015136915979 ], [ 131.664376787168493, 33.435088967204635 ], [ 131.664328518767206, 33.4351671169645 ] ] ], [ [ [ 131.679459452549622, 33.438521728351425 ], [ 131.679504345059001, 33.438597858428302 ], [ 131.679557585154953, 33.438670107951907 ], [ 131.67961870013977, 33.438737835421527 ], [ 131.679687147391178, 33.43880043948645 ], [ 131.679762319179787, 33.438857364285496 ], [ 131.679843548065179, 33.43890810438289 ], [ 131.680044347144417, 33.439021605281333 ], [ 131.680056933460065, 33.439059006452176 ], [ 131.680023628384419, 33.439219801125887 ], [ 131.680010268724345, 33.439312675975572 ], [ 131.680008463620482, 33.439406211529118 ], [ 131.680018232556762, 33.43949940011008 ], [ 131.680039470326875, 33.439591237776774 ], [ 131.680071948166216, 33.439680735138261 ], [ 131.680115316214881, 33.439766928013448 ], [ 131.680185115264351, 33.43988772860309 ], [ 131.680235254336282, 33.439964713384228 ], [ 131.680294082001097, 33.440037247479104 ], [ 131.680361041094386, 33.440104643883799 ], [ 131.68043549743075, 33.440166264254515 ], [ 131.680516745810365, 33.440221524954147 ], [ 131.680604016697998, 33.440269902580354 ], [ 131.680696483511952, 33.440310938923439 ], [ 131.681061286371943, 33.440454240117631 ], [ 131.681161852144811, 33.440488663021753 ], [ 131.681266048035724, 33.440514401889139 ], [ 131.681372810211002, 33.440531193928607 ], [ 131.681481048633259, 33.440538867695757 ], [ 131.68158965819174, 33.440537344843371 ], [ 131.681697529986451, 33.440526640921426 ], [ 131.681803562651083, 33.440506865218211 ], [ 131.681906673598746, 33.440478219644348 ], [ 131.682005810076362, 33.440440996671015 ], [ 131.682099959913586, 33.440395576343548 ], [ 131.682109553868514, 33.440390390119198 ], [ 131.682126502809581, 33.440403982019127 ], [ 131.682195233406958, 33.44045066269446 ], [ 131.682790736051999, 33.44082216563239 ], [ 131.682855552959921, 33.440859590656494 ], [ 131.683434856356484, 33.441168493171901 ], [ 131.683526945542468, 33.441212410552446 ], [ 131.683623743843839, 33.4412485152885 ], [ 131.683724311115924, 33.441276456715876 ], [ 131.683827670605211, 33.441295963455921 ], [ 131.683932818436773, 33.441306846051617 ], [ 131.684038733365213, 33.441308998807592 ], [ 131.684144386694442, 33.441302400816888 ], [ 131.684444789688342, 33.441271100347933 ], [ 131.684546354823823, 33.441256342675182 ], [ 131.684645767136573, 33.441233497755029 ], [ 131.684742112635234, 33.441202775624305 ], [ 131.684834505527419, 33.441164458742215 ], [ 131.684922096364005, 33.441118899393253 ], [ 131.685004079849705, 33.441066516447968 ], [ 131.685079702246696, 33.441007791511574 ], [ 131.6851482683048, 33.440943264495765 ], [ 131.685209147653325, 33.440873528654514 ], [ 131.685261780596278, 33.440799225129432 ], [ 131.685305683257667, 33.440721037054814 ], [ 131.685340452029607, 33.440639683276864 ], [ 131.68536576728215, 33.44055591174444 ], [ 131.68538139630104, 33.440470492632478 ], [ 131.685387195426273, 33.440384211260948 ], [ 131.685383111371721, 33.4402978608749 ], [ 131.685369181714066, 33.440212235351488 ], [ 131.685345534546201, 33.440128121901552 ], [ 131.685312387298552, 33.440046293832225 ], [ 131.685270044739184, 33.439967503437757 ], [ 131.685218896171051, 33.439892475083404 ], [ 131.68507939517923, 33.439708876148707 ], [ 131.685026341671943, 33.43964527167887 ], [ 131.684966957841368, 33.439585729789677 ], [ 131.684901684069217, 33.43953069202361 ], [ 131.684461884933881, 33.439190494555625 ], [ 131.68445840629542, 33.439187815547406 ], [ 131.684120884527829, 33.438929022138694 ], [ 131.683957490343033, 33.438759734520772 ], [ 131.683587212618278, 33.437863250807993 ], [ 131.683471686692968, 33.437569647257149 ], [ 131.683432811615688, 33.437485320881883 ], [ 131.683202107946897, 33.437051022884042 ], [ 131.683152860353374, 33.436969664489695 ], [ 131.683094054600843, 33.436892897271115 ], [ 131.683026293304209, 33.436821507874299 ], [ 131.682950270842269, 33.436756227836284 ], [ 131.682866766241602, 33.436697726089413 ], [ 131.682776635194074, 33.436646602107153 ], [ 131.682680801288313, 33.43660337976165 ], [ 131.682580246546024, 33.436568501955968 ], [ 131.68247600135993, 33.43654232608592 ], [ 131.682369133935822, 33.436525120378107 ], [ 131.681850764412047, 33.436464279070897 ], [ 131.681662458673969, 33.43631213082849 ], [ 131.681584736014656, 33.436255108565675 ], [ 131.6815008454939, 33.436204602761478 ], [ 131.681411561434032, 33.436161079587791 ], [ 131.681317707936245, 33.436124940766021 ], [ 131.681220151274601, 33.436096519859511 ], [ 131.681119791900699, 33.436076079194905 ], [ 131.681017556133128, 33.436063807441094 ], [ 131.680914387608425, 33.436059817867807 ], [ 131.680811238572005, 33.436064147300335 ], [ 131.680709061089686, 33.436076755779425 ], [ 131.680608798261062, 33.436097526930141 ], [ 131.680511375515408, 33.436126269035825 ], [ 131.680417692070478, 33.436162716807445 ], [ 131.680328612633559, 33.436206533831914 ], [ 131.680244959420349, 33.436257315676983 ], [ 131.680167504566384, 33.436314593623784 ], [ 131.68009696300004, 33.436377838992826 ], [ 131.679512260933279, 33.436955335247127 ], [ 131.679449577972548, 33.437023608533416 ], [ 131.679394956872187, 33.43709658796795 ], [ 131.679348896789833, 33.437173606653758 ], [ 131.679311818654554, 33.437253960780609 ], [ 131.679284061319692, 33.437336916056267 ], [ 131.679265878465543, 33.437421714416487 ], [ 131.679257436280096, 33.437507580952158 ], [ 131.679258811939405, 33.437593730990621 ], [ 131.679269992901311, 33.437679377266122 ], [ 131.679358869266252, 33.438150588686042 ], [ 131.679378455158911, 33.438276950349497 ], [ 131.679396226936802, 33.438360558807268 ], [ 131.679423306203262, 33.438442393675679 ], [ 131.679459452549622, 33.438521728351425 ] ] ], [ [ [ 131.594678826351782, 33.446400279065038 ], [ 131.594693115059698, 33.446457034065766 ], [ 131.594712048028043, 33.44652067824137 ], [ 131.59472274770178, 33.446551778345778 ], [ 131.594759699718708, 33.446641241631809 ], [ 131.594807642082912, 33.446726962006352 ], [ 131.594866045857771, 33.446807993682654 ], [ 131.594922874592498, 33.446870843523115 ], [ 131.594930761209866, 33.446890609909268 ], [ 131.594966073875895, 33.446967297293178 ], [ 131.595009574086021, 33.447040968676291 ], [ 131.595025673919707, 33.44706536880588 ], [ 131.595079484619475, 33.447138465651314 ], [ 131.595141351285775, 33.447206936461761 ], [ 131.595210712055319, 33.447270159377396 ], [ 131.595211900037214, 33.447271053982334 ], [ 131.595243493451363, 33.447323139197131 ], [ 131.595299575126205, 33.447396892768971 ], [ 131.595363920189186, 33.447465742273515 ], [ 131.59543592273883, 33.447529039374913 ], [ 131.595514904760762, 33.447586188021646 ], [ 131.595600122512508, 33.447636650059643 ], [ 131.595690773526883, 33.447679950300362 ], [ 131.595786004169156, 33.447715680995827 ], [ 131.595847404697793, 33.447735781163139 ], [ 131.595945301031719, 33.447763364546034 ], [ 131.596045902754412, 33.447782946614254 ], [ 131.596148281597237, 33.447794346682031 ], [ 131.596251492892662, 33.447797459560363 ], [ 131.596354584291532, 33.447792256527542 ], [ 131.596456604551406, 33.447778785594309 ], [ 131.596556612314657, 33.44775717106063 ], [ 131.596653684795371, 33.447727612368638 ], [ 131.596746926294571, 33.447690382262145 ], [ 131.596835476465543, 33.447645824269777 ], [ 131.596870906081847, 33.447623862688587 ], [ 131.596947629929502, 33.447593377800061 ], [ 131.597035927935679, 33.447549178772874 ], [ 131.59717192850232, 33.447473478096292 ], [ 131.597260076320623, 33.447424395568859 ], [ 131.597348604250385, 33.447369420667194 ], [ 131.597429956395615, 33.447307139754059 ], [ 131.59750327857347, 33.447238206781769 ], [ 131.597556578334405, 33.447182606434716 ], [ 131.597615343667258, 33.447115122270702 ], [ 131.597666402101595, 33.447043366237629 ], [ 131.597709314895326, 33.446967954959526 ], [ 131.597743713307466, 33.446889536469378 ], [ 131.59776930176622, 33.446808784640254 ], [ 131.597785860408322, 33.446726393394272 ], [ 131.597793246967314, 33.446643070739469 ], [ 131.597791397995337, 33.44655953268564 ], [ 131.597780696313748, 33.446421532858771 ], [ 131.597769041969968, 33.446335441969524 ], [ 131.597747580964182, 33.446250686947558 ], [ 131.597716511639419, 33.446168050990394 ], [ 131.597676121124209, 33.446088297711746 ], [ 131.597626782678276, 33.446012164085481 ], [ 131.597595880005997, 33.445973790975053 ], [ 131.597598172382106, 33.445951372751026 ], [ 131.597598047839341, 33.445940066023816 ], [ 131.597639298150426, 33.445878700785521 ], [ 131.597680945015355, 33.445800019418826 ], [ 131.597713448566395, 33.445718366309997 ], [ 131.597736512365572, 33.445634486216385 ], [ 131.597749926076602, 33.445549144205373 ], [ 131.597753567382597, 33.445463118676109 ], [ 131.597747403100527, 33.445377194259812 ], [ 131.597731489482868, 33.445292154663107 ], [ 131.597705971703505, 33.445208775520129 ], [ 131.597671082532543, 33.445127817318109 ], [ 131.597627140212467, 33.44505001846138 ], [ 131.597581839704731, 33.444978818830805 ], [ 131.597531029345163, 33.444907151946488 ], [ 131.597472537543638, 33.444839727395816 ], [ 131.59740686474629, 33.444777122033614 ], [ 131.597342864767057, 33.444721522430079 ], [ 131.597278377542921, 33.444669958376643 ], [ 131.597209018005259, 33.444623048678949 ], [ 131.597135262685867, 33.444581115624011 ], [ 131.59701526341243, 33.444518816134284 ], [ 131.596943411022949, 33.444484642312077 ], [ 131.596868640925436, 33.444455194291258 ], [ 131.596761941809802, 33.444417294607916 ], [ 131.596674028080372, 33.44438979560497 ], [ 131.59658358912219, 33.44436882751112 ], [ 131.596491313802233, 33.444354550039563 ], [ 131.596320615547057, 33.444334550159468 ], [ 131.596233423972564, 33.444327356027628 ], [ 131.596145823182241, 33.444326137367909 ], [ 131.595820867410822, 33.444332720835803 ], [ 131.595631911394491, 33.444334855833716 ], [ 131.595515794990774, 33.444341448966405 ], [ 131.595401208940444, 33.444358525391259 ], [ 131.595219910619221, 33.444394124953625 ], [ 131.595121402539604, 33.444417669285222 ], [ 131.59502601419527, 33.444448965815141 ], [ 131.594934611431711, 33.444487730465511 ], [ 131.594848023920548, 33.44453361136965 ], [ 131.594767037628884, 33.444586192065685 ], [ 131.594692387685342, 33.444644995276441 ], [ 131.594624751707357, 33.44470948724144 ], [ 131.594563351424085, 33.444773986840886 ], [ 131.594506263401342, 33.444839851466206 ], [ 131.594456497797609, 33.444909766004791 ], [ 131.594414460683112, 33.444983160004611 ], [ 131.594380495071675, 33.44505943462211 ], [ 131.59435487812172, 33.445137967508195 ], [ 131.594337818873896, 33.445218117886093 ], [ 131.594319217431973, 33.445336117796323 ], [ 131.594310295756486, 33.445431352224134 ], [ 131.59431344730956, 33.445526843351153 ], [ 131.594328636729387, 33.445621518527048 ], [ 131.594355693431424, 33.445714314263746 ], [ 131.594387692510708, 33.445803314572473 ], [ 131.594426953740054, 33.445894461169239 ], [ 131.594477660941521, 33.445981547302125 ], [ 131.594539227976952, 33.44606356626403 ], [ 131.594551768664559, 33.4460768568809 ], [ 131.594563114306567, 33.446139586574574 ], [ 131.59458850291972, 33.446223971297933 ], [ 131.594623481079537, 33.446305910001101 ], [ 131.594667722712074, 33.446384638773125 ], [ 131.594678826351782, 33.446400279065038 ] ] ], [ [ [ 131.592287209596606, 33.503331452135313 ], [ 131.592263551391795, 33.503415777122591 ], [ 131.592249664888953, 33.503501615301246 ], [ 131.592245678379868, 33.503588173828291 ], [ 131.592251628715587, 33.503674653204882 ], [ 131.592267460965019, 33.503760254660918 ], [ 131.592293028921262, 33.503844187532941 ], [ 131.592328096450871, 33.503925676567363 ], [ 131.592372339674085, 33.504003969081296 ], [ 131.59242534995559, 33.504078341915069 ], [ 131.592486637678149, 33.504148108112098 ], [ 131.59255563676453, 33.504212623264351 ], [ 131.592631709905788, 33.504271291464875 ], [ 131.592714154447776, 33.504323570812424 ], [ 131.59290265543379, 33.504431571684918 ], [ 131.592989565810171, 33.50447645008348 ], [ 131.593081162687412, 33.50451422502627 ], [ 131.593176621240161, 33.504544556350957 ], [ 131.593275081865869, 33.504567170924879 ], [ 131.593375657926259, 33.504581865104655 ], [ 131.593477443731899, 33.504588506570222 ], [ 131.593579522699002, 33.504587035516366 ], [ 131.593680975603888, 33.504577465191375 ], [ 131.593780888861374, 33.504559881777517 ], [ 131.593878362752463, 33.504534443614993 ], [ 131.593972519526886, 33.504501379775832 ], [ 131.594062511307925, 33.504460988000886 ], [ 131.594147527727898, 33.504413632018483 ], [ 131.594226803225979, 33.504359738268612 ], [ 131.594299623942106, 33.504299792062668 ], [ 131.594595123335267, 33.504032290217182 ], [ 131.59466624984438, 33.503960831934592 ], [ 131.594728203853521, 33.503883611501891 ], [ 131.594780325183478, 33.503801451809707 ], [ 131.594822058440627, 33.503715228380649 ], [ 131.595100651190137, 33.503041726453041 ], [ 131.595131265026936, 33.502953377885042 ], [ 131.595149831176798, 33.502868103630618 ], [ 131.595165806945516, 33.502853080013772 ], [ 131.595227069027459, 33.502782867779224 ], [ 131.595279968325116, 33.502708035850915 ], [ 131.595324012321186, 33.502629280981893 ], [ 131.595450609723798, 33.502371180094357 ], [ 131.595470205266736, 33.502328131328781 ], [ 131.595546203332191, 33.502147430802019 ], [ 131.595573663015244, 33.502071676720682 ], [ 131.595593081795926, 33.501994196113309 ], [ 131.595604309869145, 33.501915586787128 ], [ 131.595607260626593, 33.501836455256452 ], [ 131.595605959565404, 33.501750655318581 ], [ 131.595599309906504, 33.501661399054633 ], [ 131.595582135061534, 33.50157313421807 ], [ 131.595554604144581, 33.501486729757659 ], [ 131.595516988220908, 33.501403036304673 ], [ 131.595469657637011, 33.501322877798962 ], [ 131.595413078373952, 33.501247043377688 ], [ 131.595347807458921, 33.501176279606945 ], [ 131.595274487481021, 33.501111283132339 ], [ 131.595193840264756, 33.50105269382118 ], [ 131.595106659763786, 33.501001088463596 ], [ 131.5950138042449, 33.500956975094702 ], [ 131.594916187838777, 33.500920787993422 ], [ 131.594814771541593, 33.500892883407595 ], [ 131.594710553754624, 33.500873536047088 ], [ 131.593799462988954, 33.500743736924463 ], [ 131.593693345134852, 33.500733129225971 ], [ 131.59358649464977, 33.500731394371769 ], [ 131.593479965891987, 33.500738549482264 ], [ 131.593374810045702, 33.50075452395518 ], [ 131.593272064749357, 33.500779160162054 ], [ 131.593172743857536, 33.500812215003499 ], [ 131.593077827437355, 33.500853362307765 ], [ 131.592988252098223, 33.500902196048862 ], [ 131.592904901749904, 33.500958234352844 ], [ 131.592828598880914, 33.501020924252323 ], [ 131.592760096442305, 33.50108964714255 ], [ 131.592700070417663, 33.501163724885274 ], [ 131.592649113152163, 33.501242426499957 ], [ 131.59260772750693, 33.501324975376662 ], [ 131.59257632189599, 33.501410556939049 ], [ 131.592492518692069, 33.501687156390553 ], [ 131.592471684080095, 33.501773368354591 ], [ 131.592460979416416, 33.501860871178401 ], [ 131.592460506684091, 33.501948831477286 ], [ 131.592470270416442, 33.502036411506978 ], [ 131.592490177652849, 33.502122777142468 ], [ 131.592520038822869, 33.50220710582245 ], [ 131.592539475961956, 33.502247173523536 ], [ 131.592510826549159, 33.502429687759061 ], [ 131.592502298920721, 33.502515728944267 ], [ 131.592503636999623, 33.502602058940056 ], [ 131.592514828537276, 33.502687885607614 ], [ 131.592535770871905, 33.502772421424282 ], [ 131.592541656567818, 33.502788335315763 ], [ 131.592541630959715, 33.502788446497718 ], [ 131.592425325659491, 33.503067753250171 ], [ 131.592362878691461, 33.503170436018465 ], [ 131.59232042095698, 33.503249419203485 ], [ 131.592287209596606, 33.503331452135313 ] ] ] ] } }
]
}
